{
  "materials": [
    {
      "item": {
        "type": "forge:partial_nbt",
        "item": "tacz:ammo",
        "nbt": {
          "AmmoId": "trisdyna:emx_b2"
        }
      },
      "count": 4
    },
    {
      "item": {
        "item": "minecraft:redstone_block"
      },
      "count": 10
    },
    {
      "item": {
        "item": "minecraft:iron_ingot"
      },
      "count": 75
    },
    {
      "item": {
        "item": "minecraft:gold_ingot"
      },
      "count": 20
    },
    {
      "item": {
        "item": "minecraft:glass"
      },
      "count": 24
    }
  ],
  "result": {
    "type": "gun",
    "id": "trisdyna:ch104",
    "ammo_count": 150
  },
  "type": "tacz:gun_smith_table_crafting"
}