{
  "materials": [
    {
      "item": {
        "type": "forge:partial_nbt",
        "item": "tacz:ammo",
        "nbt": {
          "AmmoId": "trisdyna:emx_b1"
        }
      },
      "count": 4
    },
    {
      "item": {
        "type": "forge:partial_nbt",
        "item": "tacz:modern_kinetic_gun",
        "nbt": {
          "GunId": "trisdyna:fl00"
        }
      },
      "count": 1
    },
    {
      "item": {
        "item": "minecraft:redstone_block"
      },
      "count": 5
    },
    {
      "item": {
        "item": "minecraft:iron_ingot"
      },
      "count": 30
    },
    {
      "item": {
        "item": "minecraft:gold_ingot"
      },
      "count": 10
    },
    {
      "item": {
        "item": "minecraft:glass"
      },
      "count": 16
    }
  ],
  "result": {
    "type": "gun",
    "id": "trisdyna:cms92",
    "ammo_count": 120
  },
  "type": "tacz:gun_smith_table_crafting"
}