{
  "materials": [
    {
      "item": {
        "type": "forge:partial_nbt",
        "item": "tacz:ammo",
        "nbt": {
          "AmmoId": "trisdyna:tris_core"
        }
      },
      "count": 4
    },
    {
      "item": {
        "type": "forge:partial_nbt",
        "item": "tacz:modern_kinetic_gun",
        "nbt": {
          "GunId": "trisdyna:emx_cf007"
        }
      },
      "count": 1
    },
    {
      "item": {
        "item": "minecraft:redstone_block"
      },
      "count": 40
    },
    {
      "item": {
        "item": "minecraft:iron_ingot"
      },
      "count": 50
    },
    {
      "item": {
        "item": "minecraft:gold_ingot"
      },
      "count": 20
    },
    {
      "item": {
        "item": "minecraft:glass"
      },
      "count": 30
    }
  ],
  "result": {
    "type": "gun",
    "id": "trisdyna:emx_cf107",
    "ammo_count": 400
  },
  "type": "tacz:gun_smith_table_crafting"
}