{
  "materials": [
    {
      "item": {
        "type": "forge:partial_nbt",
        "item": "tacz:ammo",
        "nbt": {
          "AmmoId": "trisdyna:emx_b3"
        }
      },
      "count": 4
    },
    {
      "item": {
        "item": "minecraft:redstone_block"
      },
      "count": 8
    },
    {
      "item": {
        "item": "minecraft:iron_ingot"
      },
      "count": 120
    },
    {
      "item": {
        "item": "minecraft:gold_ingot"
      },
      "count": 30
    },
    {
      "item": {
        "item": "minecraft:glass"
      },
      "count": 80
    }
  ],
  "result": {
    "type": "gun",
    "id": "trisdyna:iras",
    "ammo_count": 200
  },
  "type": "tacz:gun_smith_table_crafting"
}