{
  "materials": [
    {
      "item": {
        "type": "forge:partial_nbt",
        "item": "tacz:ammo",
        "nbt": {
          "AmmoId": "trisdyna:emx_b3"
        }
      },
      "count": 8
    },
    {
      "item": {
        "item": "minecraft:redstone_block"
      },
      "count": 20
    },
    {
      "item": {
        "item": "minecraft:iron_ingot"
      },
      "count": 290
    },
    {
      "item": {
        "item": "minecraft:netherite_scrap"
      },
      "count": 12
    },
    {
      "item": {
        "item": "minecraft:gold_ingot"
      },
      "count": 60
    },
    {
      "item": {
        "item": "minecraft:glass"
      },
      "count": 180
    }
  ],
  "result": {
    "type": "gun",
    "id": "trisdyna:r117_weedy",
    "ammo_count": 80
  },
  "type": "tacz:gun_smith_table_crafting"
}