{
	"format_version": "1.12.0",
	"minecraft:geometry": [
		{
			"description": {
				"identifier": "geometry.unknown",
				"texture_width": 1024,
				"texture_height": 1024,
				"visible_bounds_width": 4,
				"visible_bounds_height": 4,
				"visible_bounds_offset": [0, 1, 0]
			},
			"bones": [
				{
					"name": "bb_main",
					"pivot": [16, 0, 0],
					"cubes": [
						{
							"origin": [-8, 0, -8],
							"size": [3, 13, 3],
							"uv": {
								"north": {"uv": [7, 32], "uv_size": [3, 13]},
								"east": {"uv": [35, 67], "uv_size": [3, 13]},
								"south": {"uv": [66, 68], "uv_size": [3, 13]},
								"west": {"uv": [69, 68], "uv_size": [3, 13]},
								"up": {"uv": [5, 16], "uv_size": [3, 3]},
								"down": {"uv": [8, 19], "uv_size": [3, -3]}
							}
						},
						{
							"origin": [-8, 7, -5],
							"size": [3, 2, 10],
							"uv": {
								"north": {"uv": [11, 17], "uv_size": [3, 2]},
								"east": {"uv": [80, 3], "uv_size": [10, 2]},
								"south": {"uv": [5, 23], "uv_size": [3, 2]},
								"west": {"uv": [80, 14], "uv_size": [10, 2]},
								"up": {"uv": [76, 57], "uv_size": [3, 10]},
								"down": {"uv": [77, 33], "uv_size": [3, -10]}
							}
						},
						{
							"origin": [-5, 7, -5],
							"size": [9, 1, 10],
							"uv": {
								"north": {"uv": [65, 46], "uv_size": [9, 1]},
								"east": {"uv": [44, 61], "uv_size": [10, 1]},
								"south": {"uv": [65, 52], "uv_size": [9, 1]},
								"west": {"uv": [63, 57], "uv_size": [10, 1]},
								"up": {"uv": [40, 87], "uv_size": [9, 10]},
								"down": {"uv": [49, 97], "uv_size": [9, -10]}
							}
						},
						{
							"origin": [-4, 8, -4],
							"size": [6, 4, 9],
							"uv": {
								"north": {"uv": [87, 71], "uv_size": [6, 4]},
								"east": {"uv": [58, 87], "uv_size": [9, 4]},
								"south": {"uv": [90, 24], "uv_size": [6, 4]},
								"west": {"uv": [67, 87], "uv_size": [9, 4]},
								"up": {"uv": [96, 9], "uv_size": [6, 9]},
								"down": {"uv": [96, 33], "uv_size": [6, -9]}
							}
						},
						{
							"origin": [3, 8, -5],
							"size": [1, 5, 1],
							"uv": {
								"north": {"uv": [46, 19], "uv_size": [1, 5]},
								"east": {"uv": [47, 19], "uv_size": [1, 5]},
								"south": {"uv": [54, 19], "uv_size": [1, 5]},
								"west": {"uv": [65, 47], "uv_size": [1, 5]},
								"up": {"uv": [11, 29], "uv_size": [1, 1]},
								"down": {"uv": [13, 33], "uv_size": [1, -1]}
							}
						},
						{
							"origin": [3, 8, 4],
							"size": [1, 5, 1],
							"uv": {
								"north": {"uv": [13, 27], "uv_size": [1, 5]},
								"east": {"uv": [12, 29], "uv_size": [1, 5]},
								"south": {"uv": [44, 35], "uv_size": [1, 5]},
								"west": {"uv": [45, 35], "uv_size": [1, 5]},
								"up": {"uv": [9, 29], "uv_size": [1, 1]},
								"down": {"uv": [10, 30], "uv_size": [1, -1]}
							}
						},
						{
							"origin": [21, 7, -5],
							"size": [3, 2, 10],
							"uv": {
								"north": {"uv": [7, 45], "uv_size": [3, 2]},
								"east": {"uv": [80, 26], "uv_size": [10, 2]},
								"south": {"uv": [46, 24], "uv_size": [3, 2]},
								"west": {"uv": [80, 28], "uv_size": [10, 2]},
								"up": {"uv": [78, 33], "uv_size": [3, 10]},
								"down": {"uv": [78, 53], "uv_size": [3, -10]}
							}
						},
						{
							"origin": [-8, 0, 5],
							"size": [3, 13, 3],
							"uv": {
								"north": {"uv": [71, 23], "uv_size": [3, 13]},
								"east": {"uv": [0, 72], "uv_size": [3, 13]},
								"south": {"uv": [3, 72], "uv_size": [3, 13]},
								"west": {"uv": [72, 68], "uv_size": [3, 13]},
								"up": {"uv": [9, 26], "uv_size": [3, 3]},
								"down": {"uv": [0, 30], "uv_size": [3, -3]}
							}
						},
						{
							"origin": [-5, 0, 5],
							"size": [26, 3, 3],
							"uv": {
								"north": {"uv": [16, 5], "uv_size": [26, 3]},
								"east": {"uv": [71, 39], "uv_size": [3, 3]},
								"south": {"uv": [16, 8], "uv_size": [26, 3]},
								"west": {"uv": [46, 73], "uv_size": [3, 3]},
								"up": {"uv": [42, 5], "uv_size": [26, 3]},
								"down": {"uv": [42, 11], "uv_size": [26, -3]}
							}
						},
						{
							"origin": [-8, 0, -5],
							"size": [3, 3, 10],
							"uv": {
								"north": {"uv": [0, 19], "uv_size": [3, 3]},
								"east": {"uv": [44, 58], "uv_size": [10, 3]},
								"south": {"uv": [0, 23], "uv_size": [3, 3]},
								"west": {"uv": [61, 23], "uv_size": [10, 3]},
								"up": {"uv": [54, 52], "uv_size": [3, 10]},
								"down": {"uv": [7, 67], "uv_size": [3, -10]}
							}
						},
						{
							"origin": [-8, 13, -8],
							"size": [32, 1, 16],
							"uv": {
								"north": {"uv": [61, 20], "uv_size": [32, 1]},
								"east": {"uv": [44, 64], "uv_size": [16, 1]},
								"south": {"uv": [61, 22], "uv_size": [32, 1]},
								"west": {"uv": [63, 56], "uv_size": [16, 1]},
								"up": {"uv": [14, 19], "uv_size": [32, 16]},
								"down": {"uv": [12, 51], "uv_size": [32, -16]}
							}
						},
						{
							"origin": [-8, 14, -8],
							"size": [7, 1, 16],
							"uv": {
								"north": {"uv": [61, 19], "uv_size": [7, 1]},
								"east": {"uv": [44, 63], "uv_size": [16, 1]},
								"south": {"uv": [86, 21], "uv_size": [7, 1]},
								"west": {"uv": [63, 55], "uv_size": [16, 1]},
								"up": {"uv": [14, 19], "uv_size": [7, 16]},
								"down": {"uv": [12, 51], "uv_size": [7, -16]}
							}
						},
						{
							"origin": [-8, 15, -8],
							"size": [7, 3, 4],
							"uv": {
								"north": {"uv": [102, 58], "uv_size": [7, 3]},
								"east": {"uv": [109, 77], "uv_size": [4, 3]},
								"south": {"uv": [103, 0], "uv_size": [7, 3]},
								"west": {"uv": [102, 55], "uv_size": [4, 3]},
								"up": {"uv": [102, 32], "uv_size": [7, 4]},
								"down": {"uv": [38, 116], "uv_size": [7, -4]}
							}
						},
						{
							"origin": [-8, 15, 0],
							"size": [7, 3, 8],
							"uv": {
								"north": {"uv": [17, 2], "uv_size": [7, 3]},
								"east": {"uv": [2, 8], "uv_size": [8, 3]},
								"south": {"uv": [24, 0], "uv_size": [7, 3]},
								"west": {"uv": [14, 15], "uv_size": [8, 3]},
								"up": {"uv": [23, 11], "uv_size": [7, 8]},
								"down": {"uv": [30, 19], "uv_size": [7, -8]}
							}
						},
						{
							"origin": [-8, 20, 0],
							"size": [7, 3, 8],
							"uv": {
								"north": {"uv": [37, 63], "uv_size": [7, 3]},
								"east": {"uv": [63, 58], "uv_size": [8, 3]},
								"south": {"uv": [78, 74], "uv_size": [7, 3]},
								"west": {"uv": [78, 71], "uv_size": [8, 3]},
								"up": {"uv": [55, 78], "uv_size": [7, 8]},
								"down": {"uv": [83, 46], "uv_size": [7, -8]}
							}
						},
						{
							"origin": [-7, 16, 1],
							"size": [5, 8, 3],
							"uv": {
								"north": {"uv": [26, 108], "uv_size": [5, 3]},
								"east": {"uv": [9, 99], "uv_size": [3, 3]},
								"south": {"uv": [49, 108], "uv_size": [5, 3]},
								"west": {"uv": [49, 104], "uv_size": [3, 3]},
								"up": {"uv": [0, 109], "uv_size": [5, 3]},
								"down": {"uv": [5, 112], "uv_size": [5, -3]}
							}
						},
						{
							"origin": [-7, 16, 4],
							"size": [5, 8, 3],
							"uv": {
								"north": {"uv": [97, 33], "uv_size": [5, 3]},
								"east": {"uv": [38, 83], "uv_size": [3, 3]},
								"south": {"uv": [105, 6], "uv_size": [5, 3]},
								"west": {"uv": [0, 99], "uv_size": [3, 3]},
								"up": {"uv": [26, 105], "uv_size": [5, 3]},
								"down": {"uv": [54, 110], "uv_size": [5, -3]}
							}
						},
						{
							"origin": [-8, 21.02118, -11.31584],
							"size": [7, 2, 5.32107],
							"inflate": -0.001,
							"pivot": [0, 23, -6],
							"rotation": [75, 0, 0],
							"uv": {
								"north": {"uv": [0, 45], "uv_size": [7, 2]},
								"east": {"uv": [55, 48], "uv_size": [5, 2]},
								"south": {"uv": [41, 55], "uv_size": [7, 2]},
								"west": {"uv": [55, 50], "uv_size": [5, 2]},
								"up": {"uv": [55, 43], "uv_size": [7, 5]},
								"down": {"uv": [0, 62], "uv_size": [7, -5]}
							}
						},
						{
							"origin": [-8, 22.02118, -10.31584],
							"size": [7, 1, 4.32107],
							"inflate": 0.001,
							"pivot": [0, 23, -6],
							"rotation": [75, 0, 0],
							"uv": {
								"north": {"uv": [48, 51], "uv_size": [7, 1]},
								"east": {"uv": [50, 17], "uv_size": [4, 1]},
								"south": {"uv": [41, 57], "uv_size": [7, 1]},
								"west": {"uv": [50, 18], "uv_size": [4, 1]},
								"up": {"uv": [37, 59], "uv_size": [7, 4]},
								"down": {"uv": [0, 66], "uv_size": [7, -4]}
							}
						},
						{
							"origin": [-8, 18, -6],
							"size": [7, 5, 2],
							"uv": {
								"north": {"uv": [12, 105], "uv_size": [7, 5]},
								"east": {"uv": [94, 9], "uv_size": [2, 5]},
								"south": {"uv": [19, 105], "uv_size": [7, 5]},
								"west": {"uv": [76, 105], "uv_size": [2, 5]},
								"up": {"uv": [5, 88], "uv_size": [7, 2]},
								"down": {"uv": [80, 95], "uv_size": [7, -2]}
							}
						},
						{
							"origin": [-8, 15, -4],
							"size": [7, 8, 4],
							"uv": {
								"north": {"uv": [0, 33], "uv_size": [7, 8]},
								"east": {"uv": [37, 51], "uv_size": [4, 8]},
								"south": {"uv": [44, 43], "uv_size": [7, 8]},
								"west": {"uv": [51, 43], "uv_size": [4, 8]},
								"up": {"uv": [0, 41], "uv_size": [7, 4]},
								"down": {"uv": [41, 55], "uv_size": [7, -4]}
							}
						},
						{
							"origin": [21, 0, -5],
							"size": [3, 3, 10],
							"uv": {
								"north": {"uv": [46, 70], "uv_size": [3, 3]},
								"east": {"uv": [65, 43], "uv_size": [10, 3]},
								"south": {"uv": [71, 36], "uv_size": [3, 3]},
								"west": {"uv": [44, 65], "uv_size": [10, 3]},
								"up": {"uv": [75, 36], "uv_size": [3, 10]},
								"down": {"uv": [75, 78], "uv_size": [3, -10]}
							}
						},
						{
							"origin": [20, 0, -7],
							"size": [1, 13, 12],
							"uv": {
								"north": {"uv": [58, 11], "uv_size": [1, 13]},
								"east": {"uv": [25, 111], "uv_size": [12, 13]},
								"south": {"uv": [59, 11], "uv_size": [1, 13]},
								"west": {"uv": [45, 111], "uv_size": [12, 13]},
								"up": {"uv": [61, 48], "uv_size": [1, 12]},
								"down": {"uv": [62, 55], "uv_size": [1, -12]}
							}
						},
						{
							"origin": [5, 0, -7],
							"size": [15, 1, 12],
							"uv": {
								"north": {"uv": [31, 0], "uv_size": [15, 1]},
								"east": {"uv": [0, 30], "uv_size": [12, 1]},
								"south": {"uv": [31, 1], "uv_size": [15, 1]},
								"west": {"uv": [0, 31], "uv_size": [12, 1]},
								"up": {"uv": [103, 108], "uv_size": [15, 12]},
								"down": {"uv": [109, 33], "uv_size": [15, -12]}
							}
						},
						{
							"origin": [5, 8, -7],
							"size": [15, 1, 11],
							"uv": {
								"north": {"uv": [31, 0], "uv_size": [15, 1]},
								"east": {"uv": [0, 30], "uv_size": [12, 1]},
								"south": {"uv": [31, 1], "uv_size": [15, 1]},
								"west": {"uv": [0, 31], "uv_size": [12, 1]},
								"up": {"uv": [103, 108], "uv_size": [15, 12]},
								"down": {"uv": [109, 33], "uv_size": [15, -12]}
							}
						},
						{
							"origin": [5, 1, 4],
							"size": [15, 11, 1],
							"uv": {
								"north": {"uv": [10, 110], "uv_size": [15, 11]},
								"east": {"uv": [57, 52], "uv_size": [1, 11]},
								"south": {"uv": [110, 80], "uv_size": [15, 11]},
								"west": {"uv": [58, 52], "uv_size": [1, 11]},
								"up": {"uv": [24, 3], "uv_size": [15, 1]},
								"down": {"uv": [24, 5], "uv_size": [15, -1]}
							}
						},
						{
							"origin": [-5, 8, 6],
							"size": [26, 4, 1],
							"uv": {
								"north": {"uv": [103, 95], "uv_size": [26, 4]},
								"east": {"uv": [47, 0], "uv_size": [1, 4]},
								"south": {"uv": [103, 99], "uv_size": [26, 4]},
								"west": {"uv": [10, 50], "uv_size": [1, 4]},
								"up": {"uv": [53, 0], "uv_size": [26, 1]},
								"down": {"uv": [53, 2], "uv_size": [26, -1]}
							}
						},
						{
							"origin": [-5, 3, 6],
							"size": [26, 4, 1],
							"uv": {
								"north": {"uv": [103, 95], "uv_size": [26, 4]},
								"east": {"uv": [47, 0], "uv_size": [1, 4]},
								"south": {"uv": [103, 99], "uv_size": [26, 4]},
								"west": {"uv": [10, 50], "uv_size": [1, 4]},
								"up": {"uv": [53, 0], "uv_size": [26, 1]},
								"down": {"uv": [53, 2], "uv_size": [26, -1]}
							}
						},
						{
							"origin": [-7, 3, -5],
							"size": [1, 4, 10],
							"uv": {
								"north": {"uv": [11, 50], "uv_size": [1, 4]},
								"east": {"uv": [110, 5], "uv_size": [10, 4]},
								"south": {"uv": [48, 52], "uv_size": [1, 4]},
								"west": {"uv": [66, 62], "uv_size": [10, 4]},
								"up": {"uv": [81, 38], "uv_size": [1, 10]},
								"down": {"uv": [82, 48], "uv_size": [1, -10]}
							}
						},
						{
							"origin": [22, 3, -5],
							"size": [1, 4, 10],
							"uv": {
								"north": {"uv": [12, 50], "uv_size": [-1, 4]},
								"east": {"uv": [76, 62], "uv_size": [-10, 4]},
								"south": {"uv": [49, 52], "uv_size": [-1, 4]},
								"west": {"uv": [120, 5], "uv_size": [-10, 4]},
								"up": {"uv": [82, 38], "uv_size": [-1, 10]},
								"down": {"uv": [83, 48], "uv_size": [-1, -10]}
							}
						},
						{
							"origin": [5, 12, -7],
							"size": [15, 1, 12],
							"uv": {
								"north": {"uv": [31, 2], "uv_size": [15, 1]},
								"east": {"uv": [37, 15], "uv_size": [12, 1]},
								"south": {"uv": [37, 14], "uv_size": [15, 1]},
								"west": {"uv": [37, 16], "uv_size": [12, 1]},
								"up": {"uv": [109, 49], "uv_size": [15, 12]},
								"down": {"uv": [78, 121], "uv_size": [15, -12]}
							}
						},
						{
							"origin": [4, 0, -7],
							"size": [1, 13, 12],
							"uv": {
								"north": {"uv": [60, 11], "uv_size": [1, 13]},
								"east": {"uv": [111, 61], "uv_size": [12, 13]},
								"south": {"uv": [60, 48], "uv_size": [1, 13]},
								"west": {"uv": [115, 33], "uv_size": [12, 13]},
								"up": {"uv": [62, 55], "uv_size": [1, 12]},
								"down": {"uv": [63, 55], "uv_size": [1, -12]}
							}
						},
						{
							"origin": [21, 0, -8],
							"size": [3, 13, 3],
							"uv": {
								"north": {"uv": [74, 23], "uv_size": [3, 13]},
								"east": {"uv": [26, 74], "uv_size": [3, 13]},
								"south": {"uv": [29, 74], "uv_size": [3, 13]},
								"west": {"uv": [32, 74], "uv_size": [3, 13]},
								"up": {"uv": [54, 16], "uv_size": [3, 3]},
								"down": {"uv": [51, 58], "uv_size": [3, -3]}
							}
						},
						{
							"origin": [21, 0, 5],
							"size": [3, 13, 3],
							"uv": {
								"north": {"uv": [14, 74], "uv_size": [3, 13]},
								"east": {"uv": [17, 74], "uv_size": [3, 13]},
								"south": {"uv": [20, 74], "uv_size": [3, 13]},
								"west": {"uv": [23, 74], "uv_size": [3, 13]},
								"up": {"uv": [50, 22], "uv_size": [3, 3]},
								"down": {"uv": [51, 55], "uv_size": [3, -3]}
							}
						}
					]
				},
				{
					"name": "bo10_illuminated",
					"parent": "bb_main",
					"pivot": [0, 23, -6],
					"cubes": [
						{
							"origin": [-6.75, 21.52118, -9.06584],
							"size": [4.5, 1.5, 1.57107],
							"inflate": 0.002,
							"pivot": [0, 23, -6],
							"rotation": [75, 0, 0],
							"uv": {
								"up": {"uv": [340, 658], "uv_size": [292, 90]}
							}
						}
					]
				},
				{
					"name": "bone6",
					"parent": "bb_main",
					"pivot": [-3, 13.53125, 0],
					"cubes": [
						{
							"origin": [23, 15, -8],
							"size": [1, 12, 1],
							"uv": {
								"north": {"uv": [3, 85], "uv_size": [1, 12]},
								"east": {"uv": [85, 81], "uv_size": [1, 12]},
								"south": {"uv": [86, 81], "uv_size": [1, 12]},
								"west": {"uv": [39, 87], "uv_size": [1, 12]},
								"up": {"uv": [16, 12], "uv_size": [1, 1]},
								"down": {"uv": [16, 14], "uv_size": [1, -1]}
							}
						},
						{
							"origin": [23, 14, -8],
							"size": [1, 1, 16],
							"uv": {
								"north": {"uv": [8, 0], "uv_size": [1, 1]},
								"east": {"uv": [75, 80], "uv_size": [16, 1]},
								"south": {"uv": [11, 0], "uv_size": [1, 1]},
								"west": {"uv": [81, 33], "uv_size": [16, 1]},
								"up": {"uv": [65, 63], "uv_size": [1, 16]},
								"down": {"uv": [6, 88], "uv_size": [1, -16]}
							}
						},
						{
							"origin": [0, 14, -8],
							"size": [23, 1, 1],
							"uv": {
								"north": {"uv": [75, 78], "uv_size": [23, 1]},
								"east": {"uv": [5, 19], "uv_size": [1, 1]},
								"south": {"uv": [78, 77], "uv_size": [23, 1]},
								"west": {"uv": [8, 19], "uv_size": [1, 1]},
								"up": {"uv": [79, 55], "uv_size": [23, 1]},
								"down": {"uv": [79, 57], "uv_size": [23, -1]}
							}
						},
						{
							"origin": [0, 15, -7.25],
							"size": [23, 0.5, -0.5],
							"uv": {
								"south": {"uv": [0, 1], "uv_size": [23, 1]}
							}
						},
						{
							"origin": [23.25, 15, 7],
							"size": [0.25, 0.5, -14],
							"uv": {
								"west": {"uv": [2, 2], "uv_size": [14, 1]}
							}
						},
						{
							"origin": [23.25, 15.5, 7],
							"size": [0.25, 11, -0.5],
							"uv": {
								"west": {"uv": [4, 15], "uv_size": [1, 11]}
							}
						},
						{
							"origin": [23.25, 15.5, -6.5],
							"size": [0.25, 11, -0.5],
							"uv": {
								"west": {"uv": [3, 15], "uv_size": [1, 11]}
							}
						},
						{
							"origin": [23.25, 26.5, 7],
							"size": [0.25, 0.5, -14],
							"uv": {
								"west": {"uv": [2, 3], "uv_size": [14, 1]}
							}
						},
						{
							"origin": [-0.5, 15, 7],
							"size": [0.25, 0.5, -14],
							"uv": {
								"east": {"uv": [16, 2], "uv_size": [-14, 1]}
							}
						},
						{
							"origin": [-0.5, 15.5, 7],
							"size": [0.25, 11, -0.5],
							"uv": {
								"east": {"uv": [5, 15], "uv_size": [-1, 11]}
							}
						},
						{
							"origin": [-0.5, 26.5, 7],
							"size": [0.25, 0.5, -14],
							"uv": {
								"east": {"uv": [16, 3], "uv_size": [-14, 1]}
							}
						},
						{
							"origin": [-0.5, 15.5, -6.5],
							"size": [0.25, 11, -0.5],
							"uv": {
								"east": {"uv": [4, 15], "uv_size": [-1, 11]}
							}
						},
						{
							"origin": [0, 26.5, -7.25],
							"size": [23, 0.5, -0.5],
							"uv": {
								"south": {"uv": [0, 14], "uv_size": [23, 1]}
							}
						},
						{
							"origin": [22.5, 15.5, -7.25],
							"size": [0.5, 11, -0.5],
							"uv": {
								"south": {"uv": [1, 2], "uv_size": [1, 11]}
							}
						},
						{
							"origin": [0, 15.5, -7.25],
							"size": [0.5, 11, -0.5],
							"uv": {
								"south": {"uv": [0, 2], "uv_size": [1, 11]}
							}
						},
						{
							"origin": [0, 26.5, 7.75],
							"size": [23, 0.5, -0.5],
							"uv": {
								"north": {"uv": [23, 14], "uv_size": [-23, 1]}
							}
						},
						{
							"origin": [22.5, 15.5, 7.75],
							"size": [0.5, 11, -0.5],
							"uv": {
								"north": {"uv": [2, 2], "uv_size": [-1, 11]}
							}
						},
						{
							"origin": [0, 15, 7.75],
							"size": [23, 0.5, -0.5],
							"uv": {
								"north": {"uv": [23, 1], "uv_size": [-23, 1]}
							}
						},
						{
							"origin": [0, 15.5, 7.75],
							"size": [0.5, 11, -0.5],
							"uv": {
								"north": {"uv": [1, 2], "uv_size": [-1, 11]}
							}
						},
						{
							"origin": [-1, 15, -8],
							"size": [1, 12, 1],
							"uv": {
								"north": {"uv": [10, 55], "uv_size": [1, 12]},
								"east": {"uv": [11, 55], "uv_size": [1, 12]},
								"south": {"uv": [78, 81], "uv_size": [1, 12]},
								"west": {"uv": [79, 81], "uv_size": [1, 12]},
								"up": {"uv": [15, 0], "uv_size": [1, 1]},
								"down": {"uv": [15, 14], "uv_size": [1, -1]}
							}
						},
						{
							"origin": [0, 27, -8],
							"size": [23, 1, 1],
							"uv": {
								"north": {"uv": [75, 79], "uv_size": [23, 1]},
								"east": {"uv": [8, 26], "uv_size": [1, 1]},
								"south": {"uv": [80, 0], "uv_size": [23, 1]},
								"west": {"uv": [13, 26], "uv_size": [1, 1]},
								"up": {"uv": [80, 1], "uv_size": [23, 1]},
								"down": {"uv": [80, 3], "uv_size": [23, -1]}
							}
						},
						{
							"origin": [-1, 27, -8],
							"size": [1, 1, 16],
							"uv": {
								"north": {"uv": [12, 0], "uv_size": [1, 1]},
								"east": {"uv": [81, 34], "uv_size": [16, 1]},
								"south": {"uv": [0, 13], "uv_size": [1, 1]},
								"west": {"uv": [81, 35], "uv_size": [16, 1]},
								"up": {"uv": [35, 80], "uv_size": [1, 16]},
								"down": {"uv": [36, 96], "uv_size": [1, -16]}
							}
						},
						{
							"origin": [23, 27, -8],
							"size": [1, 1, 16],
							"uv": {
								"north": {"uv": [7, 13], "uv_size": [1, 1]},
								"east": {"uv": [81, 36], "uv_size": [16, 1]},
								"south": {"uv": [8, 13], "uv_size": [1, 1]},
								"west": {"uv": [81, 37], "uv_size": [16, 1]},
								"up": {"uv": [37, 80], "uv_size": [1, 16]},
								"down": {"uv": [38, 103], "uv_size": [1, -16]}
							}
						},
						{
							"origin": [23, 15, 7],
							"size": [1, 12, 1],
							"uv": {
								"north": {"uv": [84, 81], "uv_size": [1, 12]},
								"east": {"uv": [0, 85], "uv_size": [1, 12]},
								"south": {"uv": [1, 85], "uv_size": [1, 12]},
								"west": {"uv": [2, 85], "uv_size": [1, 12]},
								"up": {"uv": [16, 4], "uv_size": [1, 1]},
								"down": {"uv": [16, 12], "uv_size": [1, -1]}
							}
						},
						{
							"origin": [0, 14, 7],
							"size": [23, 1, 1],
							"uv": {
								"north": {"uv": [79, 57], "uv_size": [23, 1]},
								"east": {"uv": [9, 19], "uv_size": [1, 1]},
								"south": {"uv": [79, 58], "uv_size": [23, 1]},
								"west": {"uv": [12, 19], "uv_size": [1, 1]},
								"up": {"uv": [79, 59], "uv_size": [23, 1]},
								"down": {"uv": [79, 61], "uv_size": [23, -1]}
							}
						},
						{
							"origin": [-1, 15, 7],
							"size": [1, 12, 1],
							"uv": {
								"north": {"uv": [80, 81], "uv_size": [1, 12]},
								"east": {"uv": [81, 81], "uv_size": [1, 12]},
								"south": {"uv": [82, 81], "uv_size": [1, 12]},
								"west": {"uv": [83, 81], "uv_size": [1, 12]},
								"up": {"uv": [16, 2], "uv_size": [1, 1]},
								"down": {"uv": [16, 4], "uv_size": [1, -1]}
							}
						},
						{
							"origin": [0, 26, -7.5],
							"size": [1, 1, 15],
							"uv": {
								"north": {"uv": [45, 40], "uv_size": [1, 1]},
								"east": {"uv": [91, 80], "uv_size": [16, 1]},
								"south": {"uv": [45, 41], "uv_size": [1, 1]},
								"west": {"uv": [92, 5], "uv_size": [16, 1]},
								"up": {"uv": [60, 91], "uv_size": [1, 16]},
								"down": {"uv": [61, 107], "uv_size": [1, -16]}
							}
						},
						{
							"origin": [0, 27, 7],
							"size": [23, 1, 1],
							"uv": {
								"north": {"uv": [79, 63], "uv_size": [23, 1]},
								"east": {"uv": [8, 22], "uv_size": [1, 1]},
								"south": {"uv": [79, 64], "uv_size": [23, 1]},
								"west": {"uv": [11, 22], "uv_size": [1, 1]},
								"up": {"uv": [79, 65], "uv_size": [23, 1]},
								"down": {"uv": [79, 67], "uv_size": [23, -1]}
							}
						},
						{
							"origin": [21.3125, 26, 2],
							"size": [0.5625, 1, 1],
							"inflate": 0.1,
							"uv": {
								"north": {"uv": [0, 47], "uv_size": [1, 1]},
								"east": {"uv": [1, 47], "uv_size": [1, 1]},
								"south": {"uv": [8, 47], "uv_size": [1, 1]},
								"west": {"uv": [9, 47], "uv_size": [1, 1]},
								"up": {"uv": [47, 26], "uv_size": [1, 1]},
								"down": {"uv": [0, 49], "uv_size": [1, -1]}
							}
						},
						{
							"origin": [22, 26, -7.5],
							"size": [1, 1, 15],
							"uv": {
								"north": {"uv": [13, 33], "uv_size": [1, 1]},
								"east": {"uv": [17, 88], "uv_size": [16, 1]},
								"south": {"uv": [12, 34], "uv_size": [1, 1]},
								"west": {"uv": [17, 89], "uv_size": [16, 1]},
								"up": {"uv": [58, 91], "uv_size": [1, 16]},
								"down": {"uv": [59, 107], "uv_size": [1, -16]}
							}
						},
						{
							"origin": [1, 26, 2],
							"size": [21, 1, 1],
							"uv": {
								"north": {"uv": [90, 4], "uv_size": [21, 1]},
								"east": {"uv": [44, 41], "uv_size": [1, 1]},
								"south": {"uv": [90, 67], "uv_size": [21, 1]},
								"west": {"uv": [44, 42], "uv_size": [1, 1]},
								"up": {"uv": [90, 68], "uv_size": [21, 1]},
								"down": {"uv": [90, 70], "uv_size": [21, -1]}
							}
						},
						{
							"origin": [1, 26, -3],
							"size": [21, 1, 1],
							"uv": {
								"north": {"uv": [87, 75], "uv_size": [21, 1]},
								"east": {"uv": [13, 34], "uv_size": [1, 1]},
								"south": {"uv": [87, 76], "uv_size": [21, 1]},
								"west": {"uv": [44, 40], "uv_size": [1, 1]},
								"up": {"uv": [90, 3], "uv_size": [21, 1]},
								"down": {"uv": [4, 91], "uv_size": [21, -1]}
							}
						},
						{
							"origin": [21.3125, 26, -3],
							"size": [0.5625, 1, 1],
							"inflate": 0.1,
							"uv": {
								"north": {"uv": [0, 47], "uv_size": [1, 1]},
								"east": {"uv": [1, 47], "uv_size": [1, 1]},
								"south": {"uv": [8, 47], "uv_size": [1, 1]},
								"west": {"uv": [9, 47], "uv_size": [1, 1]},
								"up": {"uv": [47, 26], "uv_size": [1, 1]},
								"down": {"uv": [0, 49], "uv_size": [1, -1]}
							}
						},
						{
							"origin": [16, 27, -4],
							"size": [4, 1, 7],
							"uv": {
								"north": {"uv": [8, 48], "uv_size": [4, 1]},
								"east": {"uv": [37, 66], "uv_size": [7, 1]},
								"south": {"uv": [49, 25], "uv_size": [4, 1]},
								"west": {"uv": [79, 61], "uv_size": [7, 1]},
								"up": {"uv": [30, 90], "uv_size": [4, 7]},
								"down": {"uv": [40, 104], "uv_size": [4, -7]}
							}
						},
						{
							"origin": [1.125, 26, 2],
							"size": [0.5625, 1, 1],
							"inflate": 0.1,
							"uv": {
								"north": {"uv": [0, 47], "uv_size": [1, 1]},
								"east": {"uv": [1, 47], "uv_size": [1, 1]},
								"south": {"uv": [8, 47], "uv_size": [1, 1]},
								"west": {"uv": [9, 47], "uv_size": [1, 1]},
								"up": {"uv": [47, 26], "uv_size": [1, 1]},
								"down": {"uv": [0, 49], "uv_size": [1, -1]}
							}
						},
						{
							"origin": [1.125, 26, -3],
							"size": [0.5625, 1, 1],
							"inflate": 0.1,
							"uv": {
								"north": {"uv": [0, 47], "uv_size": [1, 1]},
								"east": {"uv": [1, 47], "uv_size": [1, 1]},
								"south": {"uv": [8, 47], "uv_size": [1, 1]},
								"west": {"uv": [9, 47], "uv_size": [1, 1]},
								"up": {"uv": [47, 26], "uv_size": [1, 1]},
								"down": {"uv": [0, 49], "uv_size": [1, -1]}
							}
						},
						{
							"origin": [16, 25, -4],
							"size": [4, 1, 7],
							"uv": {
								"north": {"uv": [74, 46], "uv_size": [4, 1]},
								"east": {"uv": [79, 62], "uv_size": [7, 1]},
								"south": {"uv": [74, 52], "uv_size": [4, 1]},
								"west": {"uv": [71, 84], "uv_size": [7, 1]},
								"up": {"uv": [44, 97], "uv_size": [4, 7]},
								"down": {"uv": [48, 104], "uv_size": [4, -7]}
							}
						},
						{
							"origin": [16.5, 24.5, -3.5],
							"size": [3, 1, 3],
							"uv": {
								"north": {"uv": [11, 20], "uv_size": [3, 1]},
								"east": {"uv": [5, 21], "uv_size": [3, 1]},
								"south": {"uv": [8, 21], "uv_size": [3, 1]},
								"west": {"uv": [11, 21], "uv_size": [3, 1]},
								"up": {"uv": [45, 11], "uv_size": [3, 3]},
								"down": {"uv": [50, 22], "uv_size": [3, -3]}
							}
						},
						{
							"origin": [16, 26, -4],
							"size": [4, 1, 1],
							"uv": {
								"north": {"uv": [44, 62], "uv_size": [4, 1]},
								"east": {"uv": [45, 42], "uv_size": [1, 1]},
								"south": {"uv": [38, 67], "uv_size": [4, 1]},
								"west": {"uv": [46, 26], "uv_size": [1, 1]},
								"up": {"uv": [61, 68], "uv_size": [4, 1]},
								"down": {"uv": [71, 43], "uv_size": [4, -1]}
							}
						},
						{
							"origin": [0, 14.5, -7],
							"size": [23, 1, 14],
							"uv": {
								"north": {"uv": [82, 8], "uv_size": [23, 1]},
								"east": {"uv": [17, 87], "uv_size": [14, 1]},
								"south": {"uv": [85, 70], "uv_size": [23, 1]},
								"west": {"uv": [87, 23], "uv_size": [14, 1]},
								"up": {"uv": [87, 81], "uv_size": [23, 14]},
								"down": {"uv": [80, 109], "uv_size": [23, -14]}
							}
						},
						{
							"origin": [1, 14.5, -6],
							"size": [21, 1, 12],
							"inflate": 0.01,
							"uv": {
								"up": {"uv": [404, 275], "uv_size": [92, 57]}
							}
						},
						{
							"origin": [-1, 14, -8],
							"size": [1, 1, 16],
							"uv": {
								"north": {"uv": [4, 0], "uv_size": [1, 1]},
								"east": {"uv": [80, 31], "uv_size": [16, 1]},
								"south": {"uv": [7, 0], "uv_size": [1, 1]},
								"west": {"uv": [80, 32], "uv_size": [16, 1]},
								"up": {"uv": [10, 32], "uv_size": [1, 16]},
								"down": {"uv": [11, 48], "uv_size": [1, -16]}
							}
						}
					]
				},
				{
					"name": "b0_illuminated",
					"parent": "bone6",
					"pivot": [0, 0, 0],
					"cubes": [
						{
							"origin": [17.5, 14.53125, -6.25],
							"size": [1.5, 1, 12.5],
							"inflate": 0.01,
							"uv": {
								"up": {"uv": [469, 338], "uv_size": [5, 35]}
							}
						},
						{
							"origin": [12.5, 14.53125, -6.25],
							"size": [4.5, 1, 0.75],
							"inflate": 0.01,
							"uv": {
								"up": {"uv": [428, 378], "uv_size": [92, 8]}
							}
						}
					]
				},
				{
					"name": "bone5",
					"parent": "bb_main",
					"pivot": [-0.5, 14, -0.5],
					"cubes": [
						{
							"origin": [-8.3125, 12.75, -8.3125],
							"size": [0.625, 11.25, 0.625],
							"uv": {
								"north": {"uv": [36, 96], "uv_size": [1, 11]},
								"east": {"uv": [37, 96], "uv_size": [1, 11]},
								"south": {"uv": [52, 97], "uv_size": [1, 11]},
								"west": {"uv": [53, 97], "uv_size": [1, 11]},
								"up": {"uv": [53, 16], "uv_size": [1, 1]},
								"down": {"uv": [54, 25], "uv_size": [1, -1]}
							}
						},
						{
							"origin": [-8.5, 13, -8.5],
							"size": [1, 5, 1],
							"uv": {
								"north": {"uv": [76, 47], "uv_size": [1, 5]},
								"east": {"uv": [77, 47], "uv_size": [1, 5]},
								"south": {"uv": [12, 82], "uv_size": [1, 5]},
								"west": {"uv": [13, 82], "uv_size": [1, 5]},
								"up": {"uv": [54, 25], "uv_size": [1, 1]},
								"down": {"uv": [57, 17], "uv_size": [1, -1]}
							}
						}
					]
				},
				{
					"name": "bone3",
					"parent": "bone5",
					"pivot": [-8, 22, -8],
					"rotation": [0, 30, 0],
					"cubes": [
						{
							"origin": [-8.5, 20, -8.5],
							"size": [1, 6, 1],
							"uv": {
								"north": {"uv": [74, 36], "uv_size": [1, 6]},
								"east": {"uv": [76, 85], "uv_size": [1, 6]},
								"south": {"uv": [77, 85], "uv_size": [1, 6]},
								"west": {"uv": [93, 9], "uv_size": [1, 6]},
								"up": {"uv": [11, 49], "uv_size": [1, 1]},
								"down": {"uv": [49, 25], "uv_size": [1, -1]}
							}
						},
						{
							"origin": [-8.5, 20, -18.5],
							"size": [1, 6, 10],
							"uv": {
								"north": {"uv": [49, 70], "uv_size": [1, 6]},
								"east": {"uv": [12, 99], "uv_size": [10, 6]},
								"south": {"uv": [50, 70], "uv_size": [1, 6]},
								"west": {"uv": [22, 99], "uv_size": [10, 6]},
								"up": {"uv": [34, 87], "uv_size": [1, 10]},
								"down": {"uv": [54, 107], "uv_size": [1, -10]}
							}
						},
						{
							"origin": [-17.46875, 20, -18],
							"size": [12, 8, 0.75],
							"pivot": [-11.46875, 7, -14],
							"rotation": [0, -90, 0],
							"uv": {
								"north": {"uv": [460, 22], "uv_size": [24, 16]},
								"east": {"uv": [38, 70], "uv_size": [1, 8]},
								"south": {"uv": [52, 70], "uv_size": [12, 8]},
								"west": {"uv": [51, 70], "uv_size": [1, 8]},
								"up": {"uv": [39, 69], "uv_size": [12, 1]},
								"down": {"uv": [51, 70], "uv_size": [12, -1]}
							}
						},
						{
							"origin": [-13.71875, 22, -14.5],
							"size": [3.5, 4, 0.75],
							"inflate": 0.002,
							"pivot": [-11.46875, 7.25, -10.5],
							"rotation": [0, -90, 0],
							"uv": {
								"north": {"uv": [354, 445], "uv_size": [155, 184]}
							}
						},
						{
							"origin": [-8.5, 18, -18.5],
							"size": [1, 1, 9],
							"uv": {
								"north": {"uv": [1, 48], "uv_size": [1, 1]},
								"east": {"uv": [92, 6], "uv_size": [9, 1]},
								"south": {"uv": [48, 2], "uv_size": [1, 1]},
								"west": {"uv": [92, 7], "uv_size": [9, 1]},
								"up": {"uv": [56, 97], "uv_size": [1, 9]},
								"down": {"uv": [57, 106], "uv_size": [1, -9]}
							}
						},
						{
							"origin": [-8.5, 19, -18.5],
							"size": [1, 1, 1],
							"uv": {
								"north": {"uv": [48, 3], "uv_size": [1, 1]},
								"east": {"uv": [48, 4], "uv_size": [1, 1]},
								"south": {"uv": [48, 11], "uv_size": [1, 1]},
								"west": {"uv": [48, 12], "uv_size": [1, 1]},
								"up": {"uv": [48, 13], "uv_size": [1, 1]},
								"down": {"uv": [10, 50], "uv_size": [1, -1]}
							}
						},
						{
							"origin": [-8.5, 19, -10.5],
							"size": [1, 1, 1],
							"uv": {
								"north": {"uv": [48, 3], "uv_size": [1, 1]},
								"east": {"uv": [48, 4], "uv_size": [1, 1]},
								"south": {"uv": [48, 11], "uv_size": [1, 1]},
								"west": {"uv": [48, 12], "uv_size": [1, 1]},
								"up": {"uv": [48, 13], "uv_size": [1, 1]},
								"down": {"uv": [10, 50], "uv_size": [1, -1]}
							}
						}
					]
				},
				{
					"name": "bo_illuminated",
					"parent": "bone3",
					"pivot": [-11.46875, 7, -14],
					"cubes": [
						{
							"origin": [-16.71875, 20.75, -18],
							"size": [6.5, 6.5, 0.75],
							"inflate": 0.002,
							"pivot": [-11.46875, 7, -14],
							"rotation": [0, -90, 0],
							"uv": {
								"north": {"uv": [25, 435], "uv_size": [293, 299]}
							}
						}
					]
				},
				{
					"name": "bone4",
					"parent": "bone3",
					"pivot": [-8.5, 18, -16],
					"rotation": [0, 0, -42.5],
					"cubes": [
						{
							"origin": [-8.5, 14, -18.5],
							"size": [1, 4, 9],
							"uv": {
								"north": {"uv": [53, 22], "uv_size": [1, 4]},
								"east": {"uv": [93, 19], "uv_size": [9, 4]},
								"south": {"uv": [4, 85], "uv_size": [1, 4]},
								"west": {"uv": [93, 71], "uv_size": [9, 4]},
								"up": {"uv": [64, 69], "uv_size": [1, 9]},
								"down": {"uv": [55, 106], "uv_size": [1, -9]}
							}
						},
						{
							"origin": [-8, 13.5, -19],
							"size": [0.75, 4, 10],
							"uv": {
								"north": {"uv": [14, 4], "uv_size": [1, 4]},
								"east": {"uv": [2, 4], "uv_size": [10, 4]},
								"south": {"uv": [14, 8], "uv_size": [1, 4]},
								"west": {"uv": [32, 152], "uv_size": [21, 9]},
								"up": {"uv": [12, 4], "uv_size": [1, 10]},
								"down": {"uv": [13, 14], "uv_size": [1, -10]}
							}
						}
					]
				},
				{
					"name": "player_03",
					"parent": "bb_main",
					"pivot": [-2, 22.8125, -4.3125],
					"rotation": [-5, 0, 0]
				},
				{
					"name": "hand",
					"parent": "player_03",
					"pivot": [-2, 24.4125, -4.3125],
					"rotation": [-5, 0, 0],
					"cubes": [
						{
							"origin": [-2.575, 24.4125, -4.8875],
							"size": [1.15, 1.15, 1.15],
							"uv": {
								"north": {"uv": [150, 8], "uv_size": [8, 8]},
								"east": {"uv": [142, 8], "uv_size": [8, 8]},
								"south": {"uv": [166, 8], "uv_size": [8, 8]},
								"west": {"uv": [158, 8], "uv_size": [8, 8]},
								"up": {"uv": [150, 0], "uv_size": [8, 8]},
								"down": {"uv": [158, 8], "uv_size": [8, -8]}
							}
						},
						{
							"origin": [-2.40375, 24.58375, -4.71625],
							"size": [0.8075, 0.8075, 0.8075],
							"inflate": 0.2,
							"uv": {
								"north": {"uv": [182, 8], "uv_size": [8, 8]},
								"east": {"uv": [174, 8], "uv_size": [8, 8]},
								"south": {"uv": [198, 8], "uv_size": [8, 8]},
								"west": {"uv": [190, 8], "uv_size": [8, 8]},
								"up": {"uv": [182, 0], "uv_size": [8, 8]},
								"down": {"uv": [190, 8], "uv_size": [8, -8]}
							}
						}
					]
				},
				{
					"name": "body",
					"parent": "player_03",
					"pivot": [-2, 23.2125, -4.3125],
					"cubes": [
						{
							"origin": [-2.4, 23.2125, -4.5125],
							"size": [0.8, 1.2, 0.4],
							"uv": {
								"north": {"uv": [162, 20], "uv_size": [8, 12]},
								"east": {"uv": [158, 20], "uv_size": [4, 12]},
								"south": {"uv": [174, 20], "uv_size": [8, 12]},
								"west": {"uv": [170, 20], "uv_size": [4, 12]},
								"up": {"uv": [170, 20], "uv_size": [-8, -4]},
								"down": {"uv": [178, 20], "uv_size": [-8, -4]}
							}
						},
						{
							"origin": [-2.22, 23.3925, -4.3325],
							"size": [0.44, 0.84, 0.04],
							"inflate": 0.2,
							"uv": {
								"north": {"uv": [162, 36], "uv_size": [8, 12]},
								"east": {"uv": [158, 36], "uv_size": [4, 12]},
								"south": {"uv": [174, 36], "uv_size": [8, 12]},
								"west": {"uv": [170, 36], "uv_size": [4, 12]},
								"up": {"uv": [170, 36], "uv_size": [-8, -4]},
								"down": {"uv": [178, 36], "uv_size": [-8, -4]}
							}
						}
					]
				},
				{
					"name": "lha",
					"parent": "player_03",
					"pivot": [-1.6, 24.2125, -4.3125],
					"rotation": [0, 0, -7.5],
					"cubes": [
						{
							"origin": [-1.6, 23.2125, -4.5125],
							"size": [0.4, 1.2, 0.4],
							"uv": {
								"north": {"uv": [194, 20], "uv_size": [4, 12]},
								"east": {"uv": [190, 20], "uv_size": [4, 12]},
								"south": {"uv": [186, 20], "uv_size": [4, 12]},
								"west": {"uv": [182, 20], "uv_size": [4, 12]},
								"up": {"uv": [190, 20], "uv_size": [-4, -4]},
								"down": {"uv": [194, 20], "uv_size": [-4, -4]}
							}
						},
						{
							"origin": [-1.42, 23.3925, -4.3325],
							"size": [0.04, 0.84, 0.04],
							"inflate": 0.2,
							"uv": {
								"north": {"uv": [194, 36], "uv_size": [4, 12]},
								"east": {"uv": [190, 36], "uv_size": [4, 12]},
								"south": {"uv": [186, 36], "uv_size": [4, 12]},
								"west": {"uv": [182, 36], "uv_size": [4, 12]},
								"up": {"uv": [190, 36], "uv_size": [-4, -4]},
								"down": {"uv": [194, 36], "uv_size": [-4, -4]}
							}
						}
					]
				},
				{
					"name": "rha",
					"parent": "player_03",
					"pivot": [-2.4, 24.2125, -4.3125],
					"rotation": [0, 0, 7.5],
					"cubes": [
						{
							"origin": [-2.8, 23.2125, -4.5125],
							"size": [0.4, 1.2, 0.4],
							"uv": {
								"north": {"uv": [186, 52], "uv_size": [4, 12]},
								"east": {"uv": [182, 52], "uv_size": [4, 12]},
								"south": {"uv": [178, 52], "uv_size": [4, 12]},
								"west": {"uv": [174, 52], "uv_size": [4, 12]},
								"up": {"uv": [182, 52], "uv_size": [-4, -4]},
								"down": {"uv": [186, 52], "uv_size": [-4, -4]}
							}
						},
						{
							"origin": [-2.62, 23.3925, -4.3325],
							"size": [0.04, 0.84, 0.04],
							"inflate": 0.2,
							"uv": {
								"north": {"uv": [202, 52], "uv_size": [4, 12]},
								"east": {"uv": [198, 52], "uv_size": [4, 12]},
								"south": {"uv": [194, 52], "uv_size": [4, 12]},
								"west": {"uv": [190, 52], "uv_size": [4, 12]},
								"up": {"uv": [198, 52], "uv_size": [-4, -4]},
								"down": {"uv": [202, 52], "uv_size": [-4, -4]}
							}
						}
					]
				},
				{
					"name": "rl",
					"parent": "player_03",
					"pivot": [-2.2, 23.2125, -4.3125],
					"rotation": [-84.84892, 9.84655, 1.75378],
					"cubes": [
						{
							"origin": [-2.4, 22.0125, -4.5125],
							"size": [0.4, 1.2, 0.4],
							"uv": {
								"north": {"uv": [146, 20], "uv_size": [4, 12]},
								"east": {"uv": [142, 20], "uv_size": [4, 12]},
								"south": {"uv": [154, 20], "uv_size": [4, 12]},
								"west": {"uv": [150, 20], "uv_size": [4, 12]},
								"up": {"uv": [150, 20], "uv_size": [-4, -4]},
								"down": {"uv": [154, 20], "uv_size": [-4, -4]}
							}
						},
						{
							"origin": [-2.22, 22.1925, -4.3325],
							"size": [0.04, 0.84, 0.04],
							"inflate": 0.2,
							"uv": {
								"north": {"uv": [146, 36], "uv_size": [4, 12]},
								"east": {"uv": [142, 36], "uv_size": [4, 12]},
								"south": {"uv": [154, 36], "uv_size": [4, 12]},
								"west": {"uv": [150, 36], "uv_size": [4, 12]},
								"up": {"uv": [150, 36], "uv_size": [-4, -4]},
								"down": {"uv": [154, 36], "uv_size": [-4, -4]}
							}
						}
					]
				},
				{
					"name": "ll",
					"parent": "player_03",
					"pivot": [-1.8, 23.2125, -4.3125],
					"rotation": [-84.84892, -9.84655, -1.75378],
					"cubes": [
						{
							"origin": [-2, 22.0125, -4.5125],
							"size": [0.4, 1.2, 0.4],
							"uv": {
								"north": {"uv": [162, 52], "uv_size": [4, 12]},
								"east": {"uv": [158, 52], "uv_size": [4, 12]},
								"south": {"uv": [170, 52], "uv_size": [4, 12]},
								"west": {"uv": [166, 52], "uv_size": [4, 12]},
								"up": {"uv": [166, 52], "uv_size": [-4, -4]},
								"down": {"uv": [170, 52], "uv_size": [-4, -4]}
							}
						},
						{
							"origin": [-1.82, 22.1925, -4.3325],
							"size": [0.04, 0.84, 0.04],
							"inflate": 0.2,
							"uv": {
								"north": {"uv": [146, 52], "uv_size": [4, 12]},
								"east": {"uv": [142, 52], "uv_size": [4, 12]},
								"south": {"uv": [154, 52], "uv_size": [4, 12]},
								"west": {"uv": [150, 52], "uv_size": [4, 12]},
								"up": {"uv": [150, 52], "uv_size": [-4, -4]},
								"down": {"uv": [154, 52], "uv_size": [-4, -4]}
							}
						}
					]
				},
				{
					"name": "bone2",
					"parent": "bb_main",
					"pivot": [25, 0, 0],
					"cubes": [
						{
							"origin": [16, 1, -8],
							"size": [4, 1, 3],
							"uv": {
								"north": {"uv": [14, 18], "uv_size": [4, 1]},
								"east": {"uv": [5, 20], "uv_size": [3, 1]},
								"south": {"uv": [18, 18], "uv_size": [4, 1]},
								"west": {"uv": [8, 20], "uv_size": [3, 1]},
								"up": {"uv": [49, 0], "uv_size": [4, 3]},
								"down": {"uv": [49, 14], "uv_size": [4, -3]}
							}
						},
						{
							"origin": [17.5, 2, -7.25],
							"size": [1, 5, 0.25],
							"uv": {
								"north": {"uv": [15, 4], "uv_size": [1, 5]},
								"east": {"uv": [5, 25], "uv_size": [1, 5]},
								"south": {"uv": [6, 25], "uv_size": [1, 5]},
								"west": {"uv": [7, 25], "uv_size": [1, 5]},
								"up": {"uv": [0, 0], "uv_size": [1, 1]},
								"down": {"uv": [1, 1], "uv_size": [1, -1]}
							}
						},
						{
							"origin": [16, 2, -7],
							"size": [4, 5, 2],
							"uv": {
								"north": {"uv": [2, 48], "uv_size": [4, 5]},
								"east": {"uv": [70, 12], "uv_size": [2, 5]},
								"south": {"uv": [6, 50], "uv_size": [4, 5]},
								"west": {"uv": [8, 68], "uv_size": [2, 5]},
								"up": {"uv": [39, 79], "uv_size": [4, 2]},
								"down": {"uv": [7, 85], "uv_size": [4, -2]}
							}
						},
						{
							"origin": [16, 7, -8],
							"size": [4, 1, 3],
							"uv": {
								"north": {"uv": [6, 11], "uv_size": [4, 1]},
								"east": {"uv": [11, 15], "uv_size": [3, 1]},
								"south": {"uv": [6, 12], "uv_size": [4, 1]},
								"west": {"uv": [11, 16], "uv_size": [3, 1]},
								"up": {"uv": [37, 11], "uv_size": [4, 3]},
								"down": {"uv": [41, 14], "uv_size": [4, -3]}
							}
						},
						{
							"origin": [16, 1, -8.5],
							"size": [1, 7, 0.5],
							"uv": {
								"north": {"uv": [57, 17], "uv_size": [1, 7]},
								"east": {"uv": [59, 52], "uv_size": [1, 7]},
								"south": {"uv": [60, 61], "uv_size": [1, 7]},
								"west": {"uv": [61, 60], "uv_size": [1, 7]},
								"up": {"uv": [5, 0], "uv_size": [1, 1]},
								"down": {"uv": [6, 1], "uv_size": [1, -1]}
							}
						},
						{
							"origin": [19, 1, -8.5],
							"size": [1, 7, 0.5],
							"uv": {
								"north": {"uv": [0, 49], "uv_size": [1, 7]},
								"east": {"uv": [1, 49], "uv_size": [1, 7]},
								"south": {"uv": [55, 19], "uv_size": [1, 7]},
								"west": {"uv": [56, 19], "uv_size": [1, 7]},
								"up": {"uv": [2, 0], "uv_size": [1, 1]},
								"down": {"uv": [3, 1], "uv_size": [1, -1]}
							}
						},
						{
							"origin": [16, 1, -5],
							"size": [4, 1, 6],
							"uv": {
								"north": {"uv": [2, 53], "uv_size": [4, 1]},
								"east": {"uv": [64, 17], "uv_size": [6, 1]},
								"south": {"uv": [6, 55], "uv_size": [4, 1]},
								"west": {"uv": [10, 73], "uv_size": [6, 1]},
								"up": {"uv": [39, 73], "uv_size": [4, 6]},
								"down": {"uv": [7, 83], "uv_size": [4, -6]}
							}
						},
						{
							"origin": [16.25, 2, -5],
							"size": [3.5, 0.5, 6],
							"uv": {
								"east": {"uv": [5, 15], "uv_size": [6, 1]},
								"west": {"uv": [16, 0], "uv_size": [6, 1]}
							}
						},
						{
							"origin": [16.25, 6.5, -5],
							"size": [3.5, 0.5, 6],
							"uv": {
								"east": {"uv": [5, 15], "uv_size": [6, 1]},
								"west": {"uv": [16, 0], "uv_size": [6, 1]}
							}
						},
						{
							"origin": [16.25, 2.5, -5],
							"size": [3.5, 4, 0.5],
							"uv": {
								"east": {"uv": [0, 15], "uv_size": [1, 4]},
								"west": {"uv": [1, 15], "uv_size": [1, 4]}
							}
						},
						{
							"origin": [16.25, 2.5, 0.5],
							"size": [3.5, 4, 0.5],
							"uv": {
								"east": {"uv": [0, 15], "uv_size": [1, 4]},
								"west": {"uv": [1, 15], "uv_size": [1, 4]}
							}
						},
						{
							"origin": [16, 1, 1],
							"size": [4, 7, 3],
							"uv": {
								"north": {"uv": [2, 47], "uv_size": [4, 7]},
								"east": {"uv": [61, 11], "uv_size": [3, 7]},
								"south": {"uv": [6, 49], "uv_size": [4, 7]},
								"west": {"uv": [16, 67], "uv_size": [3, 7]},
								"up": {"uv": [39, 70], "uv_size": [4, 3]},
								"down": {"uv": [7, 77], "uv_size": [4, -3]}
							}
						},
						{
							"origin": [16, 7, -5],
							"size": [4, 1, 6],
							"uv": {
								"north": {"uv": [2, 47], "uv_size": [4, 1]},
								"east": {"uv": [64, 11], "uv_size": [6, 1]},
								"south": {"uv": [6, 49], "uv_size": [4, 1]},
								"west": {"uv": [10, 67], "uv_size": [6, 1]},
								"up": {"uv": [39, 73], "uv_size": [4, 6]},
								"down": {"uv": [7, 83], "uv_size": [4, -6]}
							}
						}
					]
				},
				{
					"name": "bone7",
					"parent": "bb_main",
					"pivot": [14, 0, 0],
					"cubes": [
						{
							"origin": [5, 1, -8],
							"size": [4, 1, 3],
							"uv": {
								"north": {"uv": [14, 18], "uv_size": [4, 1]},
								"east": {"uv": [5, 20], "uv_size": [3, 1]},
								"south": {"uv": [18, 18], "uv_size": [4, 1]},
								"west": {"uv": [8, 20], "uv_size": [3, 1]},
								"up": {"uv": [49, 0], "uv_size": [4, 3]},
								"down": {"uv": [49, 14], "uv_size": [4, -3]}
							}
						},
						{
							"origin": [6.5, 2, -7.25],
							"size": [1, 5, 0.25],
							"uv": {
								"north": {"uv": [15, 4], "uv_size": [1, 5]},
								"east": {"uv": [5, 25], "uv_size": [1, 5]},
								"south": {"uv": [6, 25], "uv_size": [1, 5]},
								"west": {"uv": [7, 25], "uv_size": [1, 5]},
								"up": {"uv": [0, 0], "uv_size": [1, 1]},
								"down": {"uv": [1, 1], "uv_size": [1, -1]}
							}
						},
						{
							"origin": [5, 2, -7],
							"size": [4, 5, 2],
							"uv": {
								"north": {"uv": [2, 48], "uv_size": [4, 5]},
								"east": {"uv": [70, 12], "uv_size": [2, 5]},
								"south": {"uv": [6, 50], "uv_size": [4, 5]},
								"west": {"uv": [8, 68], "uv_size": [2, 5]},
								"up": {"uv": [39, 79], "uv_size": [4, 2]},
								"down": {"uv": [7, 85], "uv_size": [4, -2]}
							}
						},
						{
							"origin": [5, 7, -8],
							"size": [4, 1, 3],
							"uv": {
								"north": {"uv": [6, 11], "uv_size": [4, 1]},
								"east": {"uv": [11, 15], "uv_size": [3, 1]},
								"south": {"uv": [6, 12], "uv_size": [4, 1]},
								"west": {"uv": [11, 16], "uv_size": [3, 1]},
								"up": {"uv": [37, 11], "uv_size": [4, 3]},
								"down": {"uv": [41, 14], "uv_size": [4, -3]}
							}
						},
						{
							"origin": [5, 1, -8.5],
							"size": [1, 7, 0.5],
							"uv": {
								"north": {"uv": [57, 17], "uv_size": [1, 7]},
								"east": {"uv": [59, 52], "uv_size": [1, 7]},
								"south": {"uv": [60, 61], "uv_size": [1, 7]},
								"west": {"uv": [61, 60], "uv_size": [1, 7]},
								"up": {"uv": [5, 0], "uv_size": [1, 1]},
								"down": {"uv": [6, 1], "uv_size": [1, -1]}
							}
						},
						{
							"origin": [8, 1, -8.5],
							"size": [1, 7, 0.5],
							"uv": {
								"north": {"uv": [0, 49], "uv_size": [1, 7]},
								"east": {"uv": [1, 49], "uv_size": [1, 7]},
								"south": {"uv": [55, 19], "uv_size": [1, 7]},
								"west": {"uv": [56, 19], "uv_size": [1, 7]},
								"up": {"uv": [2, 0], "uv_size": [1, 1]},
								"down": {"uv": [3, 1], "uv_size": [1, -1]}
							}
						},
						{
							"origin": [5, 1, -5],
							"size": [4, 1, 6],
							"uv": {
								"north": {"uv": [2, 53], "uv_size": [4, 1]},
								"east": {"uv": [64, 17], "uv_size": [6, 1]},
								"south": {"uv": [6, 55], "uv_size": [4, 1]},
								"west": {"uv": [10, 73], "uv_size": [6, 1]},
								"up": {"uv": [39, 73], "uv_size": [4, 6]},
								"down": {"uv": [7, 83], "uv_size": [4, -6]}
							}
						},
						{
							"origin": [5.25, 2, -5],
							"size": [3.5, 0.5, 6],
							"uv": {
								"east": {"uv": [5, 15], "uv_size": [6, 1]},
								"west": {"uv": [16, 0], "uv_size": [6, 1]}
							}
						},
						{
							"origin": [5.25, 6.5, -5],
							"size": [3.5, 0.5, 6],
							"uv": {
								"east": {"uv": [5, 15], "uv_size": [6, 1]},
								"west": {"uv": [16, 0], "uv_size": [6, 1]}
							}
						},
						{
							"origin": [5.25, 2.5, -5],
							"size": [3.5, 4, 0.5],
							"uv": {
								"east": {"uv": [0, 15], "uv_size": [1, 4]},
								"west": {"uv": [1, 15], "uv_size": [1, 4]}
							}
						},
						{
							"origin": [5.25, 2.5, 0.5],
							"size": [3.5, 4, 0.5],
							"uv": {
								"east": {"uv": [0, 15], "uv_size": [1, 4]},
								"west": {"uv": [1, 15], "uv_size": [1, 4]}
							}
						},
						{
							"origin": [5, 1, 1],
							"size": [4, 7, 3],
							"uv": {
								"north": {"uv": [2, 47], "uv_size": [4, 7]},
								"east": {"uv": [61, 11], "uv_size": [3, 7]},
								"south": {"uv": [6, 49], "uv_size": [4, 7]},
								"west": {"uv": [16, 67], "uv_size": [3, 7]},
								"up": {"uv": [39, 70], "uv_size": [4, 3]},
								"down": {"uv": [7, 77], "uv_size": [4, -3]}
							}
						},
						{
							"origin": [5, 7, -5],
							"size": [4, 1, 6],
							"uv": {
								"north": {"uv": [2, 47], "uv_size": [4, 1]},
								"east": {"uv": [64, 11], "uv_size": [6, 1]},
								"south": {"uv": [6, 49], "uv_size": [4, 1]},
								"west": {"uv": [10, 67], "uv_size": [6, 1]},
								"up": {"uv": [39, 73], "uv_size": [4, 6]},
								"down": {"uv": [7, 83], "uv_size": [4, -6]}
							}
						}
					]
				},
				{
					"name": "b20_illuminated",
					"parent": "bb_main",
					"pivot": [0, 0, 0],
					"cubes": [
						{
							"origin": [6, 3, -5],
							"size": [2, 3, 6],
							"uv": {
								"north": {"uv": [2, 11], "uv_size": [2, 3]},
								"east": {"uv": [17, 11], "uv_size": [6, 3]},
								"south": {"uv": [4, 11], "uv_size": [2, 3]},
								"west": {"uv": [8, 23], "uv_size": [6, 3]},
								"up": {"uv": [10, 8], "uv_size": [2, 6]},
								"down": {"uv": [48, 23], "uv_size": [2, -6]}
							}
						},
						{
							"origin": [12, 3, -5],
							"size": [2, 3, 6],
							"uv": {
								"north": {"uv": [2, 11], "uv_size": [2, 3]},
								"east": {"uv": [17, 11], "uv_size": [6, 3]},
								"south": {"uv": [4, 11], "uv_size": [2, 3]},
								"west": {"uv": [8, 23], "uv_size": [6, 3]},
								"up": {"uv": [10, 8], "uv_size": [2, 6]},
								"down": {"uv": [48, 23], "uv_size": [2, -6]}
							}
						},
						{
							"origin": [17, 3, -5],
							"size": [2, 3, 6],
							"uv": {
								"north": {"uv": [2, 11], "uv_size": [2, 3]},
								"east": {"uv": [17, 11], "uv_size": [6, 3]},
								"south": {"uv": [4, 11], "uv_size": [2, 3]},
								"west": {"uv": [8, 23], "uv_size": [6, 3]},
								"up": {"uv": [10, 8], "uv_size": [2, 6]},
								"down": {"uv": [48, 23], "uv_size": [2, -6]}
							}
						}
					]
				},
				{
					"name": "bone8",
					"parent": "bb_main",
					"pivot": [20, 0, 0],
					"cubes": [
						{
							"origin": [11, 1, -8],
							"size": [4, 1, 3],
							"uv": {
								"north": {"uv": [14, 18], "uv_size": [4, 1]},
								"east": {"uv": [5, 20], "uv_size": [3, 1]},
								"south": {"uv": [18, 18], "uv_size": [4, 1]},
								"west": {"uv": [8, 20], "uv_size": [3, 1]},
								"up": {"uv": [49, 0], "uv_size": [4, 3]},
								"down": {"uv": [49, 14], "uv_size": [4, -3]}
							}
						},
						{
							"origin": [12.5, 2, -7.25],
							"size": [1, 5, 0.25],
							"uv": {
								"north": {"uv": [15, 4], "uv_size": [1, 5]},
								"east": {"uv": [5, 25], "uv_size": [1, 5]},
								"south": {"uv": [6, 25], "uv_size": [1, 5]},
								"west": {"uv": [7, 25], "uv_size": [1, 5]},
								"up": {"uv": [0, 0], "uv_size": [1, 1]},
								"down": {"uv": [1, 1], "uv_size": [1, -1]}
							}
						},
						{
							"origin": [11, 2, -7],
							"size": [4, 5, 2],
							"uv": {
								"north": {"uv": [2, 48], "uv_size": [4, 5]},
								"east": {"uv": [70, 12], "uv_size": [2, 5]},
								"south": {"uv": [6, 50], "uv_size": [4, 5]},
								"west": {"uv": [8, 68], "uv_size": [2, 5]},
								"up": {"uv": [39, 79], "uv_size": [4, 2]},
								"down": {"uv": [7, 85], "uv_size": [4, -2]}
							}
						},
						{
							"origin": [11, 7, -8],
							"size": [4, 1, 3],
							"uv": {
								"north": {"uv": [6, 11], "uv_size": [4, 1]},
								"east": {"uv": [11, 15], "uv_size": [3, 1]},
								"south": {"uv": [6, 12], "uv_size": [4, 1]},
								"west": {"uv": [11, 16], "uv_size": [3, 1]},
								"up": {"uv": [37, 11], "uv_size": [4, 3]},
								"down": {"uv": [41, 14], "uv_size": [4, -3]}
							}
						},
						{
							"origin": [11, 1, -8.5],
							"size": [1, 7, 0.5],
							"uv": {
								"north": {"uv": [57, 17], "uv_size": [1, 7]},
								"east": {"uv": [59, 52], "uv_size": [1, 7]},
								"south": {"uv": [60, 61], "uv_size": [1, 7]},
								"west": {"uv": [61, 60], "uv_size": [1, 7]},
								"up": {"uv": [5, 0], "uv_size": [1, 1]},
								"down": {"uv": [6, 1], "uv_size": [1, -1]}
							}
						},
						{
							"origin": [14, 1, -8.5],
							"size": [1, 7, 0.5],
							"uv": {
								"north": {"uv": [0, 49], "uv_size": [1, 7]},
								"east": {"uv": [1, 49], "uv_size": [1, 7]},
								"south": {"uv": [55, 19], "uv_size": [1, 7]},
								"west": {"uv": [56, 19], "uv_size": [1, 7]},
								"up": {"uv": [2, 0], "uv_size": [1, 1]},
								"down": {"uv": [3, 1], "uv_size": [1, -1]}
							}
						},
						{
							"origin": [11, 1, -5],
							"size": [4, 1, 6],
							"uv": {
								"north": {"uv": [2, 53], "uv_size": [4, 1]},
								"east": {"uv": [64, 17], "uv_size": [6, 1]},
								"south": {"uv": [6, 55], "uv_size": [4, 1]},
								"west": {"uv": [10, 73], "uv_size": [6, 1]},
								"up": {"uv": [39, 73], "uv_size": [4, 6]},
								"down": {"uv": [7, 83], "uv_size": [4, -6]}
							}
						},
						{
							"origin": [11.25, 2, -5],
							"size": [3.5, 0.5, 6],
							"uv": {
								"east": {"uv": [5, 15], "uv_size": [6, 1]},
								"west": {"uv": [16, 0], "uv_size": [6, 1]}
							}
						},
						{
							"origin": [11.25, 6.5, -5],
							"size": [3.5, 0.5, 6],
							"uv": {
								"east": {"uv": [5, 15], "uv_size": [6, 1]},
								"west": {"uv": [16, 0], "uv_size": [6, 1]}
							}
						},
						{
							"origin": [11.25, 2.5, -5],
							"size": [3.5, 4, 0.5],
							"uv": {
								"east": {"uv": [0, 15], "uv_size": [1, 4]},
								"west": {"uv": [1, 15], "uv_size": [1, 4]}
							}
						},
						{
							"origin": [11.25, 2.5, 0.5],
							"size": [3.5, 4, 0.5],
							"uv": {
								"east": {"uv": [0, 15], "uv_size": [1, 4]},
								"west": {"uv": [1, 15], "uv_size": [1, 4]}
							}
						},
						{
							"origin": [11, 1, 1],
							"size": [4, 7, 3],
							"uv": {
								"north": {"uv": [2, 47], "uv_size": [4, 7]},
								"east": {"uv": [61, 11], "uv_size": [3, 7]},
								"south": {"uv": [6, 49], "uv_size": [4, 7]},
								"west": {"uv": [16, 67], "uv_size": [3, 7]},
								"up": {"uv": [39, 70], "uv_size": [4, 3]},
								"down": {"uv": [7, 77], "uv_size": [4, -3]}
							}
						},
						{
							"origin": [11, 7, -5],
							"size": [4, 1, 6],
							"uv": {
								"north": {"uv": [2, 47], "uv_size": [4, 1]},
								"east": {"uv": [64, 11], "uv_size": [6, 1]},
								"south": {"uv": [6, 49], "uv_size": [4, 1]},
								"west": {"uv": [10, 67], "uv_size": [6, 1]},
								"up": {"uv": [39, 73], "uv_size": [4, 6]},
								"down": {"uv": [7, 83], "uv_size": [4, -6]}
							}
						}
					]
				},
				{
					"name": "bone9",
					"parent": "bb_main",
					"pivot": [26, 9, -1],
					"cubes": [
						{
							"origin": [6, 9.25, -9.25],
							"size": [2, 3, 1],
							"uv": {
								"north": {"uv": [46, 27], "uv_size": [2, 3]},
								"east": {"uv": [46, 33], "uv_size": [1, 3]},
								"south": {"uv": [46, 30], "uv_size": [2, 3]},
								"west": {"uv": [46, 36], "uv_size": [1, 3]},
								"up": {"uv": [6, 19], "uv_size": [2, 1]},
								"down": {"uv": [10, 20], "uv_size": [2, -1]}
							}
						},
						{
							"origin": [17, 9.25, -9.25],
							"size": [2, 3, 1],
							"uv": {
								"north": {"uv": [46, 27], "uv_size": [2, 3]},
								"east": {"uv": [46, 33], "uv_size": [1, 3]},
								"south": {"uv": [46, 30], "uv_size": [2, 3]},
								"west": {"uv": [46, 36], "uv_size": [1, 3]},
								"up": {"uv": [6, 19], "uv_size": [2, 1]},
								"down": {"uv": [10, 20], "uv_size": [2, -1]}
							}
						},
						{
							"origin": [6, 9, -9],
							"size": [13, 3, 1],
							"uv": {
								"north": {"uv": [68, 5], "uv_size": [13, 3]},
								"east": {"uv": [2, 15], "uv_size": [1, 3]},
								"south": {"uv": [19, 70], "uv_size": [13, 3]},
								"west": {"uv": [15, 9], "uv_size": [1, 3]},
								"up": {"uv": [48, 26], "uv_size": [13, 1]},
								"down": {"uv": [49, 4], "uv_size": [13, -1]}
							}
						},
						{
							"origin": [10, 10, -9.25],
							"size": [5, 1, 1],
							"uv": {
								"north": {"uv": [0, 32], "uv_size": [5, 1]},
								"east": {"uv": [9, 0], "uv_size": [1, 1]},
								"south": {"uv": [39, 3], "uv_size": [5, 1]},
								"west": {"uv": [10, 0], "uv_size": [1, 1]},
								"up": {"uv": [39, 4], "uv_size": [5, 1]},
								"down": {"uv": [49, 16], "uv_size": [5, -1]}
							}
						},
						{
							"origin": [5, 9, -9],
							"size": [1, 3, 12],
							"uv": {
								"north": {"uv": [22, 15], "uv_size": [1, 3]},
								"east": {"uv": [43, 78], "uv_size": [12, 3]},
								"south": {"uv": [3, 26], "uv_size": [1, 3]},
								"west": {"uv": [78, 67], "uv_size": [12, 3]},
								"up": {"uv": [64, 43], "uv_size": [1, 12]},
								"down": {"uv": [11, 86], "uv_size": [1, -12]}
							}
						},
						{
							"origin": [19, 9, -9],
							"size": [1, 3, 12],
							"uv": {
								"north": {"uv": [4, 26], "uv_size": [1, 3]},
								"east": {"uv": [41, 81], "uv_size": [12, 3]},
								"south": {"uv": [12, 26], "uv_size": [1, 3]},
								"west": {"uv": [81, 50], "uv_size": [12, 3]},
								"up": {"uv": [4, 91], "uv_size": [1, 12]},
								"down": {"uv": [5, 103], "uv_size": [1, -12]}
							}
						},
						{
							"origin": [6, 9, -8],
							"size": [13, 1, 10],
							"uv": {
								"north": {"uv": [49, 4], "uv_size": [13, 1]},
								"east": {"uv": [37, 17], "uv_size": [10, 1]},
								"south": {"uv": [62, 3], "uv_size": [13, 1]},
								"west": {"uv": [37, 18], "uv_size": [10, 1]},
								"up": {"uv": [96, 38], "uv_size": [13, 10]},
								"down": {"uv": [102, 19], "uv_size": [13, -10]}
							}
						},
						{
							"origin": [6, 9, 2],
							"size": [13, 3, 1],
							"uv": {
								"north": {"uv": [72, 11], "uv_size": [13, 3]},
								"east": {"uv": [8, 27], "uv_size": [1, 3]},
								"south": {"uv": [72, 16], "uv_size": [13, 3]},
								"west": {"uv": [46, 0], "uv_size": [1, 3]},
								"up": {"uv": [62, 4], "uv_size": [13, 1]},
								"down": {"uv": [63, 62], "uv_size": [13, -1]}
							}
						}
					]
				},
				{
					"name": "1ne10_illuminated",
					"parent": "bone9",
					"pivot": [18, 8, -4],
					"cubes": [
						{
							"origin": [16, 10, -7.75],
							"size": [2, 1, 4],
							"uv": {
								"north": {"uv": [13, 0], "uv_size": [2, 1]},
								"east": {"uv": [53, 2], "uv_size": [8, 1]},
								"south": {"uv": [14, 12], "uv_size": [2, 1]},
								"west": {"uv": [0, 56], "uv_size": [8, 1]},
								"up": {"uv": [43, 70], "uv_size": [2, 8]},
								"down": {"uv": [12, 82], "uv_size": [2, -8]}
							}
						},
						{
							"origin": [13, 10, -7.75],
							"size": [2, 1, 4],
							"uv": {
								"north": {"uv": [13, 0], "uv_size": [2, 1]},
								"east": {"uv": [53, 2], "uv_size": [8, 1]},
								"south": {"uv": [14, 12], "uv_size": [2, 1]},
								"west": {"uv": [0, 56], "uv_size": [8, 1]},
								"up": {"uv": [43, 70], "uv_size": [2, 8]},
								"down": {"uv": [12, 82], "uv_size": [2, -8]}
							}
						},
						{
							"origin": [10, 10, -8],
							"size": [2, 1, 4],
							"pivot": [18, 8, -4],
							"rotation": [0, 7.5, 0],
							"uv": {
								"north": {"uv": [13, 0], "uv_size": [2, 1]},
								"east": {"uv": [53, 2], "uv_size": [8, 1]},
								"south": {"uv": [14, 12], "uv_size": [2, 1]},
								"west": {"uv": [0, 56], "uv_size": [8, 1]},
								"up": {"uv": [43, 70], "uv_size": [2, 8]},
								"down": {"uv": [12, 82], "uv_size": [2, -8]}
							}
						}
					]
				},
				{
					"name": "bone",
					"parent": "bb_main",
					"pivot": [0, 17, 4],
					"rotation": [-20, 0, 0]
				},
				{
					"name": "light_tube",
					"parent": "bone",
					"pivot": [0, 17, 4]
				}
			]
		}
	]
}