{
  "materials": [
    {
      "item": {
        "type": "forge:partial_nbt",
        "item": "tacz:attachment",
        "nbt": {
          "AttachmentId": "tacz:muzzle_silencer_ptilopsis"
        }
      },
      "count": 1
    },
    {
      "item": {
        "type": "forge:partial_nbt",
        "item": "tacz:attachment",
        "nbt": {
          "AttachmentId": "trisdyna:muzzle_tris1"
        }
      },
      "count": 1
    },
    {
      "item": {
        "item": "minecraft:redstone"
      },
      "count": 10
    }
  ],
  "result": {
    "type": "attachment",
    "id": "trisdyna:muzzle_tris_sl1"
  },
  "type": "tacz:gun_smith_table_crafting"
}