{
  "materials": [
    {
      "item": {
        "type": "forge:partial_nbt",
        "item": "tacz:attachment",
        "nbt": {
          "AttachmentId": "trisdyna:sf7e_ammo_1"
        }
      },
      "count": 1
    },
    {
      "item": {
        "type": "forge:partial_nbt",
        "item": "tacz:attachment",
        "nbt": {
          "AttachmentId": "trisdyna:trammo_2"
        }
      },
      "count": 1
    },
    {
      "item": {
        "type": "forge:partial_nbt",
        "item": "tacz:ammo",
        "nbt": {
          "AmmoId": "trisdyna:emx_b3"
        }
      },
      "count": 6
    },
    {
      "item": {
        "item": "minecraft:redstone"
      },
      "count": 30
    },
    {
      "item": {
        "item": "minecraft:sea_lantern"
      },
      "count": 16
    },
    {
      "item": {
        "item": "minecraft:netherite_ingot"
      },
      "count": 6
    }
  ],
  "result": {
    "type": "attachment",
    "id": "trisdyna:sf7e_ammo_2"
  },
  "type": "tacz:gun_smith_table_crafting"
}