{
  "materials": [
    {
      "item": {
        "type": "forge:partial_nbt",
        "item": "tacz:ammo",
        "nbt": {
          "AmmoId": "trisdyna:emx_b3"
        }
      },
      "count": 1
    },
    {
      "item": {
        "item": "minecraft:redstone"
      },
      "count": 20
    },
    {
      "item": {
        "item": "minecraft:quartz"
      },
      "count": 16
    }
  ],
  "result": {
    "type": "attachment",
    "id": "trisdyna:stock_tris_st2"
  },
  "type": "tacz:gun_smith_table_crafting"
}