{
  "materials": [
    {
      "item": {
        "type": "forge:partial_nbt",
        "item": "tacz:ammo",
        "nbt": {
          "AmmoId": "trisdyna:emx_b3"
        }
      },
      "count": 2
    },
    {
      "item": {
        "item": "minecraft:redstone"
      },
      "count": 40
    },
    {
      "item": {
        "item": "minecraft:gold_ingot"
      },
      "count": 36
    },
    {
      "item": {
        "item": "minecraft:iron_ingot"
      },
      "count": 16
    }
  ],
  "result": {
    "type": "attachment",
    "id": "trisdyna:trammo_3"
  },
  "type": "tacz:gun_smith_table_crafting"
}