{
	"format_version": "1.12.0",
	"minecraft:geometry": [
		{
			"description": {
				"identifier": "geometry.scope_standard_8x - Converted",
				"texture_width": 128,
				"texture_height": 128,
				"visible_bounds_width": 44,
				"visible_bounds_height": 9,
				"visible_bounds_offset": [0, 0.5, 0]
			},
			"bones": [
				{
					"name": "scope_body",
					"pivot": [0, 0.7625, 0.875]
				},
				{
					"name": "bone",
					"parent": "scope_body",
					"pivot": [0, -14.15, 3.4],
					"cubes": [
						{
							"origin": [-0.6875, -0.15937, -0.49062],
							"size": [1.375, 0.21875, 0.21875],
							"pivot": [0, -0.08125, -0.4125],
							"rotation": [45, 0, 0],
							"uv": {
								"north": {"uv": [17, 0], "uv_size": [1.5, 0.5]},
								"east": {"uv": [21, 16], "uv_size": [0.5, 0.5]},
								"south": {"uv": [17, 1], "uv_size": [1.5, 0.5]},
								"west": {"uv": [17, 21], "uv_size": [0.5, 0.5]},
								"up": {"uv": [17, 2], "uv_size": [1.5, 0.5]},
								"down": {"uv": [17, 3.5], "uv_size": [1.5, -0.5]}
							}
						},
						{
							"origin": [-0.6875, -0.15937, -3.36562],
							"size": [1.375, 0.21875, 0.21875],
							"pivot": [0, -0.08125, -3.2875],
							"rotation": [45, 0, 0],
							"uv": {
								"north": {"uv": [17, 18], "uv_size": [1.5, 0.5]},
								"east": {"uv": [0, 22], "uv_size": [0.5, 0.5]},
								"south": {"uv": [0, 19], "uv_size": [1.5, 0.5]},
								"west": {"uv": [22, 0], "uv_size": [0.5, 0.5]},
								"up": {"uv": [19, 0], "uv_size": [1.5, 0.5]},
								"down": {"uv": [19, 1.5], "uv_size": [1.5, -0.5]}
							}
						},
						{
							"origin": [-0.625, -0.08125, -3.725],
							"size": [1.25, 0.25, 3.75],
							"uv": {
								"north": {"uv": [9, 17], "uv_size": [1.5, 0.5]},
								"east": {"uv": [11, 12], "uv_size": [4, 0.5]},
								"south": {"uv": [17, 10], "uv_size": [1.5, 0.5]},
								"west": {"uv": [11, 13], "uv_size": [4, 0.5]},
								"down": {"uv": [2, 4], "uv_size": [1.5, -4]}
							}
						},
						{
							"origin": [-0.5, 0.16875, -3.725],
							"size": [1, 0.125, 3.75],
							"uv": {
								"north": {"uv": [19, 10], "uv_size": [1, 0.5]},
								"south": {"uv": [11, 19], "uv_size": [1, 0.5]}
							}
						},
						{
							"origin": [-0.625, 0.29375, -3.725],
							"size": [1.25, 0.125, 4],
							"uv": {
								"north": {"uv": [19, 11], "uv_size": [1, 0.5]},
								"east": {"uv": [3, 15], "uv_size": [4, 0.5]},
								"south": {"uv": [12, 19], "uv_size": [1, 0.5]},
								"west": {"uv": [11, 15], "uv_size": [4, 0.5]},
								"up": {"uv": [4, 5], "uv_size": [1, 4]},
								"down": {"uv": [5, 9], "uv_size": [1, -4]}
							}
						},
						{
							"origin": [0.55424, 0.41826, -3.725],
							"size": [0.125, 0.25, 4],
							"pivot": [0.17924, 0.56201, 0],
							"rotation": [0, 0, 15],
							"uv": {
								"north": {"uv": [1, 22], "uv_size": [0.5, 0.5]},
								"east": {"uv": [15, 12], "uv_size": [4, 0.5]},
								"south": {"uv": [22, 1], "uv_size": [0.5, 0.5]},
								"west": {"uv": [15, 13], "uv_size": [4, 0.5]},
								"up": {"uv": [3, 11], "uv_size": [0.5, 4]}
							}
						},
						{
							"origin": [0.56471, 0.53523, -3.725],
							"size": [0.125, 0.0625, 4],
							"uv": {
								"north": {"uv": [2, 22], "uv_size": [0.5, 0.5]},
								"east": {"uv": [15, 14], "uv_size": [4, 0.5]},
								"south": {"uv": [22, 2], "uv_size": [0.5, 0.5]},
								"west": {"uv": [15, 15], "uv_size": [4, 0.5]},
								"up": {"uv": [16, 0], "uv_size": [0.5, 4]},
								"down": {"uv": [3, 20], "uv_size": [0.5, -4]}
							}
						},
						{
							"origin": [0.56471, 0.59773, -2.33437],
							"size": [0.125, 0.07813, 0.17187],
							"uv": {
								"east": {"uv": [22, 9], "uv_size": [0.5, 0.5]},
								"west": {"uv": [22, 10], "uv_size": [0.5, 0.5]}
							}
						},
						{
							"origin": [0.56471, 0.59773, -0.1625],
							"size": [0.125, 0.875, 0.4375],
							"uv": {
								"north": {"uv": [19, 12], "uv_size": [0.5, 1]},
								"east": {"uv": [13, 19], "uv_size": [0.5, 1]},
								"south": {"uv": [19, 13], "uv_size": [0.5, 1]},
								"west": {"uv": [14, 19], "uv_size": [0.5, 1]}
							}
						},
						{
							"origin": [0.56471, 1.34773, -1.4125],
							"size": [0.125, 0.25, 1.5625],
							"uv": {
								"east": {"uv": [19, 14], "uv_size": [1, 0.5]},
								"west": {"uv": [15, 19], "uv_size": [1, 0.5]},
								"up": {"uv": [19, 15], "uv_size": [0.5, 1]},
								"down": {"uv": [16, 20], "uv_size": [0.5, -1]}
							}
						},
						{
							"origin": [0.56471, 1.73173, -2.06044],
							"size": [0.125, 0.25, 1.25],
							"pivot": [0.18971, 1.06298, -0.64794],
							"rotation": [45, 0, 0],
							"uv": {
								"east": {"uv": [19, 16], "uv_size": [1, 0.5]},
								"west": {"uv": [17, 19], "uv_size": [1, 0.5]},
								"up": {"uv": [19, 17], "uv_size": [0.5, 1]},
								"down": {"uv": [18, 20], "uv_size": [0.5, -1]}
							}
						},
						{
							"origin": [0.56471, 1.91923, -2.24794],
							"size": [0.125, 0.0625, 0.1875],
							"pivot": [0.18971, 1.06298, -0.64794],
							"rotation": [45, 0, 0],
							"uv": {
								"east": {"uv": [22, 6], "uv_size": [0.5, 0.5]},
								"west": {"uv": [22, 7], "uv_size": [0.5, 0.5]},
								"up": {"uv": [8, 22], "uv_size": [0.5, 0.5]}
							}
						},
						{
							"origin": [-0.67924, 0.41826, -3.725],
							"size": [0.125, 0.25, 4],
							"pivot": [-0.17924, 0.56201, 0],
							"rotation": [0, 0, -15],
							"uv": {
								"north": {"uv": [22, 22], "uv_size": [0.5, 0.5]},
								"east": {"uv": [16, 6], "uv_size": [4, 0.5]},
								"south": {"uv": [0, 23], "uv_size": [0.5, 0.5]},
								"west": {"uv": [16, 7], "uv_size": [4, 0.5]},
								"up": {"uv": [6, 16], "uv_size": [0.5, 4]}
							}
						},
						{
							"origin": [-0.6897, 0.59773, -0.1625],
							"size": [0.125, 0.875, 0.4375],
							"uv": {
								"north": {"uv": [5, 20], "uv_size": [0.5, 1]},
								"east": {"uv": [20, 5], "uv_size": [0.5, 1]},
								"south": {"uv": [6, 20], "uv_size": [0.5, 1]},
								"west": {"uv": [20, 6], "uv_size": [0.5, 1]}
							}
						},
						{
							"origin": [0.56471, 1.25448, 0.17309],
							"size": [0.125, 0.17678, 0.125],
							"pivot": [0.18971, 1.33573, 0.02309],
							"rotation": [45, 0, 0],
							"uv": {
								"east": {"uv": [10.5, 29], "uv_size": [-0.5, 0.5]},
								"south": {"uv": [26.5, 28], "uv_size": [-0.5, 0.5]},
								"west": {"uv": [21.5, 28], "uv_size": [-0.5, 0.5]}
							}
						},
						{
							"origin": [-0.6897, 1.25448, 0.17309],
							"size": [0.125, 0.17678, 0.125],
							"pivot": [-0.18971, 1.33573, 0.02309],
							"rotation": [45, 0, 0],
							"uv": {
								"east": {"uv": [21, 28], "uv_size": [0.5, 0.5]},
								"south": {"uv": [26, 28], "uv_size": [0.5, 0.5]},
								"west": {"uv": [10, 29], "uv_size": [0.5, 0.5]}
							}
						},
						{
							"origin": [-0.6897, 0.53523, -3.725],
							"size": [0.125, 0.0625, 4],
							"uv": {
								"north": {"uv": [20, 22], "uv_size": [0.5, 0.5]},
								"east": {"uv": [16, 4], "uv_size": [4, 0.5]},
								"south": {"uv": [22, 20], "uv_size": [0.5, 0.5]},
								"west": {"uv": [16, 5], "uv_size": [4, 0.5]},
								"up": {"uv": [4, 16], "uv_size": [0.5, 4]},
								"down": {"uv": [5, 20], "uv_size": [0.5, -4]}
							}
						},
						{
							"origin": [-0.6897, 1.34773, -1.4125],
							"size": [0.125, 0.25, 1.5625],
							"uv": {
								"east": {"uv": [2, 20], "uv_size": [1, 0.5]},
								"west": {"uv": [3, 20], "uv_size": [1, 0.5]},
								"up": {"uv": [4, 20], "uv_size": [0.5, 1]},
								"down": {"uv": [20, 5], "uv_size": [0.5, -1]}
							}
						},
						{
							"origin": [-0.6897, 1.73173, -2.06044],
							"size": [0.125, 0.25, 1.25],
							"pivot": [-0.18971, 1.06298, -0.64794],
							"rotation": [45, 0, 0],
							"uv": {
								"east": {"uv": [19, 18], "uv_size": [1, 0.5]},
								"west": {"uv": [19, 19], "uv_size": [1, 0.5]},
								"up": {"uv": [0, 20], "uv_size": [0.5, 1]},
								"down": {"uv": [1, 21], "uv_size": [0.5, -1]}
							}
						},
						{
							"origin": [-0.6897, 0.59773, -2.33437],
							"size": [0.125, 0.07813, 0.17187],
							"uv": {
								"east": {"uv": [22, 15], "uv_size": [0.5, 0.5]},
								"west": {"uv": [22, 16], "uv_size": [0.5, 0.5]}
							}
						},
						{
							"origin": [-0.6897, 1.91923, -2.24794],
							"size": [0.125, 0.0625, 0.1875],
							"pivot": [-0.18971, 1.06298, -0.64794],
							"rotation": [45, 0, 0],
							"uv": {
								"east": {"uv": [22, 12], "uv_size": [0.5, 0.5]},
								"west": {"uv": [22, 13], "uv_size": [0.5, 0.5]},
								"up": {"uv": [14, 22], "uv_size": [0.5, 0.5]}
							}
						},
						{
							"origin": [-0.625, -0.26875, -0.725],
							"size": [1.25, 0.1875, 0.75],
							"uv": {
								"east": {"uv": [2, 19], "uv_size": [1, 0.5]},
								"south": {"uv": [17, 11], "uv_size": [1.5, 0.5]},
								"west": {"uv": [7, 19], "uv_size": [1, 0.5]},
								"down": {"uv": [13, 17], "uv_size": [1.5, -1]}
							}
						},
						{
							"origin": [-0.625, -0.34809, -0.79595],
							"size": [1.25, 0.1875, 0.3125],
							"pivot": [0, -0.01684, -0.50845],
							"rotation": [-45, 0, 0],
							"uv": {
								"east": {"uv": [21, 19], "uv_size": [0.5, 0.5]},
								"west": {"uv": [20, 21], "uv_size": [0.5, 0.5]},
								"down": {"uv": [9, 18.5], "uv_size": [1.5, -0.5]}
							}
						},
						{
							"origin": [-0.625, -0.34809, -3.21655],
							"size": [1.25, 0.1875, 0.3125],
							"pivot": [0, -0.01684, -3.19155],
							"rotation": [45, 0, 0],
							"uv": {
								"east": {"uv": [21, 20], "uv_size": [0.5, 0.5]},
								"west": {"uv": [21, 21], "uv_size": [0.5, 0.5]},
								"down": {"uv": [15, 18.5], "uv_size": [1.5, -0.5]}
							}
						},
						{
							"origin": [-0.625, -0.26875, -3.725],
							"size": [1.25, 0.1875, 0.75],
							"uv": {
								"north": {"uv": [13, 17], "uv_size": [1.5, 0.5]},
								"east": {"uv": [9, 19], "uv_size": [1, 0.5]},
								"west": {"uv": [10, 19], "uv_size": [1, 0.5]},
								"down": {"uv": [0, 18], "uv_size": [1.5, -1]}
							}
						},
						{
							"origin": [0.53596, -0.25646, -3.725],
							"size": [0.1875, 0.17678, 3.75],
							"pivot": [0.16096, -0.16271, -3.475],
							"rotation": [0, 0, -45],
							"uv": {
								"north": {"uv": [21, 17], "uv_size": [0.5, 0.5]},
								"south": {"uv": [18, 21], "uv_size": [0.5, 0.5]},
								"west": {"uv": [14, 9], "uv_size": [4, 0.5]}
							}
						},
						{
							"origin": [-0.72346, -0.25646, -3.725],
							"size": [0.1875, 0.17678, 3.75],
							"pivot": [-0.16096, -0.16271, -3.475],
							"rotation": [0, 0, 45],
							"uv": {
								"north": {"uv": [21, 18], "uv_size": [0.5, 0.5]},
								"east": {"uv": [11, 14], "uv_size": [4, 0.5]},
								"south": {"uv": [19, 21], "uv_size": [0.5, 0.5]}
							}
						}
					]
				},
				{
					"name": "bone2",
					"parent": "bone",
					"pivot": [0, 0.4375, 0],
					"cubes": [
						{
							"origin": [0.4375, 0.54375, -4.725],
							"size": [0.125, 1.125, 5.75],
							"uv": {
								"north": {"uv": [7, 20], "uv_size": [0.5, 1]},
								"east": {"uv": [0, 4], "uv_size": [5.5, 1]},
								"west": {"uv": [4, 0], "uv_size": [5.5, 1]}
							}
						},
						{
							"origin": [0.589, 1.26551, -4.725],
							"size": [0.125, 0.17678, 5.75],
							"pivot": [0.15149, 1.28426, 0],
							"rotation": [0, 0, -45],
							"uv": {
								"north": {"uv": [23, 0], "uv_size": [0.5, 0.5]},
								"east": {"uv": [10, 3], "uv_size": [5.5, 0.5]},
								"west": {"uv": [10, 4], "uv_size": [5.5, 0.5]}
							}
						},
						{
							"origin": [0.589, 0.77021, -4.725],
							"size": [0.125, 0.17678, 5.75],
							"pivot": [0.15149, 0.92824, 0],
							"rotation": [0, 0, 45],
							"uv": {
								"north": {"uv": [23, 1], "uv_size": [0.5, 0.5]},
								"east": {"uv": [10, 5], "uv_size": [5.5, 0.5]},
								"west": {"uv": [10, 6], "uv_size": [5.5, 0.5]}
							}
						},
						{
							"origin": [-0.71399, 0.77021, -4.725],
							"size": [0.125, 0.17678, 5.75],
							"pivot": [-0.15149, 0.92824, 0],
							"rotation": [0, 0, -45],
							"uv": {
								"north": {"uv": [23, 3], "uv_size": [0.5, 0.5]},
								"east": {"uv": [11, 10], "uv_size": [5.5, 0.5]},
								"west": {"uv": [11, 11], "uv_size": [5.5, 0.5]}
							}
						},
						{
							"origin": [-0.71399, 1.26551, -4.725],
							"size": [0.125, 0.17678, 5.75],
							"pivot": [-0.15149, 1.28426, 0],
							"rotation": [0, 0, 45],
							"uv": {
								"north": {"uv": [23, 2], "uv_size": [0.5, 0.5]},
								"east": {"uv": [10, 7], "uv_size": [5.5, 0.5]},
								"west": {"uv": [10, 8], "uv_size": [5.5, 0.5]}
							}
						},
						{
							"origin": [-0.4375, 1.66875, -4.725],
							"size": [0.875, 0.125, 5.75],
							"uv": {
								"north": {"uv": [9, 20], "uv_size": [1, 0.5]},
								"up": {"uv": [0, 5], "uv_size": [1, 5.5]},
								"down": {"uv": [1, 10.5], "uv_size": [1, -5.5]}
							}
						},
						{
							"origin": [-0.4375, 0.41875, -4.725],
							"size": [0.875, 0.125, 5.75],
							"uv": {
								"north": {"uv": [10, 20], "uv_size": [1, 0.5]},
								"up": {"uv": [2, 5], "uv_size": [1, 5.5]},
								"down": {"uv": [3, 10.5], "uv_size": [1, -5.5]}
							}
						},
						{
							"origin": [0.375, 0.04375, -3.75625],
							"size": [0.0625, 0.3125, 0.03125],
							"uv": {
								"north": {"uv": [14, 26], "uv_size": [0.5, 0.5]},
								"east": {"uv": [26, 14], "uv_size": [0.5, 0.5]},
								"west": {"uv": [26, 15], "uv_size": [0.5, 0.5]},
								"up": {"uv": [16, 26], "uv_size": [0.5, 0.5]},
								"down": {"uv": [26, 16.5], "uv_size": [0.5, -0.5]}
							}
						},
						{
							"origin": [-0.4375, 0.04375, -3.75625],
							"size": [0.0625, 0.3125, 0.03125],
							"uv": {
								"north": {"uv": [18, 26], "uv_size": [0.5, 0.5]},
								"east": {"uv": [26, 18], "uv_size": [0.5, 0.5]},
								"west": {"uv": [26, 19], "uv_size": [0.5, 0.5]},
								"up": {"uv": [20, 26], "uv_size": [0.5, 0.5]},
								"down": {"uv": [26, 20.5], "uv_size": [0.5, -0.5]}
							}
						},
						{
							"origin": [-0.375, 0.04375, -3.75625],
							"size": [0.75, 0.0625, 0.03125],
							"uv": {
								"north": {"uv": [25, 9], "uv_size": [1, 0.5]},
								"up": {"uv": [25, 10], "uv_size": [1, 0.5]},
								"down": {"uv": [11, 25.5], "uv_size": [1, -0.5]}
							}
						},
						{
							"origin": [-0.375, 0.29375, -3.75625],
							"size": [0.75, 0.0625, 0.03125],
							"uv": {
								"north": {"uv": [25, 11], "uv_size": [1, 0.5]},
								"up": {"uv": [10, 26], "uv_size": [1, 0.5]},
								"down": {"uv": [26, 10.5], "uv_size": [1, -0.5]}
							}
						},
						{
							"origin": [-0.375, 0.10625, -3.74062],
							"size": [0.75, 0.1875, 0.01562],
							"uv": {
								"north": {"uv": [11, 26], "uv_size": [1, 0.5]}
							}
						},
						{
							"origin": [-0.4375, 0.54375, -4.6625],
							"size": [0.875, 1.125, 5.84375],
							"uv": {
								"north": {"uv": [6, 13], "uv_size": [1, 1]},
								"south": {"uv": [6, 14], "uv_size": [1, 1]}
							}
						},
						{
							"origin": [-0.5625, 0.54375, -4.725],
							"size": [0.125, 1.125, 5.75],
							"uv": {
								"north": {"uv": [8, 20], "uv_size": [0.5, 1]},
								"east": {"uv": [4, 1], "uv_size": [5.5, 1]},
								"west": {"uv": [4, 2], "uv_size": [5.5, 1]}
							}
						}
					]
				},
				{
					"name": "bone3",
					"parent": "bone2",
					"pivot": [0, 1.125, -8.125],
					"cubes": [
						{
							"origin": [0.4375, 0.85625, -4.6625],
							"size": [0.25, 0.625, 1.5],
							"uv": {
								"north": {"uv": [5, 24], "uv_size": [0.5, 0.5]},
								"south": {"uv": [24, 5], "uv_size": [0.5, 0.5]},
								"west": {"uv": [19, 3], "uv_size": [1.5, 0.5]},
								"up": {"uv": [2, 17], "uv_size": [0.5, 1.5]},
								"down": {"uv": [7, 18.5], "uv_size": [0.5, -1.5]}
							}
						},
						{
							"origin": [0.4375, 4.17667, -5.5079],
							"size": [0.25, 0.0625, 0.09375],
							"pivot": [0, 3.88292, -0.8454],
							"rotation": [45, 0, 0],
							"uv": {
								"east": {"uv": [24, 9], "uv_size": [0.5, 0.5]},
								"west": {"uv": [24, 10], "uv_size": [0.5, 0.5]},
								"down": {"uv": [24, 11.5], "uv_size": [0.5, -0.5]}
							}
						},
						{
							"origin": [0.4375, 0.79375, -4.6625],
							"size": [0.25, 0.0625, 0.3125],
							"uv": {
								"north": {"uv": [6, 24], "uv_size": [0.5, 0.5]},
								"west": {"uv": [24, 7], "uv_size": [0.5, 0.5]},
								"down": {"uv": [24, 8.5], "uv_size": [0.5, -0.5]}
							}
						},
						{
							"origin": [0.4375, 4.17667, -2.46085],
							"size": [0.25, 0.0625, 0.09375],
							"pivot": [0, 3.88292, -7.0296],
							"rotation": [-45, 0, 0],
							"uv": {
								"east": {"uv": [24, 13], "uv_size": [0.5, 0.5]},
								"west": {"uv": [24, 14], "uv_size": [0.5, 0.5]},
								"down": {"uv": [24, 15.5], "uv_size": [0.5, -0.5]}
							}
						},
						{
							"origin": [0.4375, 0.79375, -3.525],
							"size": [0.25, 0.0625, 0.8625],
							"uv": {
								"south": {"uv": [24, 12], "uv_size": [0.5, 0.5]},
								"west": {"uv": [15, 21], "uv_size": [1, 0.5]},
								"up": {"uv": [21, 15], "uv_size": [0.5, 1]},
								"down": {"uv": [16, 22], "uv_size": [0.5, -1]}
							}
						},
						{
							"origin": [0.4375, 0.85625, -3.1625],
							"size": [0.1875, 0.5625, 0.5],
							"uv": {
								"east": {"uv": [24, 19], "uv_size": [0.5, 0.5]},
								"south": {"uv": [20, 24], "uv_size": [0.5, 0.5]},
								"west": {"uv": [24, 20], "uv_size": [0.5, 0.5]}
							}
						},
						{
							"origin": [0.4375, 0.65312, -3.13125],
							"size": [0.15625, 0.125, 0.75],
							"uv": {
								"west": {"uv": [24, 30], "uv_size": [0.5, 0.5]},
								"up": {"uv": [30, 24], "uv_size": [0.5, 0.5]},
								"down": {"uv": [25, 30.5], "uv_size": [0.5, -0.5]}
							}
						},
						{
							"origin": [0.4375, -1.14351, -4.36879],
							"size": [0.15625, 0.125, 0.25],
							"pivot": [0, -1.43726, -1.45629],
							"rotation": [-45, 0, 0],
							"uv": {
								"east": {"uv": [0, 31], "uv_size": [0.5, 0.5]},
								"west": {"uv": [1, 31], "uv_size": [0.5, 0.5]},
								"up": {"uv": [31, 1], "uv_size": [0.5, 0.5]},
								"down": {"uv": [2, 31.5], "uv_size": [0.5, -0.5]}
							}
						},
						{
							"origin": [0.4375, 1.32362, -1.76253],
							"size": [0.15625, 0.125, 0.25],
							"uv": {
								"south": {"uv": [31, 4], "uv_size": [0.5, 0.5]},
								"west": {"uv": [5, 31], "uv_size": [0.5, 0.5]},
								"up": {"uv": [31, 5], "uv_size": [0.5, 0.5]},
								"down": {"uv": [6, 31.5], "uv_size": [0.5, -0.5]}
							}
						},
						{
							"origin": [0.4375, 2.97539, -3.09981],
							"size": [0.15625, 0.125, 1],
							"pivot": [0, 2.68164, 0.06269],
							"rotation": [45, 0, 0],
							"uv": {
								"east": {"uv": [30, 20], "uv_size": [1, 0.5]},
								"west": {"uv": [21, 30], "uv_size": [1, 0.5]},
								"up": {"uv": [30, 21], "uv_size": [0.5, 1]},
								"down": {"uv": [22, 31], "uv_size": [0.5, -1]}
							}
						},
						{
							"origin": [-0.59375, -1.14351, -4.36879],
							"size": [0.15625, 0.125, 0.25],
							"pivot": [0, -1.43726, -1.45629],
							"rotation": [-45, 0, 0],
							"uv": {
								"east": {"uv": [1.5, 31], "uv_size": [-0.5, 0.5]},
								"west": {"uv": [0.5, 31], "uv_size": [-0.5, 0.5]},
								"up": {"uv": [31.5, 1], "uv_size": [-0.5, 0.5]},
								"down": {"uv": [2.5, 31.5], "uv_size": [-0.5, -0.5]}
							}
						},
						{
							"origin": [-0.59375, 0.65312, -3.13125],
							"size": [0.15625, 0.125, 0.75],
							"uv": {
								"east": {"uv": [24.5, 30], "uv_size": [-0.5, 0.5]},
								"up": {"uv": [30.5, 24], "uv_size": [-0.5, 0.5]},
								"down": {"uv": [25.5, 30.5], "uv_size": [-0.5, -0.5]}
							}
						},
						{
							"origin": [-0.59375, 2.97539, -3.09981],
							"size": [0.15625, 0.125, 1],
							"pivot": [0, 2.68164, 0.06269],
							"rotation": [45, 0, 0],
							"uv": {
								"east": {"uv": [22, 30], "uv_size": [-1, 0.5]},
								"west": {"uv": [31, 20], "uv_size": [-1, 0.5]},
								"up": {"uv": [30.5, 21], "uv_size": [-0.5, 1]},
								"down": {"uv": [22.5, 31], "uv_size": [-0.5, -1]}
							}
						},
						{
							"origin": [-0.59375, 1.32362, -1.76253],
							"size": [0.15625, 0.125, 0.25],
							"uv": {
								"east": {"uv": [5.5, 31], "uv_size": [-0.5, 0.5]},
								"south": {"uv": [31.5, 4], "uv_size": [-0.5, 0.5]},
								"up": {"uv": [31.5, 5], "uv_size": [-0.5, 0.5]},
								"down": {"uv": [6.5, 31.5], "uv_size": [-0.5, -0.5]}
							}
						},
						{
							"origin": [0.4375, 1.41875, -3.1625],
							"size": [0.25, 0.0625, 0.5],
							"uv": {
								"south": {"uv": [17, 24], "uv_size": [0.5, 0.5]},
								"west": {"uv": [24, 17], "uv_size": [0.5, 0.5]},
								"up": {"uv": [18, 24], "uv_size": [0.5, 0.5]},
								"down": {"uv": [24, 18.5], "uv_size": [0.5, -0.5]}
							}
						}
					]
				},
				{
					"name": "bone4",
					"parent": "bone2",
					"pivot": [0, 1.125, -8.125],
					"cubes": [
						{
							"origin": [-0.6875, 0.85625, -4.6625],
							"size": [0.25, 0.625, 1.5],
							"uv": {
								"north": {"uv": [25, 2], "uv_size": [0.5, 0.5]},
								"east": {"uv": [22, 24], "uv_size": [1.5, 0.5]},
								"south": {"uv": [3, 25], "uv_size": [0.5, 0.5]},
								"up": {"uv": [24, 23], "uv_size": [0.5, 1.5]},
								"down": {"uv": [0, 26.5], "uv_size": [0.5, -1.5]}
							}
						},
						{
							"origin": [-0.59375, 0.575, 0.41563],
							"size": [1.1875, 0.09375, 0.5],
							"uv": {
								"north": {"uv": [30, 11], "uv_size": [1, 0.5]},
								"east": {"uv": [30, 18], "uv_size": [0.5, 0.5]},
								"south": {"uv": [12, 30], "uv_size": [1, 0.5]},
								"west": {"uv": [19, 30], "uv_size": [0.5, 0.5]},
								"up": {"uv": [30, 12], "uv_size": [1, 0.5]},
								"down": {"uv": [13, 30.5], "uv_size": [1, -0.5]}
							}
						},
						{
							"origin": [-0.59375, 0.66875, 0.41563],
							"size": [1.1875, 0.84375, 0.07813],
							"uv": {
								"north": {"uv": [0, 30], "uv_size": [1, 1]},
								"east": {"uv": [9, 30], "uv_size": [0.5, 1]},
								"south": {"uv": [1, 30], "uv_size": [1, 1]},
								"west": {"uv": [10, 30], "uv_size": [0.5, 1]}
							}
						},
						{
							"origin": [-0.57812, 0.90313, 0.49375],
							"size": [1.15625, 0.375, 0.34375],
							"uv": {
								"east": {"uv": [30, 17], "uv_size": [0.5, 0.5]},
								"west": {"uv": [18, 30], "uv_size": [0.5, 0.5]},
								"up": {"uv": [7, 30], "uv_size": [1, 0.5]},
								"down": {"uv": [8, 30.5], "uv_size": [1, -0.5]}
							}
						},
						{
							"origin": [-0.59375, 0.66875, 0.8375],
							"size": [1.1875, 0.84375, 0.07812],
							"uv": {
								"north": {"uv": [3, 30], "uv_size": [1, 1]},
								"east": {"uv": [30, 13], "uv_size": [0.5, 1]},
								"south": {"uv": [4, 30], "uv_size": [1, 1]},
								"west": {"uv": [14, 30], "uv_size": [0.5, 1]}
							}
						},
						{
							"origin": [-0.59375, 1.5125, 0.41563],
							"size": [1.1875, 0.09375, 0.5],
							"uv": {
								"north": {"uv": [30, 15], "uv_size": [1, 0.5]},
								"east": {"uv": [30, 19], "uv_size": [0.5, 0.5]},
								"south": {"uv": [16, 30], "uv_size": [1, 0.5]},
								"west": {"uv": [20, 30], "uv_size": [0.5, 0.5]},
								"up": {"uv": [30, 16], "uv_size": [1, 0.5]},
								"down": {"uv": [17, 30.5], "uv_size": [1, -0.5]}
							}
						},
						{
							"origin": [-0.75, 1.37188, -4.69375],
							"size": [0.3125, 0.07813, 0.07812],
							"uv": {
								"north": {"uv": [25, 3], "uv_size": [0.5, 0.5]},
								"east": {"uv": [4, 25], "uv_size": [0.5, 0.5]},
								"south": {"uv": [25, 4], "uv_size": [0.5, 0.5]},
								"up": {"uv": [25, 5], "uv_size": [0.5, 0.5]},
								"down": {"uv": [6, 25.5], "uv_size": [0.5, -0.5]}
							}
						},
						{
							"origin": [-0.75, 0.80938, -4.69375],
							"size": [0.3125, 0.07813, 0.07812],
							"uv": {
								"north": {"uv": [25, 6], "uv_size": [0.5, 0.5]},
								"east": {"uv": [7, 25], "uv_size": [0.5, 0.5]},
								"south": {"uv": [25, 7], "uv_size": [0.5, 0.5]},
								"up": {"uv": [25, 8], "uv_size": [0.5, 0.5]},
								"down": {"uv": [9, 25.5], "uv_size": [0.5, -0.5]}
							}
						},
						{
							"origin": [-0.67187, 1.15313, -4.69375],
							"size": [0.23437, 0.07813, 0.07812],
							"uv": {
								"north": {"uv": [25, 6], "uv_size": [0.5, 0.5]},
								"up": {"uv": [25, 8], "uv_size": [0.5, 0.5]},
								"down": {"uv": [9, 25.5], "uv_size": [0.5, -0.5]}
							}
						},
						{
							"origin": [-0.75, 0.87188, -4.69375],
							"size": [0.07812, 0.5, 0.07812],
							"uv": {
								"north": {"uv": [7, 26], "uv_size": [0.5, 0.5]},
								"east": {"uv": [26, 7], "uv_size": [0.5, 0.5]},
								"south": {"uv": [8, 26], "uv_size": [0.5, 0.5]},
								"west": {"uv": [26, 8], "uv_size": [0.5, 0.5]}
							}
						},
						{
							"origin": [0.4375, 0.80938, -4.69375],
							"size": [0.3125, 0.07813, 0.07812],
							"uv": {
								"north": {"uv": [25.5, 6], "uv_size": [-0.5, 0.5]},
								"south": {"uv": [25.5, 7], "uv_size": [-0.5, 0.5]},
								"west": {"uv": [7.5, 25], "uv_size": [-0.5, 0.5]},
								"up": {"uv": [25.5, 8], "uv_size": [-0.5, 0.5]},
								"down": {"uv": [9.5, 25.5], "uv_size": [-0.5, -0.5]}
							}
						},
						{
							"origin": [0.4375, 1.37188, -4.69375],
							"size": [0.3125, 0.07813, 0.07812],
							"uv": {
								"north": {"uv": [25.5, 3], "uv_size": [-0.5, 0.5]},
								"south": {"uv": [25.5, 4], "uv_size": [-0.5, 0.5]},
								"west": {"uv": [4.5, 25], "uv_size": [-0.5, 0.5]},
								"up": {"uv": [25.5, 5], "uv_size": [-0.5, 0.5]},
								"down": {"uv": [6.5, 25.5], "uv_size": [-0.5, -0.5]}
							}
						},
						{
							"origin": [0.67188, 0.87188, -4.69375],
							"size": [0.07812, 0.5, 0.07812],
							"uv": {
								"north": {"uv": [7.5, 26], "uv_size": [-0.5, 0.5]},
								"east": {"uv": [26.5, 8], "uv_size": [-0.5, 0.5]},
								"south": {"uv": [8.5, 26], "uv_size": [-0.5, 0.5]},
								"west": {"uv": [26.5, 7], "uv_size": [-0.5, 0.5]}
							}
						},
						{
							"origin": [-0.6875, 4.17667, -5.5079],
							"size": [0.25, 0.0625, 0.09375],
							"pivot": [0, 3.88292, -0.8454],
							"rotation": [45, 0, 0],
							"uv": {
								"east": {"uv": [13, 25], "uv_size": [0.5, 0.5]},
								"west": {"uv": [14, 25], "uv_size": [0.5, 0.5]},
								"down": {"uv": [15, 25.5], "uv_size": [0.5, -0.5]}
							}
						},
						{
							"origin": [-0.6875, 0.79375, -4.6625],
							"size": [0.25, 0.0625, 0.3125],
							"uv": {
								"north": {"uv": [25, 15], "uv_size": [0.5, 0.5]},
								"east": {"uv": [16, 25], "uv_size": [0.5, 0.5]},
								"down": {"uv": [18, 25.5], "uv_size": [0.5, -0.5]}
							}
						},
						{
							"origin": [-0.6875, 4.17667, -2.46085],
							"size": [0.25, 0.0625, 0.09375],
							"pivot": [0, 3.88292, -7.0296],
							"rotation": [-45, 0, 0],
							"uv": {
								"east": {"uv": [19, 25], "uv_size": [0.5, 0.5]},
								"west": {"uv": [20, 25], "uv_size": [0.5, 0.5]},
								"down": {"uv": [21, 25.5], "uv_size": [0.5, -0.5]}
							}
						},
						{
							"origin": [-0.6875, 0.79375, -3.525],
							"size": [0.25, 0.0625, 0.8625],
							"uv": {
								"east": {"uv": [25, 0], "uv_size": [1, 0.5]},
								"south": {"uv": [22, 25], "uv_size": [0.5, 0.5]},
								"up": {"uv": [25, 1], "uv_size": [0.5, 1]},
								"down": {"uv": [2, 26], "uv_size": [0.5, -1]}
							}
						},
						{
							"origin": [-0.625, 0.85625, -3.1625],
							"size": [0.1875, 0.5625, 0.5],
							"uv": {
								"east": {"uv": [25, 23], "uv_size": [0.5, 0.5]},
								"south": {"uv": [24, 25], "uv_size": [0.5, 0.5]}
							}
						},
						{
							"origin": [-0.625, 0.85625, -3.1625],
							"size": [1.25, 0.5625, 0.5],
							"inflate": 0.002,
							"uv": {
								"east": {"uv": [27.5, 25], "uv_size": [5, 6.5]},
								"west": {"uv": [27.5, 25], "uv_size": [5, 6.5]}
							}
						},
						{
							"origin": [-0.6875, 1.41875, -3.1625],
							"size": [0.25, 0.0625, 0.5],
							"uv": {
								"east": {"uv": [26, 1], "uv_size": [0.5, 0.5]},
								"south": {"uv": [2, 26], "uv_size": [0.5, 0.5]},
								"up": {"uv": [3, 26], "uv_size": [0.5, 0.5]},
								"down": {"uv": [26, 3.5], "uv_size": [0.5, -0.5]}
							}
						}
					]
				},
				{
					"name": "be7_illuminated",
					"parent": "bone4",
					"pivot": [0, -0.03125, 0],
					"cubes": [
						{
							"origin": [0.54688, 0.87188, -4.67812],
							"size": [0.14062, 0.5, 0.0625],
							"uv": {
								"north": {"uv": [4.5, 26], "uv_size": [-0.5, 0.5]}
							}
						},
						{
							"origin": [-0.6875, 0.87188, -4.67812],
							"size": [0.14062, 0.34375, 0.0625],
							"uv": {
								"north": {"uv": [16, 29], "uv_size": [0.5, 0.5]}
							}
						},
						{
							"origin": [-0.6875, 1.21563, -4.67812],
							"size": [0.14062, 0.15625, 0.0625],
							"uv": {
								"north": {"uv": [29, 11], "uv_size": [0.5, 0.5]}
							}
						}
					]
				},
				{
					"name": "group",
					"parent": "bone2",
					"pivot": [8, -8.9375, -15.75],
					"cubes": [
						{
							"origin": [-0.375, 1.76563, -4.67187],
							"size": [0.75, 0.25, 2],
							"uv": {
								"north": {"uv": [27, 11], "uv_size": [1, 0.5]},
								"east": {"uv": [6, 27], "uv_size": [2, 0.5]},
								"south": {"uv": [12, 27], "uv_size": [1, 0.5]},
								"west": {"uv": [8, 27], "uv_size": [2, 0.5]}
							}
						},
						{
							"origin": [-0.375, 1.17401, 2.65955],
							"size": [0.75, 0.125, 0.6875],
							"pivot": [0, -9.77912, -1.16859],
							"rotation": [27.5, 0, 0],
							"uv": {
								"north": {"uv": [27, 12], "uv_size": [1, 0.5]},
								"east": {"uv": [0, 28], "uv_size": [0.5, 0.5]},
								"south": {"uv": [13, 27], "uv_size": [1, 0.5]},
								"west": {"uv": [28, 0], "uv_size": [0.5, 0.5]},
								"down": {"uv": [27, 13.5], "uv_size": [1, -0.5]}
							}
						},
						{
							"origin": [-0.375, 2.01563, -3.17187],
							"size": [0.75, 0.125, 0.25],
							"uv": {
								"north": {"uv": [14, 27], "uv_size": [1, 0.5]},
								"south": {"uv": [27, 14], "uv_size": [1, 0.5]},
								"up": {"uv": [15, 27], "uv_size": [1, 0.5]}
							}
						},
						{
							"origin": [0.1873, 1.88588, -3.17187],
							"size": [0.177, 0.177, 0.25],
							"pivot": [0.375, 1.87518, -6.29687],
							"rotation": [0, 0, 45],
							"uv": {
								"north": {"uv": [1, 28], "uv_size": [0.5, 0.5]},
								"south": {"uv": [28, 1], "uv_size": [0.5, 0.5]},
								"up": {"uv": [28, 2], "uv_size": [0.5, 0.5]}
							}
						},
						{
							"origin": [-0.3643, 1.88588, -3.17187],
							"size": [0.177, 0.177, 0.25],
							"pivot": [-0.375, 1.87518, -6.29687],
							"rotation": [0, 0, -45],
							"uv": {
								"north": {"uv": [3, 28], "uv_size": [0.5, 0.5]},
								"south": {"uv": [4, 28], "uv_size": [0.5, 0.5]},
								"up": {"uv": [28, 4], "uv_size": [0.5, 0.5]}
							}
						},
						{
							"origin": [-0.375, 2.01563, -3.67187],
							"size": [0.75, 0.125, 0.25],
							"uv": {
								"north": {"uv": [27, 15], "uv_size": [1, 0.5]},
								"south": {"uv": [16, 27], "uv_size": [1, 0.5]},
								"up": {"uv": [27, 16], "uv_size": [1, 0.5]}
							}
						},
						{
							"origin": [0.1873, 1.88588, -3.67187],
							"size": [0.177, 0.177, 0.25],
							"pivot": [0.375, 1.87518, -6.79687],
							"rotation": [0, 0, 45],
							"uv": {
								"north": {"uv": [5, 28], "uv_size": [0.5, 0.5]},
								"south": {"uv": [28, 5], "uv_size": [0.5, 0.5]},
								"up": {"uv": [28, 6], "uv_size": [0.5, 0.5]}
							}
						},
						{
							"origin": [-0.3643, 1.88588, -3.67187],
							"size": [0.177, 0.177, 0.25],
							"pivot": [-0.375, 1.87518, -6.79687],
							"rotation": [0, 0, -45],
							"uv": {
								"north": {"uv": [7, 28], "uv_size": [0.5, 0.5]},
								"south": {"uv": [8, 28], "uv_size": [0.5, 0.5]},
								"up": {"uv": [28, 8], "uv_size": [0.5, 0.5]}
							}
						},
						{
							"origin": [-0.5, 2.01563, -4.67187],
							"size": [1, 0.001, 2.5],
							"uv": {
								"north": {"uv": [0, 0], "uv_size": [1, 0]},
								"east": {"uv": [0, 0], "uv_size": [2.5, 0]},
								"south": {"uv": [0, 0], "uv_size": [1, 0]},
								"west": {"uv": [0, 0], "uv_size": [2.5, 0]},
								"up": {"uv": [22, 26], "uv_size": [1, 2.5]}
							}
						},
						{
							"origin": [-0.375, 2.01563, -2.67187],
							"size": [0.75, 0.125, 0.75],
							"uv": {
								"north": {"uv": [17, 27], "uv_size": [1, 0.5]},
								"south": {"uv": [27, 17], "uv_size": [1, 0.5]},
								"up": {"uv": [25, 26], "uv_size": [1, 1]},
								"down": {"uv": [10, 28], "uv_size": [1, -1]}
							}
						},
						{
							"origin": [0.1873, 1.88588, -2.67187],
							"size": [0.177, 0.177, 0.75],
							"pivot": [0.375, 1.87518, -5.04687],
							"rotation": [0, 0, 45],
							"uv": {
								"north": {"uv": [9, 28], "uv_size": [0.5, 0.5]},
								"south": {"uv": [28, 9], "uv_size": [0.5, 0.5]},
								"up": {"uv": [27, 18], "uv_size": [0.5, 1]},
								"down": {"uv": [19, 28], "uv_size": [0.5, -1]}
							}
						},
						{
							"origin": [-0.3643, 1.88588, -2.67187],
							"size": [0.177, 0.177, 0.75],
							"pivot": [-0.375, 1.87518, -5.04687],
							"rotation": [0, 0, -45],
							"uv": {
								"north": {"uv": [10, 28], "uv_size": [0.5, 0.5]},
								"south": {"uv": [28, 10], "uv_size": [0.5, 0.5]},
								"up": {"uv": [20, 27], "uv_size": [0.5, 1]},
								"down": {"uv": [27, 21], "uv_size": [0.5, -1]}
							}
						},
						{
							"origin": [-0.3643, 1.88588, -4.67187],
							"size": [0.177, 0.177, 0.75],
							"pivot": [-0.375, 1.87518, -7.04687],
							"rotation": [0, 0, -45],
							"uv": {
								"north": {"uv": [11, 28], "uv_size": [0.5, 0.5]},
								"south": {"uv": [28, 11], "uv_size": [0.5, 0.5]},
								"up": {"uv": [27, 21], "uv_size": [0.5, 1]}
							}
						},
						{
							"origin": [-0.375, 2.01563, -4.67187],
							"size": [0.75, 0.125, 0.75],
							"uv": {
								"north": {"uv": [27, 22], "uv_size": [1, 0.5]},
								"south": {"uv": [27, 23], "uv_size": [1, 0.5]},
								"up": {"uv": [11, 27], "uv_size": [1, 1]}
							}
						},
						{
							"origin": [0.1873, 1.88588, -4.67187],
							"size": [0.177, 0.177, 0.75],
							"pivot": [0.375, 1.87518, -7.04687],
							"rotation": [0, 0, 45],
							"uv": {
								"north": {"uv": [12, 28], "uv_size": [0.5, 0.5]},
								"south": {"uv": [28, 12], "uv_size": [0.5, 0.5]},
								"up": {"uv": [25, 27], "uv_size": [0.5, 1]}
							}
						},
						{
							"origin": [-0.3643, 1.88588, -4.67187],
							"size": [0.177, 0.177, 2.75],
							"pivot": [-0.375, 1.87518, -5.79687],
							"rotation": [0, 0, -45],
							"uv": {
								"east": {"uv": [0, 27], "uv_size": [3, 0.5]}
							}
						},
						{
							"origin": [0.1873, 1.88588, -4.67187],
							"size": [0.177, 0.177, 2.75],
							"pivot": [0.375, 1.87518, -5.79687],
							"rotation": [0, 0, 45],
							"uv": {
								"west": {"uv": [3, 27], "uv_size": [3, 0.5]}
							}
						}
					]
				},
				{
					"name": "bone8",
					"parent": "bone",
					"pivot": [0.125, 0.21925, -3.85191],
					"rotation": [45, 0, 0],
					"cubes": [
						{
							"origin": [0.375, -0.0495, -3.70191],
							"size": [0.625, 0.36428, 0.125],
							"uv": {
								"north": {"uv": [31, 12], "uv_size": [0.5, 0.5]},
								"south": {"uv": [31, 13], "uv_size": [0.5, 0.5]},
								"up": {"uv": [31, 14], "uv_size": [0.5, 0.5]},
								"down": {"uv": [15, 31.5], "uv_size": [0.5, -0.5]}
							}
						},
						{
							"origin": [0.88319, -0.30499, -3.70191],
							"size": [0.0625, 0.0674, 0.125],
							"pivot": [0.63318, -0.03624, -3.85191],
							"rotation": [0, 0, -45],
							"uv": {
								"north": {"uv": [31, 12], "uv_size": [0.5, 0.5]},
								"south": {"uv": [31, 13], "uv_size": [0.5, 0.5]},
								"down": {"uv": [15, 31.5], "uv_size": [0.5, -0.5]}
							}
						},
						{
							"origin": [0.88319, 0.75287, -3.70191],
							"size": [0.0625, 0.0674, 0.125],
							"pivot": [0.63318, 0.55152, -3.85191],
							"rotation": [0, 0, 45],
							"uv": {
								"north": {"uv": [31, 12.5], "uv_size": [0.5, -0.5]},
								"south": {"uv": [31, 13.5], "uv_size": [0.5, -0.5]},
								"up": {"uv": [15, 31], "uv_size": [0.5, 0.5]}
							}
						},
						{
							"origin": [0.70313, 0.30988, -3.70191],
							"size": [0.29687, 0.2549, 0.125],
							"uv": {
								"north": {"uv": [31, 6], "uv_size": [0.5, 0.5]},
								"east": {"uv": [7, 31], "uv_size": [0.5, 0.5]},
								"south": {"uv": [31, 7], "uv_size": [0.5, 0.5]},
								"up": {"uv": [31, 8], "uv_size": [0.5, 0.5]}
							}
						},
						{
							"origin": [0.70313, -0.00262, -3.63941],
							"size": [0.29687, 0.21925, 0.09375],
							"uv": {
								"east": {"uv": [16, 31], "uv_size": [0.5, 0.5]},
								"south": {"uv": [31, 16], "uv_size": [0.5, 0.5]},
								"west": {"uv": [17, 31], "uv_size": [0.5, 0.5]},
								"up": {"uv": [31, 17], "uv_size": [0.5, 0.5]},
								"down": {"uv": [18, 31.5], "uv_size": [0.5, -0.5]}
							}
						},
						{
							"origin": [0.76563, 0.27913, -3.63941],
							"size": [0.23437, 0.22315, 0.09375],
							"uv": {
								"east": {"uv": [19, 31], "uv_size": [0.5, 0.5]},
								"south": {"uv": [31, 19], "uv_size": [0.5, 0.5]},
								"west": {"uv": [20, 31], "uv_size": [0.5, 0.5]},
								"up": {"uv": [31, 20], "uv_size": [0.5, 0.5]},
								"down": {"uv": [21, 31.5], "uv_size": [0.5, -0.5]}
							}
						},
						{
							"origin": [0.78125, 0.02913, -3.74878],
							"size": [0.20312, 0.4375, 0.1875],
							"uv": {
								"north": {"uv": [31, 21], "uv_size": [0.5, 0.5]},
								"east": {"uv": [22, 31], "uv_size": [0.5, 0.5]},
								"south": {"uv": [31, 22], "uv_size": [0.5, 0.5]},
								"west": {"uv": [23, 31], "uv_size": [0.5, 0.5]},
								"up": {"uv": [31, 23], "uv_size": [0.5, 0.5]},
								"down": {"uv": [24, 31.5], "uv_size": [0.5, -0.5]}
							}
						},
						{
							"origin": [0.99732, -0.00531, -3.70191],
							"size": [0.04687, 0.52589, 0.125],
							"uv": {
								"north": {"uv": [31, 6], "uv_size": [0.5, 0.5]},
								"south": {"uv": [31, 7], "uv_size": [0.5, 0.5]},
								"west": {"uv": [8, 31], "uv_size": [0.5, 0.5]}
							}
						},
						{
							"origin": [0.25819, -0.30499, -3.70191],
							"size": [0.25, 0.53615, 0.125],
							"pivot": [0.00819, -0.03624, -3.85191],
							"rotation": [0, 0, -45],
							"uv": {
								"north": {"uv": [31, 9], "uv_size": [0.5, 0.5]},
								"south": {"uv": [31, 10], "uv_size": [0.5, 0.5]}
							}
						}
					]
				},
				{
					"name": "bone6",
					"parent": "bone",
					"pivot": [0, 1.9125, -5.35],
					"rotation": [22.5, 0, 0]
				},
				{
					"name": "bone5",
					"parent": "scope_body",
					"pivot": [0, 5.7, 4.01563]
				},
				{
					"name": "bone7_illuminated",
					"parent": "scope_body",
					"pivot": [0, 0.7625, 0.875]
				},
				{
					"name": "bone20",
					"parent": "scope_body",
					"pivot": [0, 0.6875, -1.04687]
				},
				{
					"name": "octagon8",
					"parent": "bone20",
					"pivot": [0, 0.74141, -1.04687],
					"rotation": [0, 0, 90],
					"cubes": [
						{
							"origin": [-1.33922, 0.55395, -1.49945],
							"size": [0.36133, 0.37492, 0.90514],
							"pivot": [-1.81028, 0.74141, -1.04687],
							"rotation": [-45, 0, 0],
							"uv": {
								"north": {"uv": [23, 20], "uv_size": [0.5, 0.5]},
								"east": {"uv": [19, 20], "uv_size": [1, 0.5]},
								"south": {"uv": [21, 23], "uv_size": [0.5, 0.5]},
								"west": {"uv": [20, 19], "uv_size": [1, 0.5]},
								"up": {"uv": [20, 20], "uv_size": [0.5, 1]},
								"down": {"uv": [0, 22], "uv_size": [0.5, -1]}
							}
						},
						{
							"origin": [-1.33922, 0.55395, -1.49945],
							"size": [0.36133, 0.37492, 0.90514],
							"uv": {
								"north": {"uv": [23, 21], "uv_size": [0.5, 0.5]},
								"east": {"uv": [21, 0], "uv_size": [1, 0.5]},
								"south": {"uv": [22, 23], "uv_size": [0.5, 0.5]},
								"west": {"uv": [1, 21], "uv_size": [1, 0.5]},
								"up": {"uv": [21, 1], "uv_size": [0.5, 1]},
								"down": {"uv": [2, 22], "uv_size": [0.5, -1]}
							}
						},
						{
							"origin": [-1.33922, 0.28883, -1.23433],
							"size": [0.36133, 0.90514, 0.37492],
							"pivot": [-1.81028, 0.74141, -1.04687],
							"rotation": [-45, 0, 0],
							"uv": {
								"north": {"uv": [21, 2], "uv_size": [0.5, 1]},
								"east": {"uv": [3, 21], "uv_size": [0.5, 1]},
								"south": {"uv": [21, 3], "uv_size": [0.5, 1]},
								"west": {"uv": [4, 21], "uv_size": [0.5, 1]},
								"up": {"uv": [23, 22], "uv_size": [0.5, 0.5]},
								"down": {"uv": [23, 23.5], "uv_size": [0.5, -0.5]}
							}
						},
						{
							"origin": [-1.33922, 0.28883, -1.23433],
							"size": [0.36133, 0.90514, 0.37492],
							"uv": {
								"north": {"uv": [21, 4], "uv_size": [0.5, 1]},
								"east": {"uv": [5, 21], "uv_size": [0.5, 1]},
								"south": {"uv": [21, 5], "uv_size": [0.5, 1]},
								"west": {"uv": [6, 21], "uv_size": [0.5, 1]},
								"up": {"uv": [0, 24], "uv_size": [0.5, 0.5]},
								"down": {"uv": [24, 0.5], "uv_size": [0.5, -0.5]}
							}
						}
					]
				},
				{
					"name": "octagon7",
					"parent": "bone20",
					"pivot": [0, 0.6875, -1.04687],
					"rotation": [0, 0, 90],
					"cubes": [
						{
							"origin": [-1.41868, 0.5216, -1.44738],
							"size": [0.40881, 0.33179, 0.80101],
							"pivot": [-1.60202, 0.6875, -1.04687],
							"rotation": [-45, 0, 0],
							"uv": {
								"north": {"uv": [21, 6], "uv_size": [1, 0.5]},
								"east": {"uv": [1, 24], "uv_size": [0.5, 0.5]},
								"south": {"uv": [7, 21], "uv_size": [1, 0.5]},
								"west": {"uv": [24, 1], "uv_size": [0.5, 0.5]},
								"down": {"uv": [8, 21.5], "uv_size": [1, -0.5]}
							}
						},
						{
							"origin": [-1.41868, 0.5216, -1.44738],
							"size": [0.40881, 0.33179, 0.80101],
							"uv": {
								"north": {"uv": [21, 8], "uv_size": [1, 0.5]},
								"east": {"uv": [2, 24], "uv_size": [0.5, 0.5]},
								"south": {"uv": [9, 21], "uv_size": [1, 0.5]},
								"west": {"uv": [24, 2], "uv_size": [0.5, 0.5]},
								"up": {"uv": [21, 9], "uv_size": [1, 0.5]}
							}
						},
						{
							"origin": [-1.41868, 0.28699, -1.21277],
							"size": [0.40881, 0.80101, 0.33179],
							"pivot": [-1.60202, 0.6875, -1.04687],
							"rotation": [-45, 0, 0],
							"uv": {
								"east": {"uv": [3, 24], "uv_size": [0.5, 0.5]},
								"south": {"uv": [11, 21], "uv_size": [1, 0.5]},
								"west": {"uv": [24, 3], "uv_size": [0.5, 0.5]},
								"up": {"uv": [21, 11], "uv_size": [1, 0.5]},
								"down": {"uv": [12, 21.5], "uv_size": [1, -0.5]}
							}
						},
						{
							"origin": [-1.41868, 0.28699, -1.21277],
							"size": [0.40881, 0.80101, 0.33179],
							"uv": {
								"north": {"uv": [21, 12], "uv_size": [1, 0.5]},
								"east": {"uv": [4, 24], "uv_size": [0.5, 0.5]},
								"west": {"uv": [24, 4], "uv_size": [0.5, 0.5]},
								"up": {"uv": [21, 13], "uv_size": [1, 0.5]},
								"down": {"uv": [14, 21.5], "uv_size": [1, -0.5]}
							}
						}
					]
				},
				{
					"name": "bone7",
					"parent": "scope_body",
					"pivot": [1.6875, 0.9375, -1.04687],
					"rotation": [0, 0, -90]
				},
				{
					"name": "octagon2",
					"parent": "bone7",
					"pivot": [1.6875, 0.98438, -1.04687],
					"rotation": [0, 0, 90],
					"cubes": [
						{
							"origin": [-0.8259, 0.79584, -1.46956],
							"size": [1.7404, 0.29016, 0.7005],
							"pivot": [0.02846, 0.89672, -0.98671],
							"rotation": [-45, 0, 0],
							"uv": {
								"north": {"uv": [28, 24], "uv_size": [1.5, 0.5]},
								"east": {"uv": [26, 22], "uv_size": [0.5, 0.5]},
								"south": {"uv": [0, 29], "uv_size": [1.5, 0.5]},
								"west": {"uv": [26, 23], "uv_size": [0.5, 0.5]},
								"up": {"uv": [29, 0], "uv_size": [1.5, 0.5]}
							}
						},
						{
							"origin": [-0.8259, 0.87664, -1.39947],
							"size": [1.7404, 0.29016, 0.7005],
							"uv": {
								"north": {"uv": [2, 29], "uv_size": [1.5, 0.5]},
								"east": {"uv": [26, 24], "uv_size": [0.5, 0.5]},
								"south": {"uv": [29, 2], "uv_size": [1.5, 0.5]},
								"west": {"uv": [26, 25], "uv_size": [0.5, 0.5]}
							}
						},
						{
							"origin": [-0.8259, 0.59066, -1.26438],
							"size": [1.7404, 0.7005, 0.29016],
							"pivot": [0.02846, 0.89672, -0.98671],
							"rotation": [-45, 0, 0],
							"uv": {
								"east": {"uv": [26, 26], "uv_size": [0.5, 0.5]},
								"west": {"uv": [27, 0], "uv_size": [0.5, 0.5]},
								"up": {"uv": [6, 29], "uv_size": [1.5, 0.5]},
								"down": {"uv": [29, 6.5], "uv_size": [1.5, -0.5]}
							}
						},
						{
							"origin": [-0.8259, 0.67146, -1.19429],
							"size": [1.7404, 0.7005, 0.29016],
							"uv": {
								"east": {"uv": [27, 1], "uv_size": [0.5, 0.5]},
								"south": {"uv": [8, 29], "uv_size": [1.5, 0.5]},
								"west": {"uv": [27, 2], "uv_size": [0.5, 0.5]},
								"up": {"uv": [29, 8], "uv_size": [1.5, 0.5]},
								"down": {"uv": [29, 9.5], "uv_size": [1.5, -0.5]}
							}
						}
					]
				},
				{
					"name": "octagon3",
					"parent": "bone7",
					"pivot": [1.6875, 0.9375, -1.04687],
					"rotation": [0, 0, 90],
					"cubes": [
						{
							"origin": [-0.90534, 0.7708, -1.42926],
							"size": [1.81584, 0.25677, 0.61991],
							"pivot": [0.17168, 0.855, -0.98671],
							"rotation": [-45, 0, 0],
							"uv": {
								"north": {"uv": [13, 28], "uv_size": [2, 0.5]},
								"east": {"uv": [27, 3], "uv_size": [0.5, 0.5]},
								"south": {"uv": [28, 13], "uv_size": [2, 0.5]},
								"west": {"uv": [27, 4], "uv_size": [0.5, 0.5]}
							}
						},
						{
							"origin": [-0.90534, 0.85161, -1.35917],
							"size": [1.81584, 0.25677, 0.61991],
							"uv": {
								"north": {"uv": [28, 15], "uv_size": [2, 0.5]},
								"east": {"uv": [27, 5], "uv_size": [0.5, 0.5]},
								"south": {"uv": [28, 16], "uv_size": [2, 0.5]},
								"west": {"uv": [27, 6], "uv_size": [0.5, 0.5]}
							}
						},
						{
							"origin": [-0.90534, 0.58923, -1.24769],
							"size": [1.81584, 0.61991, 0.25677],
							"pivot": [0.17168, 0.855, -0.98671],
							"rotation": [-45, 0, 0],
							"uv": {
								"east": {"uv": [27, 7], "uv_size": [0.5, 0.5]},
								"west": {"uv": [27, 8], "uv_size": [0.5, 0.5]},
								"up": {"uv": [28, 19], "uv_size": [2, 0.5]},
								"down": {"uv": [28, 20.5], "uv_size": [2, -0.5]}
							}
						},
						{
							"origin": [-0.90534, 0.67004, -1.17761],
							"size": [1.81584, 0.61991, 0.25677],
							"uv": {
								"east": {"uv": [27, 9], "uv_size": [0.5, 0.5]},
								"west": {"uv": [27, 10], "uv_size": [0.5, 0.5]},
								"up": {"uv": [28, 23], "uv_size": [2, 0.5]},
								"down": {"uv": [24, 28.5], "uv_size": [2, -0.5]}
							}
						}
					]
				},
				{
					"name": "ocularring",
					"pivot": [0, 1.075, 4.225],
					"cubes": [
						{
							"origin": [0.589, 1.26551, 1.025],
							"size": [0.125, 0.17678, 0.25],
							"pivot": [0.15149, 1.28426, 0],
							"rotation": [0, 0, -45],
							"uv": {
								"east": {"uv": [17, 23], "uv_size": [0.5, 0.5]},
								"south": {"uv": [23, 17], "uv_size": [0.5, 0.5]},
								"west": {"uv": [18, 23], "uv_size": [0.5, 0.5]}
							}
						},
						{
							"origin": [0.4375, 0.54375, 1.025],
							"size": [0.125, 1.125, 0.25],
							"uv": {
								"east": {"uv": [20, 17], "uv_size": [0.5, 1]},
								"south": {"uv": [18, 20], "uv_size": [0.5, 1]},
								"west": {"uv": [20, 18], "uv_size": [0.5, 1]}
							}
						},
						{
							"origin": [-0.4375, 0.41875, 1.025],
							"size": [0.875, 0.125, 0.25],
							"uv": {
								"south": {"uv": [20, 13], "uv_size": [1, 0.5]},
								"up": {"uv": [14, 20], "uv_size": [1, 0.5]},
								"down": {"uv": [20, 14.5], "uv_size": [1, -0.5]}
							}
						},
						{
							"origin": [-0.4375, 1.66875, 1.025],
							"size": [0.875, 0.125, 0.25],
							"uv": {
								"south": {"uv": [20, 15], "uv_size": [1, 0.5]},
								"up": {"uv": [16, 20], "uv_size": [1, 0.5]},
								"down": {"uv": [20, 16.5], "uv_size": [1, -0.5]}
							}
						},
						{
							"origin": [-0.71399, 1.26551, 1.025],
							"size": [0.125, 0.17678, 0.25],
							"pivot": [-0.15149, 1.28426, 0],
							"rotation": [0, 0, 45],
							"uv": {
								"east": {"uv": [8, 23], "uv_size": [0.5, 0.5]},
								"south": {"uv": [23, 8], "uv_size": [0.5, 0.5]},
								"west": {"uv": [9, 23], "uv_size": [0.5, 0.5]}
							}
						},
						{
							"origin": [-0.5625, 0.54375, 1.025],
							"size": [0.125, 1.125, 0.25],
							"uv": {
								"east": {"uv": [20, 11], "uv_size": [0.5, 1]},
								"south": {"uv": [12, 20], "uv_size": [0.5, 1]},
								"west": {"uv": [20, 12], "uv_size": [0.5, 1]}
							}
						},
						{
							"origin": [-0.71399, 0.77021, 1.025],
							"size": [0.125, 0.17678, 0.25],
							"pivot": [-0.15149, 0.92824, 0],
							"rotation": [0, 0, -45],
							"uv": {
								"east": {"uv": [11, 23], "uv_size": [0.5, 0.5]},
								"south": {"uv": [23, 11], "uv_size": [0.5, 0.5]},
								"west": {"uv": [12, 23], "uv_size": [0.5, 0.5]}
							}
						},
						{
							"origin": [0.589, 0.77021, 1.025],
							"size": [0.125, 0.17678, 0.25],
							"pivot": [0.15149, 0.92824, 0],
							"rotation": [0, 0, 45],
							"uv": {
								"east": {"uv": [14, 23], "uv_size": [0.5, 0.5]},
								"south": {"uv": [23, 14], "uv_size": [0.5, 0.5]},
								"west": {"uv": [15, 23], "uv_size": [0.5, 0.5]}
							}
						}
					]
				},
				{
					"name": "ocular",
					"pivot": [0, 1.075, 6.225],
					"cubes": [
						{
							"origin": [-0.4375, 0.54375, 0.3375],
							"size": [0.875, 1.125, 0.875],
							"uv": {
								"south": {"uv": [6, 14], "uv_size": [1, 1]}
							}
						}
					]
				},
				{
					"name": "division",
					"pivot": [0, 1, 0]
				},
				{
					"name": "bone72_illuminated",
					"parent": "division",
					"pivot": [0.125, -1, -44.825],
					"cubes": [
						{
							"origin": [1.95312, 2.19532, -8],
							"size": [0.23438, 1.125, 0.25],
							"pivot": [-0.29688, 2.46094, 112],
							"rotation": [0, 0, 90],
							"uv": {
								"south": {"uv": [61, 85], "uv_size": [4, 16.5]}
							}
						},
						{
							"origin": [-0.17188, 1.83594, -8],
							"size": [2.48438, 1.84375, 0.25],
							"pivot": [-0.29688, 2.46094, 112],
							"rotation": [0, 0, 90],
							"uv": {
								"south": {"uv": [13.5, 79.5], "uv_size": [41, 25.5]}
							}
						},
						{
							"origin": [-0.4375, 0.525, 0.5],
							"size": [0.875, 1.15625, 0.25],
							"uv": {
								"south": {"uv": [54, 41.5], "uv_size": [21.5, 29.5]}
							}
						},
						{
							"origin": [-0.25, 0.85938, -8],
							"size": [0.5, 0.5, 0.25],
							"uv": {
								"south": {"uv": [79.5, 50.5], "uv_size": [10.5, 10.5]}
							}
						}
					]
				},
				{
					"name": "scope_view",
					"pivot": [0, 1.11563, 7.35313]
				},
				{
					"name": "laser_beam",
					"pivot": [-0.616, 1.305, -4]
				}
			]
		}
	]
}