{
	"format_version": "1.12.0",
	"minecraft:geometry": [
		{
			"description": {
				"identifier": "geometry.sight_sro_dot - Converted",
				"texture_width": 128,
				"texture_height": 128,
				"visible_bounds_width": 11,
				"visible_bounds_height": 1.5,
				"visible_bounds_offset": [0, 0.25, 0]
			},
			"bones": [
				{
					"name": "scope_view",
					"pivot": [0, 0.75, 10]
				},
				{
					"name": "scope_body",
					"pivot": [0, 18.95, 0]
				},
				{
					"name": "knobs",
					"parent": "scope_body",
					"pivot": [0, 18.95, 0]
				},
				{
					"name": "octagon3",
					"parent": "knobs",
					"pivot": [0, 18.95, 0]
				},
				{
					"name": "octagon",
					"parent": "knobs",
					"pivot": [0, 18.95, 0]
				},
				{
					"name": "screws",
					"parent": "scope_body",
					"pivot": [0, 18.90581, 1.25]
				},
				{
					"name": "bone5",
					"parent": "scope_body",
					"pivot": [0, -10.04687, -7],
					"cubes": [
						{
							"origin": [-0.46875, 0, -2],
							"size": [0.9375, 0.32813, 2],
							"uv": {
								"north": {"uv": [8, 0], "uv_size": [1, 0.5]},
								"east": {"uv": [2, 2], "uv_size": [2, 0.5]},
								"south": {"uv": [3, 9], "uv_size": [1, 0.5]},
								"west": {"uv": [3, 0], "uv_size": [2, 0.5]},
								"up": {"uv": [0, 0], "uv_size": [1, 2]},
								"down": {"uv": [1, 2], "uv_size": [1, -2]}
							}
						},
						{
							"origin": [0.46875, 0, -2],
							"size": [0.08839, 0.30224, 0.6875],
							"uv": {
								"north": {"uv": [8, 10], "uv_size": [0.5, 0.5]},
								"east": {"uv": [10, 8], "uv_size": [0.5, 0.5]},
								"south": {"uv": [9, 10], "uv_size": [0.5, 0.5]},
								"west": {"uv": [10, 9], "uv_size": [0.5, 0.5]},
								"up": {"uv": [10, 10], "uv_size": [0.5, 0.5]},
								"down": {"uv": [0, 11.5], "uv_size": [0.5, -0.5]}
							}
						},
						{
							"origin": [0.46875, 0.09375, -1.3125],
							"size": [0.08839, 0.20849, 0.625],
							"uv": {
								"north": {"uv": [11, 0], "uv_size": [0.5, 0.5]},
								"east": {"uv": [1, 11], "uv_size": [0.5, 0.5]},
								"south": {"uv": [11, 1], "uv_size": [0.5, 0.5]},
								"west": {"uv": [2, 11], "uv_size": [0.5, 0.5]},
								"up": {"uv": [11, 2], "uv_size": [0.5, 0.5]},
								"down": {"uv": [3, 11.5], "uv_size": [0.5, -0.5]}
							}
						},
						{
							"origin": [0.53217, 0.429, -1.3125],
							"size": [0.08839, 0.13036, 0.625],
							"pivot": [0.02681, 0.40311, -1],
							"rotation": [0, 0, 45],
							"uv": {
								"north": {"uv": [11, 3], "uv_size": [0.5, 0.5]},
								"east": {"uv": [4, 11], "uv_size": [0.5, 0.5]},
								"south": {"uv": [11, 4], "uv_size": [0.5, 0.5]},
								"west": {"uv": [5, 11], "uv_size": [0.5, 0.5]},
								"up": {"uv": [11, 5], "uv_size": [0.5, 0.5]},
								"down": {"uv": [6, 11.5], "uv_size": [0.5, -0.5]}
							}
						},
						{
							"origin": [0.46875, 0, -0.6875],
							"size": [0.08839, 0.30224, 0.6875],
							"uv": {
								"north": {"uv": [11, 6], "uv_size": [0.5, 0.5]},
								"east": {"uv": [7, 11], "uv_size": [0.5, 0.5]},
								"south": {"uv": [11, 7], "uv_size": [0.5, 0.5]},
								"west": {"uv": [8, 11], "uv_size": [0.5, 0.5]},
								"up": {"uv": [11, 8], "uv_size": [0.5, 0.5]},
								"down": {"uv": [9, 11.5], "uv_size": [0.5, -0.5]}
							}
						},
						{
							"origin": [-0.57812, 0.06787, -0.38036],
							"size": [1.15625, 0.0625, 0.0625],
							"pivot": [0, 0.09912, -0.34911],
							"rotation": [45, 0, 0],
							"uv": {
								"north": {"uv": [9, 4], "uv_size": [1, 0.5]},
								"east": {"uv": [11, 9], "uv_size": [0.5, 0.5]},
								"south": {"uv": [5, 9], "uv_size": [1, 0.5]},
								"west": {"uv": [10, 11], "uv_size": [0.5, 0.5]},
								"up": {"uv": [9, 5], "uv_size": [1, 0.5]},
								"down": {"uv": [9, 6.5], "uv_size": [1, -0.5]}
							}
						},
						{
							"origin": [-0.64062, 0.31787, -1.19286],
							"size": [0.15625, 0.1875, 0.1875],
							"pivot": [0, 0.41162, -1.09911],
							"rotation": [45, 0, 0],
							"uv": {
								"north": {"uv": [11, 10], "uv_size": [0.5, 0.5]},
								"east": {"uv": [11, 11], "uv_size": [0.5, 0.5]},
								"south": {"uv": [0, 12], "uv_size": [0.5, 0.5]},
								"west": {"uv": [12, 0], "uv_size": [0.5, 0.5]},
								"up": {"uv": [1, 12], "uv_size": [0.5, 0.5]},
								"down": {"uv": [12, 1.5], "uv_size": [0.5, -0.5]}
							}
						},
						{
							"origin": [-0.55714, 0, -0.6875],
							"size": [0.08839, 0.30224, 0.6875],
							"uv": {
								"north": {"uv": [3, 14], "uv_size": [0.5, 0.5]},
								"east": {"uv": [14, 3], "uv_size": [0.5, 0.5]},
								"south": {"uv": [4, 14], "uv_size": [0.5, 0.5]},
								"west": {"uv": [14, 4], "uv_size": [0.5, 0.5]},
								"up": {"uv": [5, 14], "uv_size": [0.5, 0.5]},
								"down": {"uv": [14, 5.5], "uv_size": [0.5, -0.5]}
							}
						},
						{
							"origin": [-0.55714, 0.09375, -1.3125],
							"size": [0.08839, 0.20849, 0.625],
							"uv": {
								"north": {"uv": [6, 14], "uv_size": [0.5, 0.5]},
								"east": {"uv": [14, 6], "uv_size": [0.5, 0.5]},
								"south": {"uv": [7, 14], "uv_size": [0.5, 0.5]},
								"west": {"uv": [14, 7], "uv_size": [0.5, 0.5]},
								"up": {"uv": [8, 14], "uv_size": [0.5, 0.5]},
								"down": {"uv": [14, 8.5], "uv_size": [0.5, -0.5]}
							}
						},
						{
							"origin": [-0.62056, 0.429, -1.3125],
							"size": [0.08839, 0.13036, 0.625],
							"pivot": [-0.02681, 0.40311, -1],
							"rotation": [0, 0, -45],
							"uv": {
								"north": {"uv": [9, 14], "uv_size": [0.5, 0.5]},
								"east": {"uv": [14, 9], "uv_size": [0.5, 0.5]},
								"south": {"uv": [10, 14], "uv_size": [0.5, 0.5]},
								"west": {"uv": [14, 10], "uv_size": [0.5, 0.5]},
								"up": {"uv": [11, 14], "uv_size": [0.5, 0.5]},
								"down": {"uv": [14, 11.5], "uv_size": [0.5, -0.5]}
							}
						},
						{
							"origin": [-0.55714, 0, -2],
							"size": [0.08839, 0.30224, 0.6875],
							"uv": {
								"north": {"uv": [12, 14], "uv_size": [0.5, 0.5]},
								"east": {"uv": [14, 12], "uv_size": [0.5, 0.5]},
								"south": {"uv": [13, 14], "uv_size": [0.5, 0.5]},
								"west": {"uv": [14, 13], "uv_size": [0.5, 0.5]},
								"up": {"uv": [14, 14], "uv_size": [0.5, 0.5]},
								"down": {"uv": [0, 15.5], "uv_size": [0.5, -0.5]}
							}
						},
						{
							"origin": [0.34375, 0.32813, -2],
							"size": [0.125, 0.0625, 2],
							"uv": {
								"north": {"uv": [15, 0], "uv_size": [0.5, 0.5]},
								"east": {"uv": [1, 3], "uv_size": [2, 0.5]},
								"south": {"uv": [1, 15], "uv_size": [0.5, 0.5]},
								"west": {"uv": [3, 1], "uv_size": [2, 0.5]},
								"up": {"uv": [3, 3], "uv_size": [0.5, 2]},
								"down": {"uv": [0, 6], "uv_size": [0.5, -2]}
							}
						},
						{
							"origin": [0.26007, 0.63683, -2],
							"size": [0.125, 0.125, 2],
							"pivot": [-0.08368, 0.32433, -1],
							"rotation": [0, 0, 45],
							"uv": {
								"north": {"uv": [15, 1], "uv_size": [0.5, 0.5]},
								"east": {"uv": [1, 4], "uv_size": [2, 0.5]},
								"south": {"uv": [2, 15], "uv_size": [0.5, 0.5]},
								"west": {"uv": [4, 2], "uv_size": [2, 0.5]},
								"up": {"uv": [4, 3], "uv_size": [0.5, 2]},
								"down": {"uv": [5, 2], "uv_size": [0.5, -2]}
							}
						},
						{
							"origin": [-0.38507, 0.63683, -2],
							"size": [0.125, 0.125, 2],
							"pivot": [0.08368, 0.32433, -1],
							"rotation": [0, 0, -45],
							"uv": {
								"north": {"uv": [15, 2], "uv_size": [0.5, 0.5]},
								"east": {"uv": [1, 5], "uv_size": [2, 0.5]},
								"south": {"uv": [3, 15], "uv_size": [0.5, 0.5]},
								"west": {"uv": [3, 5], "uv_size": [2, 0.5]},
								"up": {"uv": [5, 3], "uv_size": [0.5, 2]},
								"down": {"uv": [5, 7], "uv_size": [0.5, -2]}
							}
						},
						{
							"origin": [-0.46875, 0.32813, -2],
							"size": [0.125, 0.0625, 2],
							"uv": {
								"north": {"uv": [15, 3], "uv_size": [0.5, 0.5]},
								"east": {"uv": [0, 6], "uv_size": [2, 0.5]},
								"south": {"uv": [4, 15], "uv_size": [0.5, 0.5]},
								"west": {"uv": [6, 0], "uv_size": [2, 0.5]},
								"up": {"uv": [6, 1], "uv_size": [0.5, 2]},
								"down": {"uv": [2, 8], "uv_size": [0.5, -2]}
							}
						},
						{
							"origin": [-0.4375, 0.32813, -0.20312],
							"size": [0.09375, 0.0625, 0.17188],
							"pivot": [0, -0.04687, -0.1875],
							"rotation": [0, -45, 0],
							"uv": {
								"north": {"uv": [15, 4], "uv_size": [0.5, 0.5]},
								"east": {"uv": [5, 15], "uv_size": [0.5, 0.5]},
								"south": {"uv": [15, 5], "uv_size": [0.5, 0.5]},
								"west": {"uv": [6, 15], "uv_size": [0.5, 0.5]},
								"up": {"uv": [15, 6], "uv_size": [0.5, 0.5]},
								"down": {"uv": [7, 15.5], "uv_size": [0.5, -0.5]}
							}
						},
						{
							"origin": [0.34375, 0.32813, -0.20312],
							"size": [0.09375, 0.0625, 0.17188],
							"pivot": [0, -0.04687, -0.1875],
							"rotation": [0, 45, 0],
							"uv": {
								"north": {"uv": [15, 7], "uv_size": [0.5, 0.5]},
								"east": {"uv": [8, 15], "uv_size": [0.5, 0.5]},
								"south": {"uv": [15, 8], "uv_size": [0.5, 0.5]},
								"west": {"uv": [9, 15], "uv_size": [0.5, 0.5]},
								"up": {"uv": [15, 9], "uv_size": [0.5, 0.5]},
								"down": {"uv": [10, 15.5], "uv_size": [0.5, -0.5]}
							}
						},
						{
							"origin": [-0.34375, 0.32813, -2],
							"size": [0.6875, 0.0625, 1.5625],
							"uv": {
								"north": {"uv": [15, 10], "uv_size": [0.5, 0.5]},
								"east": {"uv": [6, 4], "uv_size": [1.5, 0.5]},
								"south": {"uv": [11, 15], "uv_size": [0.5, 0.5]},
								"west": {"uv": [6, 5], "uv_size": [1.5, 0.5]},
								"up": {"uv": [4, 6], "uv_size": [0.5, 1.5]},
								"down": {"uv": [6, 7.5], "uv_size": [0.5, -1.5]}
							}
						},
						{
							"origin": [-0.59375, 0.29688, -2],
							"size": [1.1875, 0.125, 1.39063],
							"uv": {
								"north": {"uv": [9, 7], "uv_size": [1, 0.5]},
								"east": {"uv": [0, 7], "uv_size": [1.5, 0.5]},
								"south": {"uv": [9, 8], "uv_size": [1, 0.5]},
								"west": {"uv": [7, 1], "uv_size": [1.5, 0.5]},
								"up": {"uv": [0, 2], "uv_size": [1, 1.5]},
								"down": {"uv": [2, 1.5], "uv_size": [1, -1.5]}
							}
						},
						{
							"origin": [-0.49431, 1.54336, -1.5505],
							"size": [0.98863, 0.125, 0.40625],
							"uv": {
								"north": {"uv": [9, 9], "uv_size": [1, 0.5]},
								"east": {"uv": [15, 11], "uv_size": [0.5, 0.5]},
								"south": {"uv": [0, 10], "uv_size": [1, 0.5]},
								"west": {"uv": [12, 15], "uv_size": [0.5, 0.5]},
								"up": {"uv": [10, 0], "uv_size": [1, 0.5]},
								"down": {"uv": [1, 10.5], "uv_size": [1, -0.5]}
							}
						},
						{
							"origin": [0.46875, 0.29046, -0.68652],
							"size": [0.125, 1.26563, 0.26563],
							"pivot": [0, -0.06891, -0.81152],
							"rotation": [25, 0, 0],
							"uv": {
								"north": {"uv": [7, 2], "uv_size": [0.5, 1.5]},
								"east": {"uv": [3, 7], "uv_size": [0.5, 1.5]},
								"south": {"uv": [5, 7], "uv_size": [0.5, 1.5]},
								"west": {"uv": [7, 6], "uv_size": [0.5, 1.5]},
								"up": {"uv": [15, 12], "uv_size": [0.5, 0.5]},
								"down": {"uv": [13, 15.5], "uv_size": [0.5, -0.5]}
							}
						},
						{
							"origin": [0.46875, 0.41546, -0.93652],
							"size": [0.125, 0.64063, 0.26563],
							"pivot": [0, -0.06891, -0.81152],
							"rotation": [25, 0, 0],
							"uv": {
								"north": {"uv": [15, 13], "uv_size": [0.5, 0.5]},
								"east": {"uv": [14, 15], "uv_size": [0.5, 0.5]},
								"south": {"uv": [15, 14], "uv_size": [0.5, 0.5]},
								"west": {"uv": [15, 15], "uv_size": [0.5, 0.5]},
								"up": {"uv": [0, 16], "uv_size": [0.5, 0.5]},
								"down": {"uv": [16, 0.5], "uv_size": [0.5, -0.5]}
							}
						},
						{
							"origin": [0.46875, 0.3033, -1.5505],
							"size": [0.125, 1.26563, 0.40625],
							"uv": {
								"north": {"uv": [0, 8], "uv_size": [0.5, 1.5]},
								"east": {"uv": [1, 8], "uv_size": [0.5, 1.5]},
								"south": {"uv": [2, 8], "uv_size": [0.5, 1.5]},
								"west": {"uv": [8, 2], "uv_size": [0.5, 1.5]},
								"up": {"uv": [1, 16], "uv_size": [0.5, 0.5]},
								"down": {"uv": [16, 1.5], "uv_size": [0.5, -0.5]}
							}
						},
						{
							"origin": [-0.46875, 0.3033, -1.5505],
							"size": [0.9375, 0.20355, 0.90151],
							"uv": {
								"north": {"uv": [10, 1], "uv_size": [1, 0.5]},
								"east": {"uv": [2, 10], "uv_size": [1, 0.5]},
								"south": {"uv": [10, 2], "uv_size": [1, 0.5]},
								"west": {"uv": [3, 10], "uv_size": [1, 0.5]},
								"up": {"uv": [3, 6], "uv_size": [1, 1]},
								"down": {"uv": [6, 4], "uv_size": [1, -1]}
							}
						},
						{
							"origin": [-0.59375, 0.28767, -1.3005],
							"size": [1.1875, 0.06534, 0.15262],
							"pivot": [0, -0.05608, -1.53488],
							"rotation": [45, 0, 0],
							"uv": {
								"north": {"uv": [10, 3], "uv_size": [1, 0.5]},
								"east": {"uv": [2, 16], "uv_size": [0.5, 0.5]},
								"south": {"uv": [4, 10], "uv_size": [1, 0.5]},
								"west": {"uv": [16, 2], "uv_size": [0.5, 0.5]},
								"up": {"uv": [10, 4], "uv_size": [1, 0.5]},
								"down": {"uv": [5, 10.5], "uv_size": [1, -0.5]}
							}
						},
						{
							"origin": [0.89677, 1.25433, -1.5505],
							"size": [0.125, 0.14063, 0.40625],
							"pivot": [0.42802, 0.89496, -1.53488],
							"rotation": [0, 0, -45],
							"uv": {
								"north": {"uv": [3, 16], "uv_size": [0.5, 0.5]},
								"east": {"uv": [16, 3], "uv_size": [0.5, 0.5]},
								"south": {"uv": [4, 16], "uv_size": [0.5, 0.5]},
								"west": {"uv": [16, 4], "uv_size": [0.5, 0.5]},
								"up": {"uv": [5, 16], "uv_size": [0.5, 0.5]},
								"down": {"uv": [16, 5.5], "uv_size": [0.5, -0.5]}
							}
						},
						{
							"origin": [-1.02177, 1.25433, -1.5505],
							"size": [0.125, 0.14063, 0.40625],
							"pivot": [-0.42802, 0.89496, -1.53488],
							"rotation": [0, 0, 45],
							"uv": {
								"north": {"uv": [6, 16], "uv_size": [0.5, 0.5]},
								"east": {"uv": [16, 6], "uv_size": [0.5, 0.5]},
								"south": {"uv": [7, 16], "uv_size": [0.5, 0.5]},
								"west": {"uv": [16, 7], "uv_size": [0.5, 0.5]},
								"up": {"uv": [8, 16], "uv_size": [0.5, 0.5]},
								"down": {"uv": [16, 8.5], "uv_size": [0.5, -0.5]}
							}
						},
						{
							"origin": [-0.59375, 0.29046, -0.68652],
							"size": [0.125, 1.26563, 0.26563],
							"pivot": [0, -0.06891, -0.81152],
							"rotation": [25, 0, 0],
							"uv": {
								"north": {"uv": [4, 8], "uv_size": [0.5, 1.5]},
								"east": {"uv": [8, 4], "uv_size": [0.5, 1.5]},
								"south": {"uv": [6, 8], "uv_size": [0.5, 1.5]},
								"west": {"uv": [8, 6], "uv_size": [0.5, 1.5]},
								"up": {"uv": [9, 16], "uv_size": [0.5, 0.5]},
								"down": {"uv": [16, 9.5], "uv_size": [0.5, -0.5]}
							}
						},
						{
							"origin": [-0.46875, 0.29046, -0.68652],
							"size": [0.9375, 0.09375, 0.26563],
							"pivot": [0, -0.06891, -0.81152],
							"rotation": [25, 0, 0],
							"uv": {
								"north": {"uv": [10, 5], "uv_size": [1, 0.5]},
								"east": {"uv": [10, 16], "uv_size": [0.5, 0.5]},
								"south": {"uv": [6, 10], "uv_size": [1, 0.5]},
								"west": {"uv": [16, 10], "uv_size": [0.5, 0.5]},
								"up": {"uv": [10, 6], "uv_size": [1, 0.5]},
								"down": {"uv": [7, 10.5], "uv_size": [1, -0.5]}
							}
						},
						{
							"origin": [-0.59375, 0.41546, -0.93652],
							"size": [0.125, 0.64063, 0.26563],
							"pivot": [0, -0.06891, -0.81152],
							"rotation": [25, 0, 0],
							"uv": {
								"north": {"uv": [11, 16], "uv_size": [0.5, 0.5]},
								"east": {"uv": [16, 11], "uv_size": [0.5, 0.5]},
								"south": {"uv": [12, 16], "uv_size": [0.5, 0.5]},
								"west": {"uv": [16, 12], "uv_size": [0.5, 0.5]},
								"up": {"uv": [13, 16], "uv_size": [0.5, 0.5]},
								"down": {"uv": [16, 13.5], "uv_size": [0.5, -0.5]}
							}
						},
						{
							"origin": [-0.59375, 0.3033, -1.5505],
							"size": [0.125, 1.26563, 0.40625],
							"uv": {
								"north": {"uv": [7, 8], "uv_size": [0.5, 1.5]},
								"east": {"uv": [8, 8], "uv_size": [0.5, 1.5]},
								"south": {"uv": [9, 0], "uv_size": [0.5, 1.5]},
								"west": {"uv": [9, 2], "uv_size": [0.5, 1.5]},
								"up": {"uv": [14, 16], "uv_size": [0.5, 0.5]},
								"down": {"uv": [16, 14.5], "uv_size": [0.5, -0.5]}
							}
						}
					]
				},
				{
					"name": "octagon2",
					"parent": "bone5",
					"pivot": [0.67188, -0.35937, -1.90625],
					"cubes": [
						{
							"origin": [0.57188, 0.35778, -1.30625],
							"size": [0.1, 0.16569, 0.15],
							"pivot": [-0.12812, 0.44063, -1.10625],
							"rotation": [-45, 0, 0],
							"uv": {
								"north": {"uv": [2, 12], "uv_size": [0.5, 0.5]},
								"east": {"uv": [12, 2], "uv_size": [0.5, 0.5]},
								"south": {"uv": [3, 12], "uv_size": [0.5, 0.5]},
								"west": {"uv": [12, 3], "uv_size": [0.5, 0.5]},
								"up": {"uv": [4, 12], "uv_size": [0.5, 0.5]},
								"down": {"uv": [12, 4.5], "uv_size": [0.5, -0.5]}
							}
						},
						{
							"origin": [0.57188, 0.35778, -1.05625],
							"size": [0.1, 0.16569, 0.15],
							"pivot": [-0.12812, 0.44063, -1.10625],
							"rotation": [-45, 0, 0],
							"uv": {
								"north": {"uv": [5, 12], "uv_size": [0.5, 0.5]},
								"east": {"uv": [12, 5], "uv_size": [0.5, 0.5]},
								"south": {"uv": [6, 12], "uv_size": [0.5, 0.5]},
								"west": {"uv": [12, 6], "uv_size": [0.5, 0.5]},
								"up": {"uv": [7, 12], "uv_size": [0.5, 0.5]},
								"down": {"uv": [12, 7.5], "uv_size": [0.5, -0.5]}
							}
						},
						{
							"origin": [0.57188, 0.35778, -0.97813],
							"size": [0.1, 0.16569, 0.07188],
							"uv": {
								"north": {"uv": [8, 12], "uv_size": [0.5, 0.5]},
								"east": {"uv": [12, 8], "uv_size": [0.5, 0.5]},
								"south": {"uv": [9, 12], "uv_size": [0.5, 0.5]},
								"west": {"uv": [12, 9], "uv_size": [0.5, 0.5]},
								"up": {"uv": [10, 12], "uv_size": [0.5, 0.5]},
								"down": {"uv": [12, 10.5], "uv_size": [0.5, -0.5]}
							}
						},
						{
							"origin": [0.57188, 0.35778, -1.30625],
							"size": [0.1, 0.16569, 0.07188],
							"uv": {
								"north": {"uv": [11, 12], "uv_size": [0.5, 0.5]},
								"east": {"uv": [12, 11], "uv_size": [0.5, 0.5]},
								"south": {"uv": [12, 12], "uv_size": [0.5, 0.5]},
								"west": {"uv": [0, 13], "uv_size": [0.5, 0.5]},
								"up": {"uv": [13, 0], "uv_size": [0.5, 0.5]},
								"down": {"uv": [1, 13.5], "uv_size": [0.5, -0.5]}
							}
						},
						{
							"origin": [0.57188, 0.24062, -1.18909],
							"size": [0.1, 0.4, 0.05631],
							"pivot": [-0.12812, 0.44063, -1.10625],
							"rotation": [-45, 0, 0],
							"uv": {
								"north": {"uv": [13, 1], "uv_size": [0.5, 0.5]},
								"east": {"uv": [2, 13], "uv_size": [0.5, 0.5]},
								"south": {"uv": [13, 2], "uv_size": [0.5, 0.5]},
								"west": {"uv": [3, 13], "uv_size": [0.5, 0.5]},
								"up": {"uv": [13, 3], "uv_size": [0.5, 0.5]},
								"down": {"uv": [4, 13.5], "uv_size": [0.5, -0.5]}
							}
						},
						{
							"origin": [0.57188, 0.24062, -1.07972],
							"size": [0.1, 0.4, 0.05631],
							"pivot": [-0.12812, 0.44063, -1.10625],
							"rotation": [-45, 0, 0],
							"uv": {
								"north": {"uv": [13, 4], "uv_size": [0.5, 0.5]},
								"east": {"uv": [5, 13], "uv_size": [0.5, 0.5]},
								"south": {"uv": [13, 5], "uv_size": [0.5, 0.5]},
								"west": {"uv": [6, 13], "uv_size": [0.5, 0.5]},
								"up": {"uv": [13, 6], "uv_size": [0.5, 0.5]},
								"down": {"uv": [7, 13.5], "uv_size": [0.5, -0.5]}
							}
						},
						{
							"origin": [0.57188, 0.24062, -1.14222],
							"size": [0.0375, 0.4, 0.10319],
							"pivot": [-0.12812, 0.44063, -1.10625],
							"rotation": [-45, 0, 0],
							"uv": {
								"north": {"uv": [13, 7], "uv_size": [0.5, 0.5]},
								"east": {"uv": [8, 13], "uv_size": [0.5, 0.5]},
								"south": {"uv": [13, 8], "uv_size": [0.5, 0.5]},
								"west": {"uv": [9, 13], "uv_size": [0.5, 0.5]},
								"up": {"uv": [13, 9], "uv_size": [0.5, 0.5]},
								"down": {"uv": [10, 13.5], "uv_size": [0.5, -0.5]}
							}
						},
						{
							"origin": [0.57188, 0.56875, -1.18909],
							"size": [0.1, 0.07188, 0.16569],
							"uv": {
								"north": {"uv": [13, 10], "uv_size": [0.5, 0.5]},
								"east": {"uv": [11, 13], "uv_size": [0.5, 0.5]},
								"south": {"uv": [13, 11], "uv_size": [0.5, 0.5]},
								"west": {"uv": [12, 13], "uv_size": [0.5, 0.5]},
								"up": {"uv": [13, 12], "uv_size": [0.5, 0.5]},
								"down": {"uv": [13, 13.5], "uv_size": [0.5, -0.5]}
							}
						},
						{
							"origin": [0.57188, 0.24062, -1.18909],
							"size": [0.1, 0.07188, 0.16569],
							"uv": {
								"north": {"uv": [0, 14], "uv_size": [0.5, 0.5]},
								"east": {"uv": [14, 0], "uv_size": [0.5, 0.5]},
								"south": {"uv": [1, 14], "uv_size": [0.5, 0.5]},
								"west": {"uv": [14, 1], "uv_size": [0.5, 0.5]},
								"up": {"uv": [2, 14], "uv_size": [0.5, 0.5]},
								"down": {"uv": [14, 2.5], "uv_size": [0.5, -0.5]}
							}
						}
					]
				},
				{
					"name": "division",
					"pivot": [0, 0, 0]
				},
				{
					"name": "division_illuminated",
					"parent": "division",
					"pivot": [0, 0.75125, -55.3],
					"cubes": [
						{
							"origin": [-0.25, 0.71999, -20],
							"size": [0.5, 0.5, 0.3],
							"pivot": [0, 0.97, -19.85],
							"rotation": [0, 0, -45],
							"uv": {
								"south": {"uv": [10, 7], "uv_size": [0.5, 0.5]}
							}
						}
					]
				},
				{
					"name": "ocular",
					"pivot": [0, 2.60938, -0.2875],
					"cubes": [
						{
							"origin": [-0.54826, 0.35239, -1.4815],
							"size": [1.10901, 1.21241, 0.02463],
							"uv": {
								"south": {"uv": [1, 2], "uv_size": [1, 1]}
							}
						}
					]
				}
			]
		}
	]
}