{
	"format_version": "1.12.0",
	"minecraft:geometry": [
		{
			"description": {
				"identifier": "geometry.unknown",
				"texture_width": 64,
				"texture_height": 64,
				"visible_bounds_width": 3,
				"visible_bounds_height": 2.5,
				"visible_bounds_offset": [0, 0.75, 0]
			},
			"bones": [
				{
					"name": "oem_stock_tactical2",
					"pivot": [0, 10.5, -12.125],
					"cubes": [
						{
							"origin": [-0.375, -5.06102, 7.02662],
							"size": [0.75, 2.5, 0.25],
							"pivot": [0, -4.56102, 6.74537],
							"rotation": [45, 0, 0],
							"uv": {
								"north": {"uv": [23, 28], "uv_size": [1, 2.5]},
								"east": {"uv": [35, 28], "uv_size": [0.5, 2.5]},
								"west": {"uv": [35, 32], "uv_size": [0.5, 2.5]},
								"up": {"uv": [38, 10], "uv_size": [1, 0.5]}
							}
						},
						{
							"origin": [-0.22671, -1.32812, 0.01563],
							"size": [0.45342, 0.25, 7.6875],
							"uv": {
								"north": {"uv": [43, 2], "uv_size": [0.5, 0.5]},
								"east": {"uv": [19, 2], "uv_size": [7.5, 0.5]},
								"west": {"uv": [19, 4], "uv_size": [7.5, 0.5]},
								"up": {"uv": [17, 20], "uv_size": [0.5, 7.5]},
								"down": {"uv": [19, 27.5], "uv_size": [0.5, -7.5]}
							}
						},
						{
							"origin": [-0.57265, 0.59108, 0.01563],
							"size": [0.82842, 0.25, 7.9375],
							"pivot": [0.01831, -0.30978, -13.12892],
							"rotation": [0, 0, 45],
							"uv": {
								"north": {"uv": [20, 38], "uv_size": [1, 0.5]},
								"east": {"uv": [8, 12], "uv_size": [8, 0.5]},
								"south": {"uv": [38, 22], "uv_size": [1, 0.5]},
								"west": {"uv": [0, 14], "uv_size": [8, 0.5]},
								"up": {"uv": [0, 0], "uv_size": [1, 8]},
								"down": {"uv": [2, 8], "uv_size": [1, -8]}
							}
						},
						{
							"origin": [-0.41421, 0.67188, 0.01563],
							"size": [0.82842, 0.25, 7.9375],
							"uv": {
								"north": {"uv": [38, 24], "uv_size": [1, 0.5]},
								"up": {"uv": [4, 0], "uv_size": [1, 8]},
								"down": {"uv": [6, 8], "uv_size": [1, -8]}
							}
						},
						{
							"origin": [-1.15844, -0.57312, 0.01563],
							"size": [0.25, 0.82842, 7.9375],
							"pivot": [0.01831, -0.30977, -13.12892],
							"rotation": [0, 0, 45],
							"uv": {
								"north": {"uv": [25, 38], "uv_size": [0.5, 1]},
								"east": {"uv": [8, 0], "uv_size": [8, 1]},
								"south": {"uv": [27, 38], "uv_size": [0.5, 1]},
								"west": {"uv": [8, 2], "uv_size": [8, 1]},
								"down": {"uv": [9, 22], "uv_size": [0.5, -8]}
							}
						},
						{
							"origin": [-1, -0.24234, 0.01563],
							"size": [0.25, 0.57843, 7.9375],
							"uv": {
								"north": {"uv": [43, 4], "uv_size": [0.5, 0.5]},
								"east": {"uv": [11, 14], "uv_size": [8, 0.5]},
								"west": {"uv": [0, 16], "uv_size": [8, 0.5]},
								"up": {"uv": [11, 16], "uv_size": [0.5, 8]},
								"down": {"uv": [13, 24], "uv_size": [0.5, -8]}
							}
						},
						{
							"origin": [-0.24054, -1.34436, 0.01563],
							"size": [0.42218, 0.25, 7.9375],
							"pivot": [0.01831, -0.30977, -13.12892],
							"rotation": [0, 0, 22.5],
							"uv": {
								"north": {"uv": [43, 6], "uv_size": [0.5, 0.5]},
								"east": {"uv": [15, 16], "uv_size": [8, 0.5]},
								"south": {"uv": [43, 8], "uv_size": [0.5, 0.5]},
								"up": {"uv": [17, 0], "uv_size": [0.5, 8]},
								"down": {"uv": [0, 26], "uv_size": [0.5, -8]}
							}
						},
						{
							"origin": [-0.77168, -0.85809, 0.01563],
							"size": [0.125, 1, 7.6875],
							"pivot": [0.01831, -0.30977, -13.12892],
							"rotation": [0, 0, -22.5],
							"uv": {
								"north": {"uv": [31, 38], "uv_size": [0.5, 1]},
								"east": {"uv": [8, 4], "uv_size": [7.5, 1]},
								"south": {"uv": [33, 38], "uv_size": [0.5, 1]},
								"west": {"uv": [8, 6], "uv_size": [7.5, 1]}
							}
						},
						{
							"origin": [0.75, -0.24234, 0.01563],
							"size": [0.25, 0.57843, 7.9375],
							"uv": {
								"north": {"uv": [10, 43], "uv_size": [0.5, 0.5]},
								"east": {"uv": [17, 9], "uv_size": [8, 0.5]},
								"west": {"uv": [17, 11], "uv_size": [8, 0.5]},
								"up": {"uv": [2, 18], "uv_size": [0.5, 8]},
								"down": {"uv": [4, 26], "uv_size": [0.5, -8]}
							}
						},
						{
							"origin": [-0.17885, -1.33036, 0.01563],
							"size": [0.42218, 0.25, 7.9375],
							"pivot": [0.01831, -0.30977, -13.12892],
							"rotation": [0, 0, -22.5],
							"uv": {
								"north": {"uv": [12, 43], "uv_size": [0.5, 0.5]},
								"east": {"uv": [15, 18], "uv_size": [8, 0.5]},
								"south": {"uv": [43, 12], "uv_size": [0.5, 0.5]},
								"west": {"uv": [19, 0], "uv_size": [8, 0.5]},
								"up": {"uv": [6, 18], "uv_size": [0.5, 8]},
								"down": {"uv": [15, 28], "uv_size": [0.5, -8]}
							}
						},
						{
							"origin": [-0.375, 4.77036, 3.73057],
							"size": [0.75, 0.25, 3.375],
							"pivot": [0.01831, -0.30502, -14.15283],
							"rotation": [-22.5, 0, 0],
							"uv": {
								"east": {"uv": [33, 22], "uv_size": [3.5, 0.5]},
								"west": {"uv": [33, 24], "uv_size": [3.5, 0.5]},
								"up": {"uv": [21, 20], "uv_size": [1, 3.5]},
								"down": {"uv": [8, 26.5], "uv_size": [1, -3.5]}
							}
						},
						{
							"origin": [-0.375, -2.47869, 1.21971],
							"size": [0.75, 0.25, 3.1875],
							"uv": {
								"north": {"uv": [39, 0], "uv_size": [1, 0.5]},
								"east": {"uv": [25, 33], "uv_size": [3, 0.5]},
								"west": {"uv": [33, 26], "uv_size": [3, 0.5]},
								"up": {"uv": [28, 0], "uv_size": [1, 3]},
								"down": {"uv": [8, 31], "uv_size": [1, -3]}
							}
						},
						{
							"origin": [-0.09375, -2.22869, 1.21971],
							"size": [0.1875, 0.9375, 6.5],
							"uv": {
								"north": {"uv": [39, 2], "uv_size": [0.5, 1]},
								"east": {"uv": [9, 10], "uv_size": [6.5, 1]},
								"west": {"uv": [0, 12], "uv_size": [6.5, 1]}
							}
						},
						{
							"origin": [-0.09375, -3.79119, 6.46971],
							"size": [0.1875, 1.5625, 1.0625],
							"uv": {
								"east": {"uv": [33, 28], "uv_size": [1, 1.5]},
								"west": {"uv": [29, 33], "uv_size": [1, 1.5]}
							}
						},
						{
							"origin": [-0.375, -4.31324, 7.66586],
							"size": [0.75, 1.62501, 0.25],
							"pivot": [0, -4.78198, 7.54086],
							"rotation": [45, 0, 0],
							"uv": {
								"east": {"uv": [37, 26], "uv_size": [0.5, 1.5]},
								"south": {"uv": [33, 31], "uv_size": [1, 1.5]},
								"west": {"uv": [37, 29], "uv_size": [0.5, 1.5]}
							}
						},
						{
							"origin": [-0.375, -4.18824, 7.91586],
							"size": [0.75, 0.87501, 0.25],
							"pivot": [0, -4.78198, 7.54086],
							"rotation": [45, 0, 0],
							"uv": {
								"east": {"uv": [39, 4], "uv_size": [0.5, 1]},
								"west": {"uv": [39, 6], "uv_size": [0.5, 1]},
								"up": {"uv": [39, 8], "uv_size": [1, 0.5]}
							}
						},
						{
							"origin": [-0.09375, 4.95311, 3.75448],
							"size": [0.1875, 0.875, 2.25],
							"inflate": -0.001,
							"pivot": [-0.01294, -0.30977, -14.12892],
							"rotation": [-22.5, 0, 0],
							"uv": {
								"east": {"uv": [28, 4], "uv_size": [2.5, 1]},
								"west": {"uv": [29, 15], "uv_size": [2.5, 1]}
							}
						},
						{
							"origin": [11.26595, -3.07812, -2.32506],
							"size": [0.31066, 2, 0.75],
							"pivot": [0.01831, -0.30977, -13.37892],
							"rotation": [0, -45, 0],
							"uv": {
								"north": {"uv": [2, 37], "uv_size": [0.5, 2]},
								"east": {"uv": [30, 0], "uv_size": [1, 2]},
								"south": {"uv": [4, 37], "uv_size": [0.5, 2]},
								"up": {"uv": [39, 12], "uv_size": [0.5, 1]},
								"down": {"uv": [22, 40], "uv_size": [0.5, -1]}
							}
						},
						{
							"origin": [-0.15533, -3.07812, 2.39063],
							"size": [0.31066, 2, 0.75],
							"uv": {
								"north": {"uv": [37, 4], "uv_size": [0.5, 2]},
								"east": {"uv": [31, 12], "uv_size": [1, 2]},
								"south": {"uv": [6, 37], "uv_size": [0.5, 2]},
								"west": {"uv": [17, 31], "uv_size": [1, 2]},
								"down": {"uv": [39, 27], "uv_size": [0.5, -1]}
							}
						},
						{
							"origin": [11.04628, -3.07812, -2.10539],
							"size": [0.75, 2, 0.31066],
							"pivot": [0.01831, -0.30977, -13.37892],
							"rotation": [0, -45, 0],
							"uv": {
								"north": {"uv": [19, 31], "uv_size": [1, 2]},
								"east": {"uv": [37, 7], "uv_size": [0.5, 2]},
								"south": {"uv": [31, 25], "uv_size": [1, 2]},
								"west": {"uv": [8, 37], "uv_size": [0.5, 2]},
								"up": {"uv": [39, 28], "uv_size": [1, 0.5]},
								"down": {"uv": [39, 30.5], "uv_size": [1, -0.5]}
							}
						},
						{
							"origin": [-0.375, -3.07812, 2.6103],
							"size": [0.75, 2, 0.31066],
							"uv": {
								"north": {"uv": [31, 28], "uv_size": [1, 2]},
								"east": {"uv": [37, 12], "uv_size": [0.5, 2]},
								"south": {"uv": [31, 31], "uv_size": [1, 2]},
								"west": {"uv": [14, 37], "uv_size": [0.5, 2]},
								"down": {"uv": [39, 36.5], "uv_size": [1, -0.5]}
							}
						},
						{
							"origin": [-0.4375, -2.72869, 1.71971],
							"size": [0.875, 0.1875, 2.1875],
							"uv": {
								"north": {"uv": [37, 39], "uv_size": [1, 0.5]},
								"south": {"uv": [39, 38], "uv_size": [1, 0.5]},
								"west": {"uv": [35, 20], "uv_size": [2, 0.5]},
								"up": {"uv": [32, 0], "uv_size": [1, 2]},
								"down": {"uv": [32, 5], "uv_size": [1, -2]}
							}
						},
						{
							"origin": [-0.625, -3.56832, 3.67552],
							"size": [1.25, 0.1875, 2.125],
							"pivot": [0, -3.09425, 4.80489],
							"rotation": [-45, 0, 0],
							"uv": {
								"north": {"uv": [37, 32], "uv_size": [1.5, 0.5]},
								"east": {"uv": [37, 15], "uv_size": [2, 0.5]},
								"south": {"uv": [37, 34], "uv_size": [1.5, 0.5]},
								"west": {"uv": [37, 17], "uv_size": [2, 0.5]},
								"up": {"uv": [28, 12], "uv_size": [1.5, 2]},
								"down": {"uv": [14, 31], "uv_size": [1.5, -2]}
							}
						},
						{
							"origin": [-0.625, -3.38083, 3.42551],
							"size": [0.1875, 0.75, 1.625],
							"pivot": [0, -3.09425, 4.80489],
							"rotation": [-45, 0, 0],
							"uv": {
								"east": {"uv": [34, 0], "uv_size": [1.5, 1]},
								"south": {"uv": [2, 40], "uv_size": [0.5, 1]},
								"west": {"uv": [34, 2], "uv_size": [1.5, 1]},
								"up": {"uv": [37, 36], "uv_size": [0.5, 1.5]}
							}
						},
						{
							"origin": [-0.625, -2.72869, 1.71971],
							"size": [0.1875, 0.9375, 2.4375],
							"inflate": 0.005,
							"uv": {
								"north": {"uv": [4, 40], "uv_size": [0.5, 1]},
								"east": {"uv": [17, 29], "uv_size": [2.5, 1]},
								"west": {"uv": [29, 17], "uv_size": [2.5, 1]},
								"up": {"uv": [16, 36], "uv_size": [0.5, 2.5]},
								"down": {"uv": [18, 38.5], "uv_size": [0.5, -2.5]}
							}
						},
						{
							"origin": [-0.625, -4.0009, 5.05344],
							"size": [0.1875, 1.06349, 0.25282],
							"uv": {
								"east": {"uv": [6, 40], "uv_size": [0.5, 1]},
								"south": {"uv": [8, 40], "uv_size": [0.5, 1]},
								"west": {"uv": [40, 10], "uv_size": [0.5, 1]},
								"down": {"uv": [22, 43.5], "uv_size": [0.5, -0.5]}
							}
						},
						{
							"origin": [-0.625, -3.74991, 4.80344],
							"size": [0.1875, 0.5625, 0.25],
							"uv": {
								"north": {"uv": [43, 26], "uv_size": [0.5, 0.5]},
								"east": {"uv": [43, 28], "uv_size": [0.5, 0.5]},
								"west": {"uv": [43, 30], "uv_size": [0.5, 0.5]}
							}
						},
						{
							"origin": [0.4375, -2.72869, 1.71971],
							"size": [0.1875, 0.9375, 2.4375],
							"inflate": 0.005,
							"uv": {
								"north": {"uv": [14, 40], "uv_size": [0.5, 1]},
								"east": {"uv": [29, 19], "uv_size": [2.5, 1]},
								"west": {"uv": [29, 21], "uv_size": [2.5, 1]},
								"up": {"uv": [29, 36], "uv_size": [0.5, 2.5]},
								"down": {"uv": [35, 38.5], "uv_size": [0.5, -2.5]}
							}
						},
						{
							"origin": [0.4375, -3.38083, 3.42551],
							"size": [0.1875, 0.75, 1.625],
							"pivot": [0, -3.09425, 4.80489],
							"rotation": [-45, 0, 0],
							"uv": {
								"east": {"uv": [34, 4], "uv_size": [1.5, 1]},
								"south": {"uv": [40, 14], "uv_size": [0.5, 1]},
								"west": {"uv": [34, 8], "uv_size": [1.5, 1]},
								"up": {"uv": [10, 38], "uv_size": [0.5, 1.5]}
							}
						},
						{
							"origin": [0.4375, -4.0009, 5.05344],
							"size": [0.1875, 1.06349, 0.25282],
							"uv": {
								"east": {"uv": [16, 40], "uv_size": [0.5, 1]},
								"south": {"uv": [40, 16], "uv_size": [0.5, 1]},
								"west": {"uv": [18, 40], "uv_size": [0.5, 1]},
								"down": {"uv": [36, 43.5], "uv_size": [0.5, -0.5]}
							}
						},
						{
							"origin": [0.4375, -3.74991, 4.80344],
							"size": [0.1875, 0.5625, 0.25],
							"uv": {
								"north": {"uv": [43, 36], "uv_size": [0.5, 0.5]},
								"east": {"uv": [43, 38], "uv_size": [0.5, 0.5]},
								"west": {"uv": [43, 40], "uv_size": [0.5, 0.5]}
							}
						},
						{
							"origin": [-0.89668, -0.85809, 7.51563],
							"size": [0.1875, 1.00031, 0.4375],
							"pivot": [0.01831, -0.30977, -13.12892],
							"rotation": [0, 0, -22.5],
							"uv": {
								"north": {"uv": [40, 18], "uv_size": [0.5, 1]},
								"east": {"uv": [20, 40], "uv_size": [0.5, 1]},
								"south": {"uv": [40, 20], "uv_size": [0.5, 1]},
								"down": {"uv": [2, 44.5], "uv_size": [0.5, -0.5]}
							}
						},
						{
							"origin": [0.70918, -0.85809, 7.51563],
							"size": [0.1875, 1.00031, 0.4375],
							"pivot": [-0.01831, -0.30977, -13.12892],
							"rotation": [0, 0, 22.5],
							"uv": {
								"north": {"uv": [40, 22], "uv_size": [0.5, 1]},
								"south": {"uv": [24, 40], "uv_size": [0.5, 1]},
								"west": {"uv": [40, 24], "uv_size": [0.5, 1]},
								"down": {"uv": [4, 44.5], "uv_size": [0.5, -0.5]}
							}
						},
						{
							"origin": [-0.89668, -0.73309, 6.14063],
							"size": [0.1875, 0.87531, 0.25],
							"inflate": 0.001,
							"pivot": [0.01831, -0.30977, -13.12892],
							"rotation": [0, 0, -22.5],
							"uv": {
								"north": {"uv": [26, 40], "uv_size": [0.5, 1]},
								"east": {"uv": [28, 40], "uv_size": [0.5, 1]},
								"south": {"uv": [30, 40], "uv_size": [0.5, 1]}
							}
						},
						{
							"origin": [-0.89668, -0.18622, 0.89063],
							"size": [0.1875, 0.09406, 6.625],
							"pivot": [0.01831, -0.30977, -13.12892],
							"rotation": [0, 0, -22.5],
							"uv": {
								"east": {"uv": [19, 6], "uv_size": [6.5, 0.5]},
								"up": {"uv": [23, 20], "uv_size": [0.5, 6.5]},
								"down": {"uv": [10, 31.5], "uv_size": [0.5, -6.5]}
							}
						},
						{
							"origin": [-0.89668, -0.49872, 0.89063],
							"size": [0.1875, 0.09406, 6.625],
							"pivot": [0.01831, -0.30977, -13.12892],
							"rotation": [0, 0, -22.5],
							"uv": {
								"east": {"uv": [20, 13], "uv_size": [6.5, 0.5]},
								"up": {"uv": [12, 25], "uv_size": [0.5, 6.5]},
								"down": {"uv": [25, 21.5], "uv_size": [0.5, -6.5]}
							}
						},
						{
							"origin": [0.70918, -0.18622, 0.89063],
							"size": [0.1875, 0.09406, 6.625],
							"pivot": [-0.01831, -0.30977, -13.12892],
							"rotation": [0, 0, 22.5],
							"uv": {
								"west": {"uv": [25, 23], "uv_size": [6.5, 0.5]},
								"up": {"uv": [21, 25], "uv_size": [0.5, 6.5]},
								"down": {"uv": [25, 31.5], "uv_size": [0.5, -6.5]}
							}
						},
						{
							"origin": [0.70918, -0.49872, 0.89063],
							"size": [0.1875, 0.09406, 6.625],
							"pivot": [-0.01831, -0.30977, -13.12892],
							"rotation": [0, 0, 22.5],
							"uv": {
								"west": {"uv": [26, 8], "uv_size": [6.5, 0.5]},
								"up": {"uv": [0, 27], "uv_size": [0.5, 6.5]},
								"down": {"uv": [2, 33.5], "uv_size": [0.5, -6.5]}
							}
						},
						{
							"origin": [-0.89668, -0.85809, 0.89063],
							"size": [0.1875, 0.12531, 6.625],
							"pivot": [0.01831, -0.30977, -13.12892],
							"rotation": [0, 0, -22.5],
							"uv": {
								"east": {"uv": [26, 10], "uv_size": [6.5, 0.5]},
								"up": {"uv": [4, 27], "uv_size": [0.5, 6.5]},
								"down": {"uv": [6, 33.5], "uv_size": [0.5, -6.5]}
							}
						},
						{
							"origin": [0.70918, -0.85809, 0.89063],
							"size": [0.1875, 0.12531, 6.625],
							"pivot": [-0.01831, -0.30977, -13.12892],
							"rotation": [0, 0, 22.5],
							"uv": {
								"west": {"uv": [27, 6], "uv_size": [6.5, 0.5]},
								"up": {"uv": [27, 15], "uv_size": [0.5, 6.5]},
								"down": {"uv": [27, 31.5], "uv_size": [0.5, -6.5]}
							}
						},
						{
							"origin": [-0.89668, -0.73309, 4.76563],
							"size": [0.1875, 0.87531, 0.25],
							"inflate": 0.001,
							"pivot": [0.01831, -0.30977, -13.12892],
							"rotation": [0, 0, -22.5],
							"uv": {
								"north": {"uv": [32, 40], "uv_size": [0.5, 1]},
								"east": {"uv": [40, 32], "uv_size": [0.5, 1]},
								"south": {"uv": [34, 40], "uv_size": [0.5, 1]}
							}
						},
						{
							"origin": [-0.89668, -0.73309, 3.39063],
							"size": [0.1875, 0.87531, 0.25],
							"inflate": 0.001,
							"pivot": [0.01831, -0.30977, -13.12892],
							"rotation": [0, 0, -22.5],
							"uv": {
								"north": {"uv": [40, 34], "uv_size": [0.5, 1]},
								"east": {"uv": [39, 40], "uv_size": [0.5, 1]},
								"south": {"uv": [0, 41], "uv_size": [0.5, 1]}
							}
						},
						{
							"origin": [-0.89668, -0.73309, 2.01563],
							"size": [0.1875, 0.87531, 0.25],
							"inflate": 0.001,
							"pivot": [0.01831, -0.30977, -13.12892],
							"rotation": [0, 0, -22.5],
							"uv": {
								"north": {"uv": [41, 0], "uv_size": [0.5, 1]},
								"east": {"uv": [41, 2], "uv_size": [0.5, 1]},
								"south": {"uv": [41, 4], "uv_size": [0.5, 1]}
							}
						},
						{
							"origin": [0.70918, -0.73309, 6.14063],
							"size": [0.1875, 0.87531, 0.25],
							"inflate": 0.001,
							"pivot": [-0.01831, -0.30977, -13.12892],
							"rotation": [0, 0, 22.5],
							"uv": {
								"north": {"uv": [41, 6], "uv_size": [0.5, 1]},
								"south": {"uv": [41, 8], "uv_size": [0.5, 1]},
								"west": {"uv": [10, 41], "uv_size": [0.5, 1]}
							}
						},
						{
							"origin": [0.70918, -0.73309, 4.76563],
							"size": [0.1875, 0.87531, 0.25],
							"inflate": 0.001,
							"pivot": [-0.01831, -0.30977, -13.12892],
							"rotation": [0, 0, 22.5],
							"uv": {
								"north": {"uv": [12, 41], "uv_size": [0.5, 1]},
								"south": {"uv": [41, 12], "uv_size": [0.5, 1]},
								"west": {"uv": [22, 41], "uv_size": [0.5, 1]}
							}
						},
						{
							"origin": [0.70918, -0.73309, 3.39063],
							"size": [0.1875, 0.87531, 0.25],
							"inflate": 0.001,
							"pivot": [-0.01831, -0.30977, -13.12892],
							"rotation": [0, 0, 22.5],
							"uv": {
								"north": {"uv": [41, 26], "uv_size": [0.5, 1]},
								"south": {"uv": [41, 28], "uv_size": [0.5, 1]},
								"west": {"uv": [41, 30], "uv_size": [0.5, 1]}
							}
						},
						{
							"origin": [0.70918, -0.73309, 2.01563],
							"size": [0.1875, 0.87531, 0.25],
							"inflate": 0.001,
							"pivot": [-0.01831, -0.30977, -13.12892],
							"rotation": [0, 0, 22.5],
							"uv": {
								"north": {"uv": [36, 41], "uv_size": [0.5, 1]},
								"south": {"uv": [41, 36], "uv_size": [0.5, 1]},
								"west": {"uv": [41, 38], "uv_size": [0.5, 1]}
							}
						},
						{
							"origin": [-0.89668, -0.85809, 0.01563],
							"size": [0.125, 1.00031, 0.875],
							"pivot": [0.01831, -0.30977, -13.12892],
							"rotation": [0, 0, -22.5],
							"uv": {
								"north": {"uv": [41, 40], "uv_size": [0.5, 1]},
								"east": {"uv": [35, 6], "uv_size": [1, 1]},
								"south": {"uv": [2, 42], "uv_size": [0.5, 1]},
								"down": {"uv": [4, 43], "uv_size": [0.5, -1]}
							}
						},
						{
							"origin": [0.77446, -0.87209, 0.01563],
							"size": [0.125, 1.0003, 0.9375],
							"pivot": [0.01831, -0.30977, -13.12892],
							"rotation": [0, 0, 22.5],
							"uv": {
								"north": {"uv": [6, 42], "uv_size": [0.5, 1]},
								"south": {"uv": [8, 42], "uv_size": [0.5, 1]},
								"west": {"uv": [23, 37], "uv_size": [1, 1]},
								"down": {"uv": [42, 11], "uv_size": [0.5, -1]}
							}
						},
						{
							"origin": [0.64946, -0.87209, 0.01563],
							"size": [0.125, 1, 7.6875],
							"pivot": [0.01831, -0.30977, -13.12892],
							"rotation": [0, 0, 22.5],
							"uv": {
								"north": {"uv": [14, 42], "uv_size": [0.5, 1]},
								"east": {"uv": [8, 8], "uv_size": [7.5, 1]},
								"south": {"uv": [42, 14], "uv_size": [0.5, 1]},
								"west": {"uv": [0, 10], "uv_size": [7.5, 1]}
							}
						},
						{
							"origin": [-0.5, -0.97458, 4.64063],
							"size": [0.25, 0.39063, 3.0625],
							"uv": {
								"north": {"uv": [6, 44], "uv_size": [0.5, 0.5]},
								"east": {"uv": [34, 10], "uv_size": [3, 0.5]},
								"west": {"uv": [16, 34], "uv_size": [3, 0.5]},
								"up": {"uv": [31, 34], "uv_size": [0.5, 3]},
								"down": {"uv": [33, 37], "uv_size": [0.5, -3]}
							}
						},
						{
							"origin": [0.25, -0.97458, 4.64063],
							"size": [0.25, 0.39063, 3.0625],
							"uv": {
								"north": {"uv": [8, 44], "uv_size": [0.5, 0.5]},
								"east": {"uv": [0, 35], "uv_size": [3, 0.5]},
								"west": {"uv": [4, 35], "uv_size": [3, 0.5]},
								"up": {"uv": [35, 12], "uv_size": [0.5, 3]},
								"down": {"uv": [35, 19], "uv_size": [0.5, -3]}
							}
						}
					]
				},
				{
					"name": "group23",
					"parent": "oem_stock_tactical2",
					"pivot": [0, 10.26812, 7.74376],
					"rotation": [-7.5, 0, 0],
					"cubes": [
						{
							"origin": [-0.8125, -0.93483, 9.15383],
							"size": [0.5625, 0.39063, 0.3125],
							"uv": {
								"north": {"uv": [44, 10], "uv_size": [0.5, 0.5]},
								"east": {"uv": [14, 44], "uv_size": [0.5, 0.5]},
								"south": {"uv": [44, 14], "uv_size": [0.5, 0.5]},
								"west": {"uv": [16, 44], "uv_size": [0.5, 0.5]},
								"up": {"uv": [44, 16], "uv_size": [0.5, 0.5]}
							}
						},
						{
							"origin": [7.84004, 2.36549, 9.15383],
							"size": [0.57842, 0.45312, 0.3125],
							"pivot": [0.01831, 11.62732, -14.49454],
							"rotation": [0, 0, 45],
							"uv": {
								"north": {"uv": [18, 44], "uv_size": [0.5, 0.5]},
								"south": {"uv": [44, 18], "uv_size": [0.5, 0.5]},
								"west": {"uv": [20, 44], "uv_size": [0.5, 0.5]},
								"up": {"uv": [44, 20], "uv_size": [0.5, 0.5]},
								"down": {"uv": [44, 22.5], "uv_size": [0.5, -0.5]}
							}
						},
						{
							"origin": [7.75165, 4.06325, 9.15383],
							"size": [0.82842, 0.39063, 0.3125],
							"pivot": [0.01831, 11.62732, -14.49454],
							"rotation": [0, 0, 45],
							"uv": {
								"north": {"uv": [16, 42], "uv_size": [1, 0.5]},
								"east": {"uv": [24, 44], "uv_size": [0.5, 0.5]},
								"south": {"uv": [42, 16], "uv_size": [1, 0.5]},
								"west": {"uv": [44, 24], "uv_size": [0.5, 0.5]},
								"up": {"uv": [18, 42], "uv_size": [1, 0.5]},
								"down": {"uv": [42, 18.5], "uv_size": [1, -0.5]}
							}
						},
						{
							"origin": [-0.41421, 0.696, 9.15383],
							"size": [0.82842, 0.39063, 0.3125],
							"uv": {
								"north": {"uv": [20, 42], "uv_size": [1, 0.5]},
								"south": {"uv": [42, 20], "uv_size": [1, 0.5]},
								"up": {"uv": [42, 22], "uv_size": [1, 0.5]},
								"down": {"uv": [24, 42.5], "uv_size": [1, -0.5]}
							}
						},
						{
							"origin": [8.82142, 2.69856, 9.15383],
							"size": [0.45313, 0.57842, 0.3125],
							"pivot": [0.63529, 11.40046, 7.74376],
							"rotation": [0, 0, 45],
							"uv": {
								"north": {"uv": [26, 44], "uv_size": [0.5, 0.5]},
								"east": {"uv": [28, 44], "uv_size": [0.5, 0.5]},
								"south": {"uv": [30, 44], "uv_size": [0.5, 0.5]},
								"west": {"uv": [32, 44], "uv_size": [0.5, 0.5]},
								"down": {"uv": [44, 32.5], "uv_size": [0.5, -0.5]}
							}
						},
						{
							"origin": [0.625, -0.45259, 9.15383],
							"size": [0.375, 0.95343, 0.3125],
							"inflate": 0.001,
							"uv": {
								"north": {"uv": [42, 24], "uv_size": [0.5, 1]},
								"east": {"uv": [26, 42], "uv_size": [0.5, 1]},
								"south": {"uv": [28, 42], "uv_size": [0.5, 1]},
								"west": {"uv": [30, 42], "uv_size": [0.5, 1]},
								"up": {"uv": [34, 44], "uv_size": [0.5, 0.5]}
							}
						},
						{
							"origin": [7.16586, 3.03967, 9.15383],
							"size": [0.39063, 0.82842, 0.3125],
							"pivot": [0.01831, 11.62732, -14.49454],
							"rotation": [0, 0, 45],
							"uv": {
								"north": {"uv": [32, 42], "uv_size": [0.5, 1]},
								"east": {"uv": [42, 32], "uv_size": [0.5, 1]},
								"south": {"uv": [34, 42], "uv_size": [0.5, 1]},
								"west": {"uv": [42, 34], "uv_size": [0.5, 1]},
								"down": {"uv": [44, 34.5], "uv_size": [0.5, -0.5]}
							}
						},
						{
							"origin": [-1, -0.45259, 9.15383],
							"size": [0.375, 0.95343, 0.3125],
							"inflate": 0.001,
							"uv": {
								"north": {"uv": [38, 42], "uv_size": [0.5, 1]},
								"east": {"uv": [40, 42], "uv_size": [0.5, 1]},
								"south": {"uv": [42, 42], "uv_size": [0.5, 1]},
								"west": {"uv": [0, 43], "uv_size": [0.5, 1]},
								"up": {"uv": [38, 44], "uv_size": [0.5, 0.5]},
								"down": {"uv": [40, 44.5], "uv_size": [0.5, -0.5]}
							}
						},
						{
							"origin": [0.25, -0.93483, 9.15383],
							"size": [0.5625, 0.39063, 0.3125],
							"uv": {
								"north": {"uv": [42, 44], "uv_size": [0.5, 0.5]},
								"east": {"uv": [44, 42], "uv_size": [0.5, 0.5]},
								"south": {"uv": [44, 44], "uv_size": [0.5, 0.5]},
								"west": {"uv": [0, 45], "uv_size": [0.5, 0.5]},
								"up": {"uv": [45, 0], "uv_size": [0.5, 0.5]}
							}
						},
						{
							"origin": [-0.5, -3.18483, 9.15383],
							"size": [1, 2.25, 0.3125],
							"uv": {
								"north": {"uv": [29, 25], "uv_size": [1, 2.5]},
								"east": {"uv": [0, 37], "uv_size": [0.5, 2.5]},
								"south": {"uv": [29, 29], "uv_size": [1, 2.5]},
								"west": {"uv": [37, 0], "uv_size": [0.5, 2.5]},
								"up": {"uv": [43, 0], "uv_size": [1, 0.5]}
							}
						},
						{
							"origin": [-0.26515, -4.799, 9.15383],
							"size": [0.5303, 0.25, 0.3125],
							"uv": {
								"north": {"uv": [45, 2], "uv_size": [0.5, 0.5]},
								"south": {"uv": [45, 4], "uv_size": [0.5, 0.5]},
								"down": {"uv": [45, 6.5], "uv_size": [0.5, -0.5]}
							}
						},
						{
							"origin": [-8.29084, -1.21838, 9.15383],
							"size": [0.35356, 0.25, 0.3125],
							"pivot": [0.30935, 7.31931, 7.74376],
							"rotation": [0, 0, -45],
							"uv": {
								"north": {"uv": [45, 8], "uv_size": [0.5, 0.5]},
								"south": {"uv": [10, 45], "uv_size": [0.5, 0.5]},
								"down": {"uv": [12, 45.5], "uv_size": [0.5, -0.5]}
							}
						},
						{
							"origin": [7.93728, -1.21838, 9.15383],
							"size": [0.35356, 0.25, 0.3125],
							"pivot": [-0.30935, 7.31931, 7.74376],
							"rotation": [0, 0, 45],
							"uv": {
								"north": {"uv": [45, 12], "uv_size": [0.5, 0.5]},
								"south": {"uv": [22, 45], "uv_size": [0.5, 0.5]},
								"down": {"uv": [45, 26.5], "uv_size": [0.5, -0.5]}
							}
						},
						{
							"origin": [-0.4375, -4.55983, 9.15383],
							"size": [0.875, 1.375, 0.3125],
							"uv": {
								"north": {"uv": [25, 35], "uv_size": [1, 1.5]},
								"east": {"uv": [12, 38], "uv_size": [0.5, 1.5]},
								"south": {"uv": [27, 35], "uv_size": [1, 1.5]},
								"west": {"uv": [38, 19], "uv_size": [0.5, 1.5]}
							}
						},
						{
							"origin": [-2.39838, -4.49512, 9.15383],
							"size": [0.4375, 4.125, 0.3125],
							"pivot": [-1, 11.44475, 7.90001],
							"rotation": [0, 0, -6.75],
							"uv": {
								"north": {"uv": [8, 32], "uv_size": [0.5, 4]},
								"east": {"uv": [14, 32], "uv_size": [0.5, 4]},
								"south": {"uv": [23, 32], "uv_size": [0.5, 4]},
								"west": {"uv": [10, 33], "uv_size": [0.5, 4]},
								"up": {"uv": [45, 28], "uv_size": [0.5, 0.5]},
								"down": {"uv": [45, 30.5], "uv_size": [0.5, -0.5]}
							}
						},
						{
							"origin": [1.96088, -4.49512, 9.15383],
							"size": [0.4375, 4.125, 0.3125],
							"pivot": [1, 11.44475, 7.90001],
							"rotation": [0, 0, 6.75],
							"uv": {
								"north": {"uv": [12, 33], "uv_size": [0.5, 4]},
								"east": {"uv": [33, 12], "uv_size": [0.5, 4]},
								"south": {"uv": [33, 17], "uv_size": [0.5, 4]},
								"west": {"uv": [21, 33], "uv_size": [0.5, 4]},
								"up": {"uv": [36, 45], "uv_size": [0.5, 0.5]},
								"down": {"uv": [45, 36.5], "uv_size": [0.5, -0.5]}
							}
						}
					]
				}
			]
		}
	]
}