{
  "ammo": "trisdyna:emx_b1",
  "rpm": 730,
  "bullet": {
    "life": 0.65,
    "bullet_amount": 1,
    "damage": 6.5,
    "tracer_count_interval": 0,
    "extra_damage": {
      "armor_ignore": 0.1,
      "head_shot_multiplier": 1.25,
      "damage_adjust": [
        {"distance": 24, "damage": 6.5},
        {"distance": 50, "damage": 5.1},
        {"distance": "infinite", "damage": 4}
      ]
    },
    "speed": 180,
    "gravity": 0.0,
    "knockback": 0,
    "friction": 0.025,
    "ignite": false,
    "ignite": {
      // 点燃实体
      "entity": false,
      // 点燃方块
      "block": false
    },
    // 点燃时间，默认为 2 秒，仅用于实体
    "ignite_entity_time": 6,
    "pierce": 1
  },
  "ammo_amount": 125,
  "extended_mag_ammo_amount": [
    75,
    200,
    300
  ],
  // 过热参数
  "heat":  {
    // 过热上限
    "max": 1000,
    // 每发子弹过热值
    "per_shot": 10,
    // 冷却倍率，过热值的减少速度会随着时间增加
    // t时间(秒)内可以冷却的过热值可以参考: max = cooling_multiplier * t^2
    "cooling_multiplier": 160,
    // 冷却延迟，ms
    "cooling_delay": 100,
    // 完全过热后，开始过热的延迟时间，ms
    "over_heat_time": 500,
    // 以下将在使用过热进度(0-1)在最小值和最大值之间线性插值，然后与原始数值相乘
    // 最小不准确度影响
    "min_inaccuracy": 1,
    // 最大不准确度影响
    "max_inaccuracy": 1.2,
    // 最小射速影响
    "min_rpm_mod": 1,
    // 最大射速影响
    "max_rpm_mod": 0.8
  },
  "bolt": "open_bolt",
  "reload": {
    "type": "fuel",
    "feed": {
      "empty": 1.97,
      "tactical": 1.17
    },
    "cooldown": {
      "empty": 2.45,
      "tactical": 2.45
    }
  },
  "draw_time": 0.42,
  "put_away_time": 0.43,
  "aim_time": 0.12,
  "sprint_time": 0.15,
  "weight": 3,
  "movement_speed": {
    "base": 0.0,
    "aim": -0.15,
    "reload": 0
  },
  "crawl_recoil_multiplier": 0.75,
  "fire_mode": [
    "auto"
  ],
  "allow_attachment_types": [
    "scope",
    "muzzle",
	"grip",
	"stock",
    "extended_mag"
  ],
  "recoil": {
    "pitch": [
      {"time": 0, "value": [0.19, 0.19]},
      {"time": 0.3, "value": [0.19, 0.19]},
      {"time": 0.55, "value": [-0.15, -0.15]},
      {"time": 0.7, "value": [0, 0]}
    ],
    "yaw": [
      {"time": 0, "value": [-0.1, 0.1]},
      {"time": 0.3, "value": [-0.15, 0.15]},
      {"time": 0.55, "value": [0, 0]}
    ]
  },
  "inaccuracy": {
    "stand": 3.5,
    "move": 4.2,
    "sneak": 3.1,
    "lie": 3.1,
    "aim": 0.42
  },
  "builtin_attachments": {
    "scope": "trisdyna:sight_neutron"
  },
  // 近战相关
  "melee": {
    // 枪械距离参数，用来延升近战攻击范围
    // 会与刺刀等配件的距离做加和
    "distance": 1,
    // 使用时的冷却时间
    // 会与刺刀等配件的冷却时间做加和
    "cooldown": 0.6,
    // 默认近战数据，会被配件的数据替换掉
    "default": {
      // 动画类型：没有枪托的为 melee_push，有枪托的为 melee_stock
      "animation_type": "melee_push",
      // 刺刀距离参数，枪械里还有个刺刀攻击距离参数，两者做加和
      "distance": 1,
      // 刺刀范围角度
      "range_angle": 40,
      // 刺刀冷却时间，枪械里还有个刺刀冷却时间参数，两者做加和
      "cooldown": 0.2,
      // 伤害值
      "damage": 1,
      // 击退效果
      "knockback": 0.4,
      // 前摇时长，单位：秒
      "prep": 0.1
    }
  }
}