{
  "script": "trisdyna:cms92x_logic",
  "ammo": "trisdyna:emx_b1",
  "rpm": 850,
  "bullet": {
    "life": 0.6,
    "bullet_amount": 1,
    "damage": 6.5,
    "tracer_count_interval": 0,
    "extra_damage": {
      "armor_ignore": 0.1,
      "head_shot_multiplier": 1.25,
      "damage_adjust": [
        {"distance": 20, "damage": 6.5},
        {"distance": 40, "damage": 5.1},
        {"distance": "infinite", "damage": 4}
      ]
    },
    "speed": 180,
    "gravity": 0.0,
    "knockback": 0.0,
    "friction": 0.025,
    "ignite": false,
    "ignite_entity_time": 6,
    "pierce": 0,
    "ignite": {
      // 点燃实体
      "entity": false,
      // 点燃方块
      "block": false
    },
    // 点燃时间，默认为 2 秒，仅用于实体
    "ignite_entity_time": 4
  },
  "ammo_amount": 200,
  "extended_mag_ammo_amount": [
    100,
    300,
    400
  ],
  "bolt": "open_bolt",
  "reload": {
    "type": "fuel",
    "feed": {
      "empty": 1.04,
      "tactical": 1.04
    },
    "cooldown": {
      "empty": 2.62,
      "tactical": 2.62
    }
  },
  "script_param": {
    "reload_tactical_feed": 1.92,
    "reload_tactical_cooldown": 3.03,
    "reload_last_feed": 2.15,
    "reload_last_cooldown": 3.18,
    "reload_empty_feed": 2.55,
    "reload_empty_cooldown": 3.28
  },
  // 过热参数
  "heat":  {
    // 过热上限
    "max": 1000,
    // 每发子弹过热值
    "per_shot": 10,
    // 冷却倍率，过热值的减少速度会随着时间增加
    // t时间(秒)内可以冷却的过热值可以参考: max = cooling_multiplier * t^2
    "cooling_multiplier": 160,
    // 冷却延迟，ms
    "cooling_delay": 100,
    // 完全过热后，开始过热的延迟时间，ms
    "over_heat_time": 500,
    // 以下将在使用过热进度(0-1)在最小值和最大值之间线性插值，然后与原始数值相乘
    // 最小不准确度影响
    "min_inaccuracy": 1,
    // 最大不准确度影响
    "max_inaccuracy": 1.2,
    // 最小射速影响
    "min_rpm_mod": 1,
    // 最大射速影响
    "max_rpm_mod": 0.8
  },
  "draw_time": 0.95,
  "put_away_time": 1,
  "aim_time": 0.1,
  "sprint_time": 0.3,
  "weight": 5.7,
  "fire_mode": [
    "auto"
  ],
  "allow_attachment_types": [
    "grip",
    "muzzle",
	"stock",
    "extended_mag"
  ],
  "recoil": {
    "pitch": [
      {"time": 0, "value": [0.19, 0.19]},
      {"time": 0.3, "value": [0.19, 0.19]},
      {"time": 0.55, "value": [-0.15, -0.15]},
      {"time": 0.7, "value": [0, 0]}
    ],
    "yaw": [
      {"time": 0, "value": [-0.1, 0.1]},
      {"time": 0.3, "value": [-0.15, 0.15]},
      {"time": 0.55, "value": [0, 0]}
    ]
  },
  "builtin_attachments": {
  },
  "melee": {
    "distance": 0,
    "cooldown": 0.5
  },
  "inaccuracy": {
    "stand": 3,
    "move": 4,
    "sneak": 2.5,
    "lie": 2,
    "aim": 1.5
  }
}