{
  "ammo": "trisdyna:emx_b3",
  "ammo_amount": 800,
  "extended_mag_ammo_amount": [
    400,
    1200,
    1600
  ],
  "bolt": "open_bolt",
  "rpm": 1200,
  "bullet": {
    "life": 0.75,
    "bullet_amount": 1,
    "damage": 6.8,
    "tracer_count_interval": 0,
    "extra_damage": {
      "armor_ignore": 0.15,
      "head_shot_multiplier": 1.20,
      "damage_adjust": [
        {"distance": 40, "damage": 6.8},
        {"distance": 80, "damage": 5.5},
        {"distance": "infinite", "damage": 2.8}
      ]
    },
    // 点燃目标
    "ignite": false,
    // 点燃时间，默认为 2 秒，仅用于实体
    "ignite_entity_time": 6,
    "speed": 240,
    "gravity": 0.0245,
    "knockback": 0.0,
    "friction": 0.01,
    "ignite": false,
    "pierce": 1
  },
  "heat":  {
    // 过热上限
    "max": 2000,
    // 每发子弹过热值
    "per_shot": 10,
    // 冷却倍率，过热值的减少速度会随着时间增加
    // t时间(秒)内可以冷却的过热值可以参考: max = cooling_multiplier * t^2
    "cooling_multiplier": 60,
    // 冷却延迟，ms
    "cooling_delay": 100,
    // 完全过热后，开始过热的延迟时间，ms
    "over_heat_time": 1000,
    // 以下将在使用过热进度(0-1)在最小值和最大值之间线性插值，然后与原始数值相乘
    // 最小不准确度影响
    "min_inaccuracy": 1,
    // 最大不准确度影响
    "max_inaccuracy": 1.2,
    // 最小射速影响
    "min_rpm_mod": 1,
    // 最大射速影响
    "max_rpm_mod": 0.8
  },
  "reload": {
    // magazine 是弹匣供弹，manual 是手动供弹，fuel是类燃料罐供弹（消耗一个物品填满）
    "type": "fuel",
    "feed": {
      "empty": 3.9,
      "tactical": 3.9
    },
    "cooldown": {
      "empty": 5.0,
      "tactical": 5.0
    }
  },
  "draw_time": 1.15,
  "put_away_time": 0.75,
  "aim_time": 0.45,
  "sprint_time": 0.21,
  "weight": 10.1,
  "movement_speed": {
    "base": 0.0,
    "aim": -0.1,
    "reload": -0.1
  },
  "fire_mode": [
    "auto"
  ],
  "recoil": {
    "pitch": [
      {"time": 0, "value": [0.18, 0.18]},
      {"time": 0.3, "value": [0.1, 0.1]},
      {"time": 0.5, "value": [-0.125, -0.125]},
      {"time": 0.65, "value": [0, 0]}
    ],
    "yaw": [
      {"time": 0, "value": [-0.1, 0.1]},
      {"time": 0.3, "value": [-0.29, 0.29]},
      {"time": 0.5, "value": [0, 0]}
    ]
  },
  "inaccuracy": {
    "stand": 4.5,
    "move": 4.2,
    "sneak": 3.8,
    "lie": 3.6,
    "aim": 2.8
  },
  "melee": {
    // 枪械距离参数，用来延升近战攻击范围
    // 会与刺刀等配件的距离做加和
    "distance": 1,
    // 使用时的冷却时间
    "cooldown": 1.0
  },
  "allow_attachment_types": [
    "scope",
    "grip",
	"stock",
	"muzzle",
    "extended_mag"
  ],
  //"script": "trisdyna:cf007_logic",
  "exclusive_attachments": {
  }
}