{
  "ammo": "trisdyna:emx_b1",
  "rpm": 1200,
  "ammo_amount": 200,
  "extended_mag_ammo_amount": [
    160,
    320,
    460
  ],
  "bolt": "open_bolt",
  "bullet": {
    "life": 5,
    "bullet_amount": 1,
    "damage": 3.5,
    "extra_damage": {
      "armor_ignore": 0.15,
      "head_shot_multiplier": 1.0,
      "damage_adjust": [
        {"distance": 7, "damage": 3.5},
		{"distance": 15, "damage": 2.8},
        {"distance": 30, "damage": 2.3},
        {"distance": "infinite", "damage": 1.8}
      ]
    },
    "speed": 1000,
    "gravity": 0.15,
    "knockback": 0,
    "friction": 0.05,
    "ignite": false,
    "pierce": 0,
    // 点燃目标
    // "ignite": false,
    "ignite": {
      // 点燃实体
      "entity": false,
      // 点燃方块
      "block": false
    },
    // 点燃时间，默认为 2 秒，仅用于实体
    "ignite_entity_time": 5,
    "explosion": {
      "explode": false,
      "damage": 35,
      "radius": 5,
      "knockback": true,
      "delay": 30
    }
  },
  "heat":  {
    // 过热上限
    "max": 1600,
    // 每发子弹过热值
    "per_shot": 10,
    // 冷却倍率，过热值的减少速度会随着时间增加
    // t时间(秒)内可以冷却的过热值可以参考: max = cooling_multiplier * t^2
    "cooling_multiplier": 30,
    // 冷却延迟，ms
    "cooling_delay": 100,
    // 完全过热后，开始过热的延迟时间，ms
    "over_heat_time": 500,
    // 以下将在使用过热进度(0-1)在最小值和最大值之间线性插值，然后与原始数值相乘
    // 最小不准确度影响
    "min_inaccuracy": 1,
    // 最大不准确度影响
    "max_inaccuracy": 1.0,
    // 最小射速影响
    "min_rpm_mod": 1,
    // 最大射速影响
    "max_rpm_mod": 0.8
  },
  "reload": {
    "type": "fuel",
    "feed": {
      "empty": 1.97,
      "tactical": 1.17
    },
    "cooldown": {
      "empty": 2.45,
      "tactical": 2.45
    }
  },
  "draw_time": 0.42,
  "put_away_time": 0.43,
  "aim_time": 0.04,
  "sprint_time": 0.15,
  "weight": 2.6,
  "movement_speed": {
    "base": 0.0,
    "aim": -0.1,
    "reload": 0
  },
  "crawl_recoil_multiplier": 0.5,
  "fire_mode": [
    "auto"
  ],
  "recoil": {
    "pitch": [
      {"time": 0, "value": [0.05, 0.05]},
      {"time": 0.3, "value": [0.05, 0.05]},
      {"time": 0.55, "value": [-0.075, -0.075]},
      {"time": 0.8, "value": [0.025, 0.025]},
      {"time": 1.2, "value": [0, 0]},
      {"time": 1.4, "value": [0, 0]}
    ],
    "yaw": [
      {"time": 0, "value": [-0.04, 0.04]},
      {"time": 0.55, "value": [0, 0]}
    ]
  },
  "allow_attachment_types": [
    "extended_mag",
	"scope",
	"muzzle"
  ],
  "inaccuracy": {
    "stand": 0,
    "move": 0,
    "sneak": 0,
    "lie": 0.0,
    "aim": 0.0
  },
  // 近战相关
  "melee": {
    // 枪械距离参数，用来延升近战攻击范围
    // 会与刺刀等配件的距离做加和
    "distance": 1,
    // 使用时的冷却时间
    "cooldown": 0.5,
    // 默认近战数据，会被配件的数据替换掉
    "default": {
      // 动画类型：没有枪托的为 melee_push，有枪托的为 melee_stock
      "animation_type": "melee_stock",
      // 刺刀距离参数，枪械里还有个刺刀攻击距离参数，两者做加和
      "distance": 1,
      // 刺刀范围角度
      "range_angle": 30,
      // 伤害值
      "damage": 2,
      // 击退效果
      "knockback": 0.75,
      // 前摇时长，单位：秒
      "prep": 0.1
    }
  }
}