{
  "ammo": "trisdyna:emx_b1",
  "ammo_amount": 20,
  "extended_mag_ammo_amount": [
    10,
    30,
    40
  ],
  "bolt": "open_bolt",
  "rpm": 30,
  "bullet": {
    "life": 0.8,
    "bullet_amount": 1,
    "damage": 98.4,
    "extra_damage": {
      "armor_ignore": 0.35,
      "head_shot_multiplier": 1.0,
      "damage_adjust": [
        {"distance": 30, "damage": 98.4},
        {"distance": 50, "damage": 77.8},
        {"distance": "infinite", "damage": 66.7}
      ]
    },
    "speed": 1000,
    "gravity": 0.0,
    "knockback": 0,
    "friction": 0.01,
    "ignite": false,
    "pierce": 20,
    "ignite": {
      // 点燃实体
      "entity": true,
      // 点燃方块
      "block": false
    },
    // 点燃时间，默认为 2 秒，仅用于实体
    "ignite_entity_time": 5,
    "explosion": {
      "explode": false,
      "damage": 28,
      "radius": 0.75,
      "knockback": true,
      "delay": 1
    }
  },
  "reload": {
    "type": "fuel",
    "feed": {
      "empty": 1.97,
      "tactical": 1.97
    },
    "cooldown": {
      "empty": 2.2,
      "tactical": 2.2
    }
  },
  "draw_time": 1.3,
  "put_away_time": 0.87,
  "aim_time": 0.21,
  "sprint_time": 0.22,
  "weight": 6.2,
  "movement_speed": {
    "base": 0.0,
    "aim": -0.15,
    "reload": -0.1
  },
  "crawl_recoil_multiplier": 0.2,
  "fire_mode": [
    "semi"
  ],
  "recoil": {
    "pitch": [
	  {"time": 0, "value": [0.0, 0.0]},
      {"time": 0.8, "value": [0.325, 0.325]},
      {"time": 0.95, "value": [0.325, 0.325]},
      {"time": 1.3, "value": [-0.125, -0.125]},
      {"time": 1.45, "value": [0, 0]}
    ],
    "yaw": [
	  {"time": 0, "value": [0.0, 0.0]},
      {"time": 0.8, "value": [-0.3, 0.2]},
      {"time": 0.95, "value": [-0.3, 0.2]},
      {"time": 1.3, "value": [0, 0]}
    ]
  },
  "inaccuracy": {
    "stand": 0.2,
    "move": 0.5,
    "sneak": 0.25,
    "lie": 0.2,
    "aim": 0.0
  },
  // 近战相关
  "melee": {
    // 枪械距离参数，用来延升近战攻击范围
    // 会与刺刀等配件的距离做加和
    "distance": 1,
    // 使用时的冷却时间
    "cooldown": 0.65,
    // 默认近战数据，会被配件的数据替换掉
    "default": {
      // 动画类型：没有枪托的为 melee_push，有枪托的为 melee_stock
      "animation_type": "melee_stock",
      // 刺刀距离参数，枪械里还有个刺刀攻击距离参数，两者做加和
      "distance": 1.25,
      // 刺刀范围角度
      "range_angle": 30,
      // 伤害值
      "damage": 2,
      // 击退效果
      "knockback": 0.6,
      // 前摇时长，单位：秒
      "prep": 0.1
    }
  },
  "allow_attachment_types": [
    "scope",
    "stock",
    "grip",
	"laser",
    "muzzle",
    "extended_mag"
  ],
  "script": "trisdyna:fs2000_logic",
  "exclusive_attachments": {
  }
}