{
  "ammo": "trisdyna:emx_b3",
  "ammo_amount": 12,
  "extended_mag_ammo_amount": [
    18,
    25,
    40
  ],
  "bolt": "open_bolt",
  "rpm": 110,
  "bullet": {
    "life": 0.75,
    "bullet_amount": 1,
    "damage": 76.5,
    "tracer_count_interval": 0,
    "extra_damage": {
      "armor_ignore": 0.35,
      "head_shot_multiplier": 1.65,
      "damage_adjust": [
        {"distance": 50, "damage": 76.5},
        {"distance": 120, "damage": 55.0},
        {"distance": "infinite", "damage": 41.8}
      ]
    },
    // 点燃目标
    "ignite": false,
    // 点燃时间，默认为 2 秒，仅用于实体
    "ignite_entity_time": 30,
    "speed": 340,
    "gravity": 0.0245,
    "knockback": 0.0,
    "friction": 0.01,
    "ignite": false,
    "pierce": 0,
    "explosion": {
      "explode": false,
      "damage": 37,
      "radius": 3,
      "knockback": false,
      "delay": 30
    }
  },
  "heat":  {
    // 过热上限
    "max": 2000,
    // 每发子弹过热值
    "per_shot": 140,
    // 冷却倍率，过热值的减少速度会随着时间增加
    // t时间(秒)内可以冷却的过热值可以参考: max = cooling_multiplier * t^2
    "cooling_multiplier": 130,
    // 冷却延迟，ms
    "cooling_delay": 700,
    // 完全过热后，开始过热的延迟时间，ms
    "over_heat_time": 500,
    // 以下将在使用过热进度(0-1)在最小值和最大值之间线性插值，然后与原始数值相乘
    // 最小不准确度影响
    "min_inaccuracy": 1,
    // 最大不准确度影响
    "max_inaccuracy": 1.0,
    // 最小射速影响
    "min_rpm_mod": 1,
    // 最大射速影响
    "max_rpm_mod": 0.8
  },
  "reload": {
    // magazine 是弹匣供弹，manual 是手动供弹，fuel是类燃料罐供弹（消耗一个物品填满）
    "type": "fuel",
    "feed": {
      "empty": 3.6,
      "tactical": 3.6
    },
    "cooldown": {
      "empty": 4.0,
      "tactical": 4.0
    }
  },
  "draw_time": 1.15,
  "put_away_time": 0.75,
  "aim_time": 0.45,
  "sprint_time": 0.21,
  "weight": 11.2,
  "movement_speed": {
    "base": 0.0,
    "aim": 0.0,
    "reload": -0.1
  },
  "fire_mode": [
    "auto"
  ],
  "recoil": {
    "pitch": [
      {"time": 0, "value": [0.78, 0.78]},
      {"time": 0.3, "value": [0.1, 0.1]},
      {"time": 0.5, "value": [-0.125, -0.125]},
      {"time": 0.65, "value": [0, 0]}
    ],
    "yaw": [
      {"time": 0, "value": [-0.1, 0.1]},
      {"time": 0.3, "value": [-0.29, 0.29]},
      {"time": 0.5, "value": [0, 0]}
    ]
  },
  "inaccuracy": {
    "stand": 1.4,
    "move": 1.2,
    "sneak": 0.8,
    "lie": 0.8,
    "aim": 0.3
  },
  "melee": {
    // 枪械距离参数，用来延升近战攻击范围
    // 会与刺刀等配件的距离做加和
    "distance": 1,
    // 使用时的冷却时间
    "cooldown": 1.0
  },
  "allow_attachment_types": [
    "scope",
    "grip",
	"stock",
	"muzzle",
    "extended_mag"
  ],
  "exclusive_attachments": {
  }
}