{
  "model": "trisdyna:gun/iras_geo",
  "texture": "trisdyna:gun/uv/iras",
  "hud": "trisdyna:gun/hud/iras",
  "slot": "trisdyna:gun/slot/iras",
  // 弹药计量样式，可选值：”normal“(显示实际值)、”percent“(显示百分比)，默认为”normal“
  "ammo_count_style": "percent",
  "animation": "trisdyna:iras",
  //"state_machine": "trisdyna:default_state_machine",
  "use_default_animation": "rifle",
  "third_person_animation": "default",
  "transform": {
    "scale": {
      "thirdperson": [0.6, 0.6, 0.6],
      "ground": [0.6, 0.6, 0.6],
      "fixed": [1.2, 1.2, 1.2]
    }
  },
  "muzzle_flash": {
    "texture": "trisdyna:flash/tris_muzzle_flash",
    "scale": 1.0
  },
  "iron_zoom": 1.7,
  "shell": {
    "initial_velocity": [5, 2, 1],
    "random_velocity": [1, 1, 0.25],
    "acceleration": [0.0, -10, 0.0],
    "angular_velocity": [360, -1200, 90],
    "living_time": 1.0
  },
  "sounds": {
    "shoot": "trisdyna:iras/iras_shoot",
    "shoot_3p": "trisdyna:iras/iras_shoot",
    "silence": "trisdyna:trisgun/tris_shoot2s1",
    "silence_3p": "trisdyna:trisgun/tris_shoot2s1",
    "dry_fire": "trisdyna:emx_dw2",
    "fire_select": "trisdyna:emx_mode",
    "head_hit": "trisdyna:tris_hit1",
    "flesh_hit": "trisdyna:tris_hit2",
    "kill": "trisdyna:emx_hit1",
    "melee_push": "tacz:melee_stock/melee_stock_01",
    "melee_stock": "tacz:melee_stock/melee_stock_03"
  },
  "text_show": {
    // 作用的组名，该组的旋转点决定文本的位置和朝向
    "ammo_text": {
      // 文本缩放，默认大小对于 BlockBench 里的 1
      "scale": 0.37,
      // 对齐方式：right，center，left
      "align": "center",
      // 阴影
      "shadow": false,
      // 文本颜色
      "color": "#91fff2",
      // 亮度：1-15
      "light": 15,
      // 本地化，且支持PlaceholderAPI 风格的占位符
      // 目前仅支持两个：%player_name% %ammo_count%
      "text": "%ammo_count%"
    },
    "ammo1m": {
      // 文本缩放，默认大小对于 BlockBench 里的 1
      "scale": 0.68,
      // 对齐方式：right，center，left
      "align": "left",
      // 阴影
      "shadow": false,
      // 文本颜色
      "color": "#91fff2",
      // 亮度：1-15
      "light": 15,
      // 本地化，且支持PlaceholderAPI 风格的占位符
      // 目前仅支持两个：%player_name% %ammo_count%
      "text": "%ammo_count%"
    },
    "ammo1o": {
      // 文本缩放，默认大小对于 BlockBench 里的 1
      "scale": 0.68,
      // 对齐方式：right，center，left
      "align": "left",
      // 阴影
      "shadow": false,
      // 文本颜色
      "color": "#ff5656",
      // 亮度：1-15
      "light": 15,
      // 本地化，且支持PlaceholderAPI 风格的占位符
      // 目前仅支持两个：%player_name% %ammo_count%
      "text": "%ammo_count%"
    }
  },
  "offhand_show": {
    "pos": [0, 19, 4],
    "rotate": [0, 0, 60],
    "scale": [0.5, 0.5, 0.5]
  },
  "hotbar_show": {
    "0": {
      "pos": [0, 19, 3],
      "rotate": [-180, 0, 120],
      "scale": [0.5, 0.5, 0.5]
    }
  }
}