{
	"format_version": "1.8.0",
	"animations": {
		"static_idle": {
			"animation_length": 0.05,
			"bones": {
				"lefthand": {
					"rotation": [99.13767, -21.82367, -128.45709],
					"position": [7.4, -15.2, -6.5],
					"scale": [1, 1.5, 1]
				},
				"righthand": {
					"rotation": [95, 0, -180],
					"position": [-6.2, -17, 7],
					"scale": [1, 1.5, 1]
				},
				"constraint": {
					"rotation": [0.2, 0.15, 0.2],
					"position": [0.1, 0.1, 0.4]
				}
			}
		},
		"static_bolt_caught": {
			"animation_length": 0.55,
			"bones": {
				"lefthand": {
					"rotation": [99.13767, -21.82367, -128.45709],
					"position": [7.4, -15.2, -6.5],
					"scale": [1, 1.5, 1]
				},
				"righthand": {
					"rotation": [95, 0, -180],
					"position": [-6.2, -17, 7],
					"scale": [1, 1.5, 1]
				},
				"boltrelease": {
					"position": [0, 0.1, 0]
				},
				"bolt2": {
					"position": [0, -0.425, 3.4]
				},
				"charger": {
					"position": [0, 0, 4]
				}
			}
		},
		"draw": {
			"loop": "hold_on_last_frame",
			"animation_length": 0.75,
			"bones": {
				"lefthand": {
					"rotation": {
						"0.05": [84.55606, -1.91886, -130.46016],
						"0.15": [84.28, -15.19, -129.13],
						"0.25": [92.28735, -29.81773, -128.79991],
						"0.35": [99.13767, -21.82367, -128.45709]
					},
					"position": {
						"0.05": [7.6, -28.9, -8],
						"0.15": [7.6, -20.23, -8],
						"0.25": [7.6, -16.5, -10.1],
						"0.35": [7.4, -15.2, -6.5]
					},
					"scale": [1, 1.5, 1]
				},
				"righthand": {
					"rotation": [95, 0, -180],
					"position": [-6.2, -17, 7],
					"scale": [1, 1.5, 1]
				},
				"root": {
					"rotation": {
						"0.0": [19.64807, -30.83866, 63.3425],
						"0.1": [21.19122, -14.40747, 12.59763],
						"0.2": [5.09, -6.61, 5.06],
						"0.3": [1.82144, 0.01118, 0.03752],
						"0.35": [-0.042, -0.4187, 4.03899],
						"0.45": {
							"pre": [0.14086, -0.97706, 1.04153],
							"post": [0.14086, -0.97706, 1.04153],
							"lerp_mode": "catmullrom"
						},
						"0.55": {
							"post": [-0.13, 0.1, 0],
							"lerp_mode": "catmullrom"
						},
						"0.7": [0, 0, 0]
					},
					"position": {
						"0.0": [3, -14, 0],
						"0.05": [2.1, -6, 0],
						"0.15": [1.5, -1.85, -0.2],
						"0.2": [1.05, -1.47, -0.7],
						"0.3": {
							"pre": [0.45, -0.86, -1.1],
							"post": [0.45, -0.86, -1.1],
							"lerp_mode": "catmullrom"
						},
						"0.35": {
							"post": [0.13, -0.35, -0.27],
							"lerp_mode": "catmullrom"
						},
						"0.4": {
							"post": [0, 0.17, 0.17],
							"lerp_mode": "catmullrom"
						},
						"0.45": {
							"post": [0, 0.08, -0.13],
							"lerp_mode": "catmullrom"
						},
						"0.55": [0, -0.01, -0.28],
						"0.65": [0, 0, 0]
					}
				},
				"camera": {
					"rotation": {
						"0.0": {
							"post": [0, 0, 0],
							"lerp_mode": "catmullrom"
						},
						"0.1": {
							"post": [1, 1, 0],
							"lerp_mode": "catmullrom"
						},
						"0.25": {
							"post": [1, 0, 1],
							"lerp_mode": "catmullrom"
						},
						"0.4": {
							"post": [-1, 0, 0],
							"lerp_mode": "catmullrom"
						},
						"0.5": {
							"post": [-0.49992, 0.00873, 0.99996],
							"lerp_mode": "catmullrom"
						},
						"0.65": {
							"post": [0, 0, 0],
							"lerp_mode": "catmullrom"
						}
					}
				}
			}
		},
		"put_away": {
			"loop": "hold_on_last_frame",
			"animation_length": 0.5,
			"bones": {
				"lefthand": {
					"rotation": [99.13767, -21.82367, -128.45709],
					"position": [7.4, -15.2, -6.5],
					"scale": [1, 1.5, 1]
				},
				"righthand": {
					"rotation": {
						"0.0": [95, 0, -180],
						"0.1167": [99.24832, 57.15935, -172.20989]
					},
					"position": [-6.2, -17, 7],
					"scale": [1, 1.5, 1]
				},
				"root": {
					"rotation": {
						"0.0": [0, 0, 0],
						"0.05": [0, -3, 6],
						"0.15": [-10.32567, -18.95265, -8.14869],
						"0.2": [-26.69, -18.04, 2.69],
						"0.3": [-36.96, -11.63, -10.34],
						"0.4": [-43.84, -7.53, -20.73],
						"0.5": [-47.31135, -5.75386, -28.4767]
					},
					"position": {
						"0.0": [0, 0, 0],
						"0.05": [0, 0, 0],
						"0.15": [1.6, 0.2, 0],
						"0.2": [4.17, -1.16, 0],
						"0.3": [10.63, -11.12, 1.93],
						"0.4": [19.92, -27.81, 5.6],
						"0.5": [27.5, -44.4, 9.1]
					}
				},
				"camera": {
					"rotation": {
						"0.0": [0, 0, 0],
						"0.1833": [-1.9997, 0.00061, 0.0349],
						"0.3167": [-1, -0.99878, 0.0698],
						"0.5": [0, 0, 0]
					}
				}
			}
		},
		"reload_empty": {
			"animation_length": 2.7,
			"bones": {
				"lefthand": {
					"rotation": {
						"0.0": [99.13767, -21.82367, -128.45709],
						"0.1": [137.55616, -32.28573, -221.22433],
						"0.3333": [95.80182, -30.60797, -111.83129],
						"0.6": [95.05648, -9.20174, -109.68037],
						"0.7333": [95.80182, -30.60797, -111.83129],
						"1.1333": [95.80182, -30.60797, -111.83129],
						"1.4333": [95.80182, -30.60797, -111.83129],
						"1.7": [93.71808, -70.66846, -91.71306],
						"1.7667": [96.26037, -78.64173, -94.33787],
						"1.8": [96.85511, -79.63347, -94.94595],
						"1.8667": [264.41424, -77.23873, -262.75239],
						"1.9333": [267.34954, -62.27346, -265.8563],
						"2.1": [68.30635, -57.68378, -90.15543],
						"2.2667": [99.13767, -21.82367, -128.45709]
					},
					"position": {
						"0.0": [7.4, -15.2, -6.5],
						"0.2": [6.3, -18.05, -2.05],
						"0.3333": [6.3, -17.5, -1.75],
						"1.4333": [6.3, -17.5, -1.75],
						"1.5": [6.1, -20.1, -0.97],
						"1.5667": [4.5, -22.15, 0.1],
						"1.6333": [3.3, -16.42, 1.53],
						"1.7": [2.7, -13.55, 2.25],
						"1.7667": [2.7, -13.35, 2.55],
						"1.8": [2.7, -13.35, 2.45],
						"1.8667": [2.7, -13.35, 6.35],
						"1.9333": [0.7, -13.35, 10.05],
						"2.0333": [3.66787, -21.43098, 6.28385],
						"2.1": [6.58101, -24.02268, 0.89922],
						"2.2": [8.85239, -17.98314, -4.78847],
						"2.2667": [7.4, -15.2, -6.5]
					},
					"scale": [1, 1.5, 1]
				},
				"righthand": {
					"rotation": {
						"0.0": [95, 0, -180],
						"0.1": [96.61242, 40.81074, -175.66736],
						"1.5333": [96.61, 40.81, -175.67],
						"1.6333": [95, 0, -180]
					},
					"position": {
						"0.0": [-6.2, -17, 7],
						"0.1": [-6.7, -17, 7.7],
						"1.5333": [-6.7, -17, 7.7],
						"1.6333": [-6.2, -17, 7]
					},
					"scale": [1, 1.5, 1]
				},
				"root": {
					"rotation": {
						"0.0": [0, 0, 0],
						"0.0667": [-3.76, -1.1, -6.47],
						"0.1667": [-10.125, -1.9, -15.53],
						"0.2333": [-13.14285, -2.39491, -20.82763],
						"0.3667": [-13.82282, -2.77888, -25.87342],
						"0.4333": [-14.69575, -4.33931, -29.56579],
						"0.5": [-16.72265, -4.72658, -30.49065],
						"0.5667": [-14.52247, -4.32667, -29.57708],
						"0.6": [-18.87514, -8.05631, -41.34561],
						"0.6667": [-17.69079, -3.01602, -27.99459],
						"0.8": [-17.08856, -7.33221, -35.77724],
						"0.9667": [-22.81, -6.29, -38.14],
						"1.0667": [-25.12269, -6.25624, -38.64842],
						"1.1": [-26.21, -5.82, -37.75],
						"1.1667": [-26.2729, -4.12793, -34.12007],
						"1.3": [-24.77093, -2.94923, -38.49759],
						"1.3667": [-19.86979, -2.42956, -29.93791],
						"1.4333": [-22.06015, -0.42105, -25.90544],
						"1.5333": {
							"pre": [-20.03, -2.43, -31.06],
							"post": [-20.03, -2.43, -31.06],
							"lerp_mode": "catmullrom"
						},
						"1.6": {
							"post": [-21.39, -0.63, -28.61],
							"lerp_mode": "catmullrom"
						},
						"1.6667": {
							"post": [-24.36, 1.37, -25.42],
							"lerp_mode": "catmullrom"
						},
						"1.7667": {
							"post": [-25.52, 3.04, -22.81],
							"lerp_mode": "catmullrom"
						},
						"1.8333": [-24.11737, 2.37892, -23.97505],
						"1.9": [-26.04, 6.21, -20.45],
						"1.9333": [-26.31177, 8.35411, -13.14955],
						"2.0": [-21.43416, 0.39432, -29.14096],
						"2.0667": [-19.63712, 5.8788, -21.08862],
						"2.1333": [-14.43, 4.86, -28.18],
						"2.2333": [-0.08, 1.62, -7.06],
						"2.3333": [3.32, 0.02, 0.25],
						"2.4": [0.54897, 0.03925, -2.99974],
						"2.4667": [-0.47058, -0.0434, 0.36929],
						"2.5": [-0.68804, -0.01635, -0.25033],
						"2.6": [0, 0, 0]
					},
					"position": {
						"0.0": [0, 0, 0],
						"0.1": [-0.49, -0.805, -0.29],
						"0.1667": [-0.86, -0.835, -0.05],
						"0.2333": [-1.1, -0.05, 0.6],
						"0.3333": [-1.33, 0.35, 1.1],
						"0.4333": [-1.33, 0.575, 1.3],
						"0.5667": [-1.33, 0.45, 1.3],
						"0.6": [-1.23, 0.4625, 1.4],
						"0.6667": [-1.33, -0.05, 0.5375],
						"0.7667": [-1.33, -0.875, 0.375],
						"0.9": [-1.33, -1.05, 1.1],
						"1.0": [-1.33, -0.925, 1.4],
						"1.1": [-1.33, -0.675, 1.5],
						"1.2667": [-1.33, -0.625, 1.6],
						"1.3": [-1.33, -1.1875, 1.55],
						"1.3333": [-1.33, -1.3, 1.5],
						"1.4333": [-1.33, -1.425, 1.425],
						"1.5": [-1.33, -1.175, 1.4],
						"1.5667": [-1.16, -0.855, 1.6],
						"1.6667": [-0.98, 0.25, 1.6],
						"1.7667": [-0.63, 0.4, 1.5],
						"1.8333": [-0.77, 0.07, 1.12],
						"1.9": {
							"pre": [-1.03, -1.6, 0.9],
							"post": [-1.03, -1.6, 0.9],
							"lerp_mode": "catmullrom"
						},
						"1.9667": {
							"post": [-1.03, -1.2, -0.2],
							"lerp_mode": "catmullrom"
						},
						"2.0333": {
							"post": [-1.1, -0.07, 0.17],
							"lerp_mode": "catmullrom"
						},
						"2.1": {
							"post": [-0.82, 0, -0.07],
							"lerp_mode": "catmullrom"
						},
						"2.2": {
							"post": [-0.1, -0.9, -1.5],
							"lerp_mode": "catmullrom"
						},
						"2.3": {
							"post": [-0.02, -1.265, -1.685],
							"lerp_mode": "catmullrom"
						},
						"2.3667": {
							"post": [0, -0.375, 0.25],
							"lerp_mode": "catmullrom"
						},
						"2.4333": {
							"post": [0, -0.075, 0.45],
							"lerp_mode": "catmullrom"
						},
						"2.5": {
							"post": [0, 0, -0.2125],
							"lerp_mode": "catmullrom"
						},
						"2.6": {
							"post": [0, 0, 0.05],
							"lerp_mode": "catmullrom"
						},
						"2.7": {
							"post": [0, 0, 0],
							"lerp_mode": "catmullrom"
						}
					}
				},
				"bolt2": {
					"position": {
						"0.0": [0, -0.425, 3.4],
						"1.8": [0, -0.3, 3.4],
						"1.8667": [0, -0.625, 3.65],
						"1.9333": [0, 0, 0]
					}
				},
				"charger": {
					"position": {
						"0.0": [0, 0, 4],
						"1.8": [0, 0, 4],
						"1.8333": [0, 0, 4.9],
						"1.9333": [0, 0, 0]
					}
				},
				"additional_magazine": {
					"rotation": {
						"0.5": [0, 0, 0],
						"0.5667": [-30, 0, 0],
						"0.6": [-56, 0, 0],
						"0.6667": [-108.41418, -3.56158, -18.67532],
						"0.7667": [-243.41418, -3.56158, -18.67532],
						"0.8667": [-405.91418, -3.56158, -18.67532]
					},
					"position": {
						"0.5": [0, 0, 0],
						"0.5667": [0, -0.9, -2.2],
						"0.6": [0, -3.3, -6.6],
						"0.6667": [2.46185, -8.66557, -12.70206],
						"0.7": [-1.74743, -16.99746, -17.86022],
						"0.7667": [-5.75499, -26.28526, -20.76749],
						"0.8667": [-17.7591, -50.79572, -20.062],
						"0.9667": [-38.74871, -75.06957, -9.21071]
					}
				},
				"magrelease": {
					"rotation": {
						"0.5": [0, 0, 0],
						"0.5667": [-25, 0, 0],
						"0.7": [-25, 0, 0],
						"0.7667": [0, 0, 0]
					}
				},
				"mag_and_lefthand": {
					"rotation": {
						"0.0": [0, 0, 0],
						"0.2667": [-17.46424, -4.66327, -12.00948],
						"0.4333": [-63.73585, -12.84363, -57.72264],
						"0.4667": [-73.61085, -12.84363, -57.72264],
						"0.5667": [-74.41085, -12.84363, -57.72264],
						"0.6667": [-29.40644, -15.85235, -63.08175],
						"0.7667": [-8.1622, -18.25658, -48.6439],
						"0.9": [-12.68633, -4.00996, -9.07306],
						"1.0": [-41.90596, -10.97262, -4.03855],
						"1.0667": [-22.6851, -7.81794, -8.02401],
						"1.2667": [-17.46424, -4.66327, -12.00948],
						"1.3": [0, 0, 0],
						"1.5333": [0, 0, 0]
					},
					"position": {
						"0.0": [0, 0, 0],
						"0.2667": [11.38, -20.04, 10.35],
						"0.3667": [0.28, -5.39, 3.45],
						"0.4333": [0.28, -3.69, 3.15],
						"0.5": [0.28, -4.69, 1.85125],
						"0.5667": [0.28, -4.69, 1.05],
						"0.6": [0.28, -5.99, -2.95],
						"0.6667": [1.82088, -9.81752, -6.21517],
						"0.7333": [2.51178, -13.13294, -8.85467],
						"0.8": [4.48, -22.24, -9.35],
						"0.9": [2.43, -16.4, -5.04],
						"1.0": [0.88, -6.09, -3.4],
						"1.0667": [0.88, -0.29, -1],
						"1.2667": [0.9, -0.1, -0.9],
						"1.3": [0, 0, 0],
						"1.5333": [0, 0, 0]
					}
				},
				"boltrelease": {
					"position": {
						"0.0": [0, 0.1, 0],
						"1.9": [0, 0.1, 0],
						"1.9333": [0, 0, 0]
					}
				},
				"magazine_bullet": {
					"scale": {
						"0.0": [0, 0, 0],
						"0.1333": {
							"pre": [0, 0, 0],
							"post": [1, 1, 1]
						}
					}
				},
				"bullet": {
					"scale": 1
				},
				"constraint": {
					"rotation": {
						"0.0": [0.2, 0.15, 0.2],
						"0.3": [0.05, 0.05, 0.05],
						"2.0667": [0.05, 0.05, 0.05],
						"2.4667": [0.2, 0.15, 0.2]
					},
					"position": {
						"0.0": [0.1, 0.1, 0.4],
						"0.3": [0.05, 0.05, 0.05],
						"2.0667": [0.05, 0.05, 0.05],
						"2.4667": [0.1, 0.1, 0.4]
					}
				},
				"camera": {
					"rotation": {
						"0.0": {
							"post": [0, 0, 0],
							"lerp_mode": "catmullrom"
						},
						"0.1667": {
							"post": [0.025, 0.35, 0.02],
							"lerp_mode": "catmullrom"
						},
						"0.3667": {
							"post": [3.815, 0.69, -0.6],
							"lerp_mode": "catmullrom"
						},
						"0.4667": {
							"post": [4.36275, 0.78888, -1.25052],
							"lerp_mode": "catmullrom"
						},
						"0.5667": {
							"post": [3.98198, 1.0696, -0.92774],
							"lerp_mode": "catmullrom"
						},
						"0.6": {
							"post": [3.53303, 0.89459, 0.46756],
							"lerp_mode": "catmullrom"
						},
						"0.6667": {
							"post": [2.98198, 1.0696, -0.92774],
							"lerp_mode": "catmullrom"
						},
						"0.7667": {
							"post": [3.01, 0.98, 0.1],
							"lerp_mode": "catmullrom"
						},
						"0.8667": {
							"post": [3.03444, 1.37201, 0.02012],
							"lerp_mode": "catmullrom"
						},
						"0.9667": {
							"post": [3.06127, 1.94373, 0.96742],
							"lerp_mode": "catmullrom"
						},
						"1.0667": {
							"post": [3.3, 2.13, 0.49],
							"lerp_mode": "catmullrom"
						},
						"1.1667": {
							"post": [3.99634, 1.98177, -0.95789],
							"lerp_mode": "catmullrom"
						},
						"1.2667": {
							"post": [5.03025, 1.91178, 0.04023],
							"lerp_mode": "catmullrom"
						},
						"1.3333": {
							"post": [3.9607, 2.08596, -1.25338],
							"lerp_mode": "catmullrom"
						},
						"1.4333": {
							"post": [4.03095, 1.94657, 0.04299],
							"lerp_mode": "catmullrom"
						},
						"1.5333": {
							"post": [3.39, 1.91, 0.71],
							"lerp_mode": "catmullrom"
						},
						"1.6333": {
							"post": [3.32, 1.57, 1.05],
							"lerp_mode": "catmullrom"
						},
						"1.7667": {
							"post": [5.06811, 0.9895, 1.13052],
							"lerp_mode": "catmullrom"
						},
						"1.8667": {
							"post": [5.7, 1.07, 0.47],
							"lerp_mode": "catmullrom"
						},
						"1.9333": {
							"post": [6.72955, 1.71085, -0.2356],
							"lerp_mode": "catmullrom"
						},
						"1.9667": {
							"post": [5.96168, 0.73569, 1.29946],
							"lerp_mode": "catmullrom"
						},
						"2.0667": {
							"post": [4.8414, 0.2939, -0.0352],
							"lerp_mode": "catmullrom"
						},
						"2.1667": {
							"post": [3.95968, 0.08756, 1.05617],
							"lerp_mode": "catmullrom"
						},
						"2.2667": {
							"post": [1.31, 0.035, 0.23],
							"lerp_mode": "catmullrom"
						},
						"2.3667": {
							"post": [-0.11, 0.05, -0.14],
							"lerp_mode": "catmullrom"
						},
						"2.4333": {
							"post": [0.125, 0.03, 0.185],
							"lerp_mode": "catmullrom"
						},
						"2.5333": {
							"post": [-0.0875, 0, -0.1],
							"lerp_mode": "catmullrom"
						},
						"2.6667": {
							"post": [0, 0, 0],
							"lerp_mode": "catmullrom"
						}
					}
				},
				"bone14": {
					"position": {
						"0.0": [0, 0, 0],
						"0.0667": [0, 0, 2],
						"0.1": [0, 0, 1.5625],
						"0.1333": [0, 0, 2],
						"0.1667": [0, 0, 1.75],
						"0.2": [0, 0, 2],
						"1.8": [0, 0, 2],
						"1.8333": [0, 0, 4.9],
						"1.9333": [0, 0, 0]
					}
				}
			},
			"sound_effects": {
				"0.0": {
					"effect": "p18_dm_mike14_reload_empty_raise"
				},
				"0.5333": {
					"effect": "p18_dm_mike14_reload_empty_quick_magout"
				},
				"0.9667": {
					"effect": "p18_dm_mike14_reload_empty_maghit"
				},
				"1.2667": {
					"effect": "p18_dm_mike14_reload_empty_magin"
				},
				"1.7333": {
					"effect": "p18_dm_mike14_reload_empty_quick_charge"
				},
				"2.0": {
					"effect": "p18_dm_mike14_reload_empty_end"
				}
			}
		},
		"reload_tactical": {
			"animation_length": 2.7,
			"bones": {
				"lefthand": {
					"rotation": {
						"0.0": [99.13767, -21.82367, -128.45709],
						"0.1": [137.55616, -32.28573, -221.22433],
						"0.3333": [95.80182, -30.60797, -111.83129],
						"0.6": [95.05648, -9.20174, -109.68037],
						"0.7333": [95.80182, -30.60797, -111.83129],
						"1.1333": [95.80182, -30.60797, -111.83129],
						"1.4333": [95.80182, -30.60797, -111.83129],
						"1.7": [93.71808, -70.66846, -91.71306],
						"1.7667": [96.26037, -78.64173, -94.33787],
						"1.8": [96.85511, -79.63347, -94.94595],
						"1.8667": [264.41424, -77.23873, -262.75239],
						"1.9333": [267.34954, -62.27346, -265.8563],
						"2.1": [68.30635, -57.68378, -90.15543],
						"2.2667": [99.13767, -21.82367, -128.45709]
					},
					"position": {
						"0.0": [7.4, -15.2, -6.5],
						"0.2": [6.3, -18.05, -2.05],
						"0.3333": [6.3, -17.5, -1.75],
						"1.4333": [6.3, -17.5, -1.75],
						"1.5": [6.1, -20.1, -0.97],
						"1.5667": [4.5, -22.15, 0.1],
						"1.6333": [3.3, -16.42, 1.53],
						"1.7": [2.7, -13.55, 2.25],
						"1.7667": [2.7, -13.35, 2.55],
						"1.8": [2.7, -13.35, 2.45],
						"1.8667": [2.7, -13.35, 6.35],
						"1.9333": [0.7, -13.35, 10.05],
						"2.0333": [3.66787, -21.43098, 6.28385],
						"2.1": [6.58101, -24.02268, 0.89922],
						"2.2": [8.85239, -17.98314, -4.78847],
						"2.2667": [7.4, -15.2, -6.5]
					},
					"scale": [1, 1.5, 1]
				},
				"righthand": {
					"rotation": {
						"0.0": [95, 0, -180],
						"0.1": [96.61242, 40.81074, -175.66736],
						"1.5333": [96.61, 40.81, -175.67],
						"1.6333": [95, 0, -180]
					},
					"position": {
						"0.0": [-6.2, -17, 7],
						"0.1": [-6.7, -17, 7.7],
						"1.5333": [-6.7, -17, 7.7],
						"1.6333": [-6.2, -17, 7]
					},
					"scale": [1, 1.5, 1]
				},
				"root": {
					"rotation": {
						"0.0": [0, 0, 0],
						"0.0667": [-3.76, -1.1, -6.47],
						"0.1667": [-10.125, -1.9, -15.53],
						"0.2333": [-13.14285, -2.39491, -20.82763],
						"0.3667": [-13.82282, -2.77888, -25.87342],
						"0.4333": [-14.69575, -4.33931, -29.56579],
						"0.5": [-16.72265, -4.72658, -30.49065],
						"0.5667": [-14.52247, -4.32667, -29.57708],
						"0.6": [-18.87514, -8.05631, -41.34561],
						"0.6667": [-17.69079, -3.01602, -27.99459],
						"0.8": [-17.08856, -7.33221, -35.77724],
						"0.9667": [-22.81, -6.29, -38.14],
						"1.0667": [-25.12269, -6.25624, -38.64842],
						"1.1": [-26.21, -5.82, -37.75],
						"1.1667": [-26.2729, -4.12793, -34.12007],
						"1.3": [-24.77093, -2.94923, -38.49759],
						"1.3667": [-19.86979, -2.42956, -29.93791],
						"1.4333": [-22.06015, -0.42105, -25.90544],
						"1.5333": {
							"pre": [-20.03, -2.43, -31.06],
							"post": [-20.03, -2.43, -31.06],
							"lerp_mode": "catmullrom"
						},
						"1.6": {
							"post": [-21.39, -0.63, -28.61],
							"lerp_mode": "catmullrom"
						},
						"1.6667": {
							"post": [-24.36, 1.37, -25.42],
							"lerp_mode": "catmullrom"
						},
						"1.7667": {
							"post": [-25.52, 3.04, -22.81],
							"lerp_mode": "catmullrom"
						},
						"1.8333": [-24.11737, 2.37892, -23.97505],
						"1.9": [-26.04, 6.21, -20.45],
						"1.9333": [-26.31177, 8.35411, -13.14955],
						"2.0": [-21.43416, 0.39432, -29.14096],
						"2.0667": [-19.63712, 5.8788, -21.08862],
						"2.1333": [-14.43, 4.86, -28.18],
						"2.2333": [-0.08, 1.62, -7.06],
						"2.3333": [3.32, 0.02, 0.25],
						"2.4": [0.54897, 0.03925, -2.99974],
						"2.4667": [-0.47058, -0.0434, 0.36929],
						"2.5": [-0.68804, -0.01635, -0.25033],
						"2.6": [0, 0, 0]
					},
					"position": {
						"0.0": [0, 0, 0],
						"0.1": [-0.49, -0.805, -0.29],
						"0.1667": [-0.86, -0.835, -0.05],
						"0.2333": [-1.1, -0.05, 0.6],
						"0.3333": [-1.33, 0.35, 1.1],
						"0.4333": [-1.33, 0.575, 1.3],
						"0.5667": [-1.33, 0.45, 1.3],
						"0.6": [-1.23, 0.4625, 1.4],
						"0.6667": [-1.33, -0.05, 0.5375],
						"0.7667": [-1.33, -0.875, 0.375],
						"0.9": [-1.33, -1.05, 1.1],
						"1.0": [-1.33, -0.925, 1.4],
						"1.1": [-1.33, -0.675, 1.5],
						"1.2667": [-1.33, -0.625, 1.6],
						"1.3": [-1.33, -1.1875, 1.55],
						"1.3333": [-1.33, -1.3, 1.5],
						"1.4333": [-1.33, -1.425, 1.425],
						"1.5": [-1.33, -1.175, 1.4],
						"1.5667": [-1.16, -0.855, 1.6],
						"1.6667": [-0.98, 0.25, 1.6],
						"1.7667": [-0.63, 0.4, 1.5],
						"1.8333": [-0.77, 0.07, 1.12],
						"1.9": {
							"pre": [-1.03, -1.6, 0.9],
							"post": [-1.03, -1.6, 0.9],
							"lerp_mode": "catmullrom"
						},
						"1.9667": {
							"post": [-1.03, -1.2, -0.2],
							"lerp_mode": "catmullrom"
						},
						"2.0333": {
							"post": [-1.1, -0.07, 0.17],
							"lerp_mode": "catmullrom"
						},
						"2.1": {
							"post": [-0.82, 0, -0.07],
							"lerp_mode": "catmullrom"
						},
						"2.2": {
							"post": [-0.1, -0.9, -1.5],
							"lerp_mode": "catmullrom"
						},
						"2.3": {
							"post": [-0.02, -1.265, -1.685],
							"lerp_mode": "catmullrom"
						},
						"2.3667": {
							"post": [0, -0.375, 0.25],
							"lerp_mode": "catmullrom"
						},
						"2.4333": {
							"post": [0, -0.075, 0.45],
							"lerp_mode": "catmullrom"
						},
						"2.5": {
							"post": [0, 0, -0.2125],
							"lerp_mode": "catmullrom"
						},
						"2.6": {
							"post": [0, 0, 0.05],
							"lerp_mode": "catmullrom"
						},
						"2.7": {
							"post": [0, 0, 0],
							"lerp_mode": "catmullrom"
						}
					}
				},
				"bolt2": {
					"position": {
						"0.0": [0, -0.425, 3.4],
						"1.8": [0, -0.3, 3.4],
						"1.8667": [0, -0.625, 3.65],
						"1.9333": [0, 0, 0]
					}
				},
				"charger": {
					"position": {
						"0.0": [0, 0, 4],
						"1.8": [0, 0, 4],
						"1.8333": [0, 0, 4.9],
						"1.9333": [0, 0, 0]
					}
				},
				"additional_magazine": {
					"rotation": {
						"0.5": [0, 0, 0],
						"0.5667": [-30, 0, 0],
						"0.6": [-56, 0, 0],
						"0.6667": [-108.41418, -3.56158, -18.67532],
						"0.7667": [-243.41418, -3.56158, -18.67532],
						"0.8667": [-405.91418, -3.56158, -18.67532]
					},
					"position": {
						"0.5": [0, 0, 0],
						"0.5667": [0, -0.9, -2.2],
						"0.6": [0, -3.3, -6.6],
						"0.6667": [2.46185, -8.66557, -12.70206],
						"0.7": [-1.74743, -16.99746, -17.86022],
						"0.7667": [-5.75499, -26.28526, -20.76749],
						"0.8667": [-17.7591, -50.79572, -20.062],
						"0.9667": [-38.74871, -75.06957, -9.21071]
					}
				},
				"magrelease": {
					"rotation": {
						"0.5": [0, 0, 0],
						"0.5667": [-25, 0, 0],
						"0.7": [-25, 0, 0],
						"0.7667": [0, 0, 0]
					}
				},
				"mag_and_lefthand": {
					"rotation": {
						"0.0": [0, 0, 0],
						"0.2667": [-17.46424, -4.66327, -12.00948],
						"0.4333": [-63.73585, -12.84363, -57.72264],
						"0.4667": [-73.61085, -12.84363, -57.72264],
						"0.5667": [-74.41085, -12.84363, -57.72264],
						"0.6667": [-29.40644, -15.85235, -63.08175],
						"0.7667": [-8.1622, -18.25658, -48.6439],
						"0.9": [-12.68633, -4.00996, -9.07306],
						"1.0": [-41.90596, -10.97262, -4.03855],
						"1.0667": [-22.6851, -7.81794, -8.02401],
						"1.2667": [-17.46424, -4.66327, -12.00948],
						"1.3": [0, 0, 0],
						"1.5333": [0, 0, 0]
					},
					"position": {
						"0.0": [0, 0, 0],
						"0.2667": [11.38, -20.04, 10.35],
						"0.3667": [0.28, -5.39, 3.45],
						"0.4333": [0.28, -3.69, 3.15],
						"0.5": [0.28, -4.69, 1.85125],
						"0.5667": [0.28, -4.69, 1.05],
						"0.6": [0.28, -5.99, -2.95],
						"0.6667": [1.82088, -9.81752, -6.21517],
						"0.7333": [2.51178, -13.13294, -8.85467],
						"0.8": [4.48, -22.24, -9.35],
						"0.9": [2.43, -16.4, -5.04],
						"1.0": [0.88, -6.09, -3.4],
						"1.0667": [0.88, -0.29, -1],
						"1.2667": [0.9, -0.1, -0.9],
						"1.3": [0, 0, 0],
						"1.5333": [0, 0, 0]
					}
				},
				"boltrelease": {
					"position": {
						"0.0": [0, 0.1, 0],
						"1.9": [0, 0.1, 0],
						"1.9333": [0, 0, 0]
					}
				},
				"magazine_bullet": {
					"scale": {
						"0.0": [0, 0, 0],
						"0.1333": {
							"pre": [0, 0, 0],
							"post": [1, 1, 1]
						}
					}
				},
				"bullet": {
					"scale": 1
				},
				"constraint": {
					"rotation": {
						"0.0": [0.2, 0.15, 0.2],
						"0.3": [0.05, 0.05, 0.05],
						"2.0667": [0.05, 0.05, 0.05],
						"2.4667": [0.2, 0.15, 0.2]
					},
					"position": {
						"0.0": [0.1, 0.1, 0.4],
						"0.3": [0.05, 0.05, 0.05],
						"2.0667": [0.05, 0.05, 0.05],
						"2.4667": [0.1, 0.1, 0.4]
					}
				},
				"camera": {
					"rotation": {
						"0.0": {
							"post": [0, 0, 0],
							"lerp_mode": "catmullrom"
						},
						"0.1667": {
							"post": [0.025, 0.35, 0.02],
							"lerp_mode": "catmullrom"
						},
						"0.3667": {
							"post": [3.815, 0.69, -0.6],
							"lerp_mode": "catmullrom"
						},
						"0.4667": {
							"post": [4.36275, 0.78888, -1.25052],
							"lerp_mode": "catmullrom"
						},
						"0.5667": {
							"post": [3.98198, 1.0696, -0.92774],
							"lerp_mode": "catmullrom"
						},
						"0.6": {
							"post": [3.53303, 0.89459, 0.46756],
							"lerp_mode": "catmullrom"
						},
						"0.6667": {
							"post": [2.98198, 1.0696, -0.92774],
							"lerp_mode": "catmullrom"
						},
						"0.7667": {
							"post": [3.01, 0.98, 0.1],
							"lerp_mode": "catmullrom"
						},
						"0.8667": {
							"post": [3.03444, 1.37201, 0.02012],
							"lerp_mode": "catmullrom"
						},
						"0.9667": {
							"post": [3.06127, 1.94373, 0.96742],
							"lerp_mode": "catmullrom"
						},
						"1.0667": {
							"post": [3.3, 2.13, 0.49],
							"lerp_mode": "catmullrom"
						},
						"1.1667": {
							"post": [3.99634, 1.98177, -0.95789],
							"lerp_mode": "catmullrom"
						},
						"1.2667": {
							"post": [5.03025, 1.91178, 0.04023],
							"lerp_mode": "catmullrom"
						},
						"1.3333": {
							"post": [3.9607, 2.08596, -1.25338],
							"lerp_mode": "catmullrom"
						},
						"1.4333": {
							"post": [4.03095, 1.94657, 0.04299],
							"lerp_mode": "catmullrom"
						},
						"1.5333": {
							"post": [3.39, 1.91, 0.71],
							"lerp_mode": "catmullrom"
						},
						"1.6333": {
							"post": [3.32, 1.57, 1.05],
							"lerp_mode": "catmullrom"
						},
						"1.7667": {
							"post": [5.06811, 0.9895, 1.13052],
							"lerp_mode": "catmullrom"
						},
						"1.8667": {
							"post": [5.7, 1.07, 0.47],
							"lerp_mode": "catmullrom"
						},
						"1.9333": {
							"post": [6.72955, 1.71085, -0.2356],
							"lerp_mode": "catmullrom"
						},
						"1.9667": {
							"post": [5.96168, 0.73569, 1.29946],
							"lerp_mode": "catmullrom"
						},
						"2.0667": {
							"post": [4.8414, 0.2939, -0.0352],
							"lerp_mode": "catmullrom"
						},
						"2.1667": {
							"post": [3.95968, 0.08756, 1.05617],
							"lerp_mode": "catmullrom"
						},
						"2.2667": {
							"post": [1.31, 0.035, 0.23],
							"lerp_mode": "catmullrom"
						},
						"2.3667": {
							"post": [-0.11, 0.05, -0.14],
							"lerp_mode": "catmullrom"
						},
						"2.4333": {
							"post": [0.125, 0.03, 0.185],
							"lerp_mode": "catmullrom"
						},
						"2.5333": {
							"post": [-0.0875, 0, -0.1],
							"lerp_mode": "catmullrom"
						},
						"2.6667": {
							"post": [0, 0, 0],
							"lerp_mode": "catmullrom"
						}
					}
				},
				"bone14": {
					"position": {
						"0.0": [0, 0, 0],
						"0.0667": [0, 0, 2],
						"0.1": [0, 0, 1.5625],
						"0.1333": [0, 0, 2],
						"0.1667": [0, 0, 1.75],
						"0.2": [0, 0, 2],
						"1.8": [0, 0, 2],
						"1.8333": [0, 0, 4.9],
						"1.9333": [0, 0, 0]
					}
				}
			},
			"sound_effects": {
				"0.0": {
					"effect": "p18_dm_mike14_reload_empty_raise"
				},
				"0.5333": {
					"effect": "p18_dm_mike14_reload_empty_quick_magout"
				},
				"0.9667": {
					"effect": "p18_dm_mike14_reload_empty_maghit"
				},
				"1.2667": {
					"effect": "p18_dm_mike14_reload_empty_magin"
				},
				"1.7333": {
					"effect": "p18_dm_mike14_reload_empty_quick_charge"
				},
				"2.0": {
					"effect": "p18_dm_mike14_reload_empty_end"
				}
			}
		},
		"inspect": {
			"animation_length": 7.35,
			"bones": {
				"lefthand": {
					"rotation": {
						"0.0": [99.13767, -21.82367, -128.45709],
						"0.3": [97.60229, -50.98159, -172.85145],
						"2.35": [97.6, -50.98, -172.85],
						"2.5": [99.14399, -58.40097, -174.73803],
						"2.6": [52.85269, -57.5914, -146.26457],
						"4.8": [52.85, -57.59, -146.26],
						"4.9": [54.99, -48.13, -144.23],
						"4.95": [59.26454, -29.22407, -140.15519],
						"6.65": [59.26, -29.22, -140.16],
						"6.75": [74.19, -24.78, -133.14],
						"6.9": [99.13767, -21.82367, -128.45709]
					},
					"position": {
						"0.0": [7.4, -15.2, -6.5],
						"0.1": {
							"pre": [12.19929, -21.32931, -5.16257],
							"post": [12.19929, -21.32931, -5.16257],
							"lerp_mode": "catmullrom"
						},
						"0.2": {
							"post": [13.53031, -32.66631, 9.36009],
							"lerp_mode": "catmullrom"
						},
						"0.3": {
							"post": [14.47738, -36.79537, 21.17153],
							"lerp_mode": "catmullrom"
						},
						"2.35": [1.5, -46.2, 15.5],
						"2.5": [7.5, -24.2, -6.5],
						"2.6": [6.5, -17.2, -3],
						"4.8": [6.5, -17.2, -3],
						"4.9": [6.63, -17.03, -3.87],
						"4.95": [6.9, -16.7, -5.6],
						"6.65": [6.9, -16.7, -5.6],
						"6.75": {
							"pre": [7.34, -16.2, -7.1],
							"post": [7.34, -16.2, -7.1],
							"lerp_mode": "catmullrom"
						},
						"6.9": [7.4, -15.2, -6.5]
					},
					"scale": [1, 1.5, 1]
				},
				"righthand": {
					"rotation": {
						"0.0": [95, 0, -180],
						"4.85": [95, 0, -180],
						"5.05": [105.52, -19.21, -136.6],
						"5.25": [111.83055, -30.73531, -110.56377],
						"5.4": [114.34, -31.78, -111.06],
						"5.5": [115.46, -32.25, -111.28],
						"5.65": [116.2934, -32.5936, -111.44258],
						"6.2": [116.29, -32.59, -111.44],
						"6.3": [136.71372, 12.13934, -157.91548],
						"6.75": [136.71, 12.14, -157.92],
						"6.85": [111.68, 4.86, -171.17],
						"7.0": [95, 0, -180]
					},
					"position": {
						"0.0": [-6.2, -17, 7],
						"4.85": [-6.2, -17, 7],
						"4.95": [-7.53, -17, 7],
						"5.05": [-8.32, -16.3, 5.32],
						"5.15": [-8.68, -14.2, 0.28],
						"5.25": [-8.8, -13.7, -1.4],
						"5.35": [-8.8, -13.7, -0.88],
						"5.5": [-8.8, -13.7, 0.7],
						"5.55": [-8.8, -13.7, 0.83],
						"5.65": [-8.8, -13.7, 0.9],
						"6.2": [-8.8, -13.7, 0.9],
						"6.3": [-9.6, -16.67, 3.8],
						"6.35": [-9.6, -17.3, 4.43],
						"6.45": [-9.6, -17.9, 5.3],
						"6.75": [-9.7, -17.9, 5],
						"6.85": [-7.6, -17.36, 6.2],
						"7.0": [-6.2, -17, 7]
					},
					"scale": [1, 1.5, 1]
				},
				"root": {
					"rotation": {
						"0.0": [0, 0, 0],
						"0.05": [-5.79, 0.13, 1.95],
						"0.15": [-17.59, -10.78, -12.86],
						"0.25": [-25.6, -24.52, -35.41],
						"0.3": [-27.59976, -27.22756, -41.19159],
						"0.35": [-29.18247, -28.58725, -44.21775],
						"0.4": [-31.13848, -27.68974, -42.19082],
						"0.5": [-30.66598, -28.14222, -43.20004],
						"0.6": [-31.42, -28.14, -43.2],
						"0.7": [-32.01, -27.44, -41.92],
						"0.9": [-31.74, -28, -42.94],
						"1.0": [-31.76, -28.22, -43.36],
						"1.5": [-31.20393, -28.6466, -44.18009],
						"1.55": [-29.85, -30.65, -48.19],
						"1.65": [-29.18045, -31.65513, -50.18764],
						"1.8": [-29.71221, -31.16351, -49.16731],
						"1.95": [-29.71, -31.16, -49.17],
						"2.2": [-29.1733, -31.63628, -50.20015],
						"2.3": [-28.77, -30.86, -48.82],
						"2.4": [-27.89, -26.22, -40.22],
						"2.45": [-26.12, -16.94, -23.01],
						"2.5": [-27.22851, -1.49811, 6.49643],
						"2.65": [-27.64133, 24.07175, 55.7761],
						"2.8": [-27.55942, 24.18741, 56.01913],
						"2.9": [-26.63512, 25.213, 58.2211],
						"3.1": [-27.05095, 24.76144, 57.23672],
						"3.3": [-27.18, 24.27, 56.94],
						"3.5": [-27.3, 24.11, 56.64],
						"3.75": [-27.43825, 24.30227, 56.26287],
						"3.85": [-27.13612, 27.9047, 59.22256],
						"4.05": [-27.60586, 27.4605, 58.21082],
						"4.35": [-27.25, 27.82, 58.99],
						"4.55": [-27.1, 27.74, 59.31],
						"4.7": [-26.95, 27.21, 59.62],
						"4.8": [-26.5, 25.14, 57.6],
						"4.9": [-25.69, 21.35, 53.37],
						"5.0": [-27.3, 13.08, 39.44],
						"5.1": [-30.53, 10.74, 32.31],
						"5.15": [-30.94706, 10.98543, 32.75438],
						"5.25": [-32.11241, 10.47449, 31.87786],
						"5.3": [-33.79104, 11.14807, 29.27743],
						"5.35": [-34.94, 11.26, 29.51],
						"5.4": [-36.3637, 11.18323, 28.25743],
						"5.45": [-37.46, 12.29, 28.65],
						"5.55": [-39.65041, 13.56235, 29.2856],
						"5.75": [-38.85, 13.56, 29.29],
						"5.9": [-38.69, 13.42, 29.11],
						"6.2": [-38.66, 13.54, 29.26],
						"6.3": [-38.57593, 8.44932, 24.30995],
						"6.4": [-39.97836, 13.71543, 27.77033],
						"6.5": [-41.26, 12.28, 24.97],
						"6.6": [-41.36, 12.15, 24.48],
						"6.7": [-33.33, 7.37, 22.29],
						"6.8": [-17.16969, -2.07286, 18.42359],
						"6.9": [9.41515, -1.03643, 9.2118],
						"7.0": [1.9612, -0.55625, 7.98076],
						"7.05": [0.66898, -0.48139, 1.31942],
						"7.15": [-1.00521, -0.46117, 2.73757],
						"7.3": [0, 0, 0]
					},
					"position": {
						"0.0": [0, 0, 0],
						"0.1": [-0.07, 0.63, 0],
						"0.15": [-0.13, 1, 0],
						"0.25": [-0.51, 1.07, 0],
						"0.35": {
							"pre": [-0.8, 0.9, 0],
							"post": [-0.8, 0.9, 0],
							"lerp_mode": "catmullrom"
						},
						"0.45": {
							"post": [-1, 0.5, 0],
							"lerp_mode": "catmullrom"
						},
						"0.55": {
							"post": [-1, 0.225, 0],
							"lerp_mode": "catmullrom"
						},
						"0.65": {
							"post": [-1, 0.295, 0],
							"lerp_mode": "catmullrom"
						},
						"0.75": {
							"post": [-1, 0.48, 0],
							"lerp_mode": "catmullrom"
						},
						"0.85": {
							"post": [-1, 0.68, 0],
							"lerp_mode": "catmullrom"
						},
						"1.0": [-1, 0.77, 0],
						"1.25": [-1, 0.715, 0],
						"1.5": [-1, 0.5, 0],
						"1.6": {
							"pre": [-1, 0.5, 0],
							"post": [-1, 0.5, 0],
							"lerp_mode": "catmullrom"
						},
						"1.95": {
							"post": [-1, 0.715, 0],
							"lerp_mode": "catmullrom"
						},
						"2.05": {
							"post": [-1, 0.9, 0],
							"lerp_mode": "catmullrom"
						},
						"2.25": [-1, 0.9, 0],
						"2.35": [-0.91, 0.43, 0],
						"2.45": [0.05, -0.65, 0],
						"2.6": [1.85, -0.9, 0],
						"2.75": {
							"pre": [2.5, -0.3, 0],
							"post": [2.5, -0.3, 0],
							"lerp_mode": "catmullrom"
						},
						"2.85": {
							"post": [2.5, -0.075, -0.1],
							"lerp_mode": "catmullrom"
						},
						"3.0": {
							"post": [2.5, 0.06, -0.1],
							"lerp_mode": "catmullrom"
						},
						"3.2": {
							"post": [2.5, 0.02, -0.1],
							"lerp_mode": "catmullrom"
						},
						"3.75": [2.5, 0, -0.1],
						"3.95": [2.5, 0.225, -0.1],
						"4.35": [2.5, 0.38, -0.1],
						"4.55": [2.5, 0.445, -0.1],
						"4.8": [2.5, 0.3, -0.1],
						"4.95": [2.5, -0.6, 1.1],
						"5.1": [2.5, -0.9, 1.5],
						"5.25": [2.5, -1, 1.5],
						"5.3": [2.5, -1.03, 1.6],
						"5.4": [2.5, -1.4, 2.1],
						"5.55": [2.5, -1.24, 2.1],
						"5.65": [2.5, -1, 2.1],
						"5.75": [2.5, -0.93, 2.1],
						"5.9": [2.5, -0.89, 2.1],
						"6.05": [2.5, -0.87, 2.1],
						"6.2": [2.5, -0.89, 2.1],
						"6.25": [2.5, -0.4, 1.4],
						"6.35": [2.5, -1.03125, 1.9],
						"6.45": [2.5, -1.12, 1.9],
						"6.55": [2.5, -0.795, 1.9],
						"6.65": {
							"pre": [2.5, -0.545, 1.9],
							"post": [2.5, -0.545, 1.9],
							"lerp_mode": "catmullrom"
						},
						"6.75": {
							"post": [2.08, -1.02, 1.58],
							"lerp_mode": "catmullrom"
						},
						"6.85": {
							"post": [1.25, -2.05, 0.95],
							"lerp_mode": "catmullrom"
						},
						"7.0": [0, -0.5, -0.8],
						"7.1": [0, 0, 0.62],
						"7.2": [0, -0.2, -0.17],
						"7.35": [0, 0, 0]
					}
				},
				"bolt2": {
					"rotation": {
						"5.5": [0, 0, 0],
						"5.65": [-1, 0, 0],
						"6.2": [-1, 0, 0],
						"6.25": [0, 0, 0]
					},
					"position": {
						"5.25": [0, 0, 0],
						"5.35": [0, 0, 0.6],
						"5.5": [0, 0, 2.1],
						"5.55": [0, 0, 2.2],
						"5.65": [0, 0, 2.4],
						"6.2": [0, 0, 2.4],
						"6.25": [0, 0, 0]
					}
				},
				"charger": {
					"rotation": [0, 0, 0]
				},
				"camera": {
					"rotation": {
						"0.0": {
							"post": [0, 0, 0],
							"lerp_mode": "catmullrom"
						},
						"0.1": {
							"post": [2.38, 1.14, 0],
							"lerp_mode": "catmullrom"
						},
						"0.2": {
							"post": [2.43, 2.29, 0],
							"lerp_mode": "catmullrom"
						},
						"0.3": {
							"post": [1.29, 2.86, 0],
							"lerp_mode": "catmullrom"
						},
						"0.4": {
							"post": [-1, 4, 0],
							"lerp_mode": "catmullrom"
						},
						"0.6": {
							"post": [-2.00275, 4.99939, -0.03503],
							"lerp_mode": "catmullrom"
						},
						"0.9": {
							"post": [-1.25, 5, -0.04],
							"lerp_mode": "catmullrom"
						},
						"1.2": {
							"post": [-1.53, 5.54, -0.05],
							"lerp_mode": "catmullrom"
						},
						"1.4": {
							"post": [-1.9, 5.77, -0.05],
							"lerp_mode": "catmullrom"
						},
						"1.7": {
							"post": [-2.6, 6, -0.05],
							"lerp_mode": "catmullrom"
						},
						"1.9": {
							"post": [-2.45, 6, -0.05],
							"lerp_mode": "catmullrom"
						},
						"2.1": {
							"post": [-2.62, 6, -0.05],
							"lerp_mode": "catmullrom"
						},
						"2.25": {
							"post": [-3, 6, -0.05],
							"lerp_mode": "catmullrom"
						},
						"2.4": {
							"post": [-0.74, 3.75, 0.02],
							"lerp_mode": "catmullrom"
						},
						"2.5": {
							"post": [0.26, 2.75, 0.06],
							"lerp_mode": "catmullrom"
						},
						"2.6": {
							"post": [0.76, 2.25, 0.08],
							"lerp_mode": "catmullrom"
						},
						"2.8": {
							"post": [1.76, 1.75, 0.08],
							"lerp_mode": "catmullrom"
						},
						"2.9": {
							"post": [1.47, 1.75, 0.08],
							"lerp_mode": "catmullrom"
						},
						"3.0": {
							"post": [1.4, 1.75, 0.08],
							"lerp_mode": "catmullrom"
						},
						"3.15": {
							"post": [1.32, 1.75, 0.08],
							"lerp_mode": "catmullrom"
						},
						"3.35": {
							"post": [1.06, 1.75, 0.08],
							"lerp_mode": "catmullrom"
						},
						"3.7": {
							"post": [0.36, 1.75, 0.08],
							"lerp_mode": "catmullrom"
						},
						"3.8": {
							"post": [0.04, 1.75, 0.08],
							"lerp_mode": "catmullrom"
						},
						"3.9": {
							"post": [-0.41, 1.75, 0.08],
							"lerp_mode": "catmullrom"
						},
						"4.05": {
							"post": [-0.82, 1.75, 0.08],
							"lerp_mode": "catmullrom"
						},
						"4.4": {
							"post": [-0.77, 1.75, 0.08],
							"lerp_mode": "catmullrom"
						},
						"4.6": {
							"post": [-0.75, 1.75, 0.08],
							"lerp_mode": "catmullrom"
						},
						"4.8": {
							"post": [-0.74, 1.75, 0.08],
							"lerp_mode": "catmullrom"
						},
						"4.95": {
							"post": [2.84, 1.75, 0.08],
							"lerp_mode": "catmullrom"
						},
						"5.05": {
							"post": [3.88, 1.75, 0.08],
							"lerp_mode": "catmullrom"
						},
						"5.25": {
							"post": [3.26, 1.75, 0.08],
							"lerp_mode": "catmullrom"
						},
						"5.4": {
							"post": [4.86, 1.75, 0.08],
							"lerp_mode": "catmullrom"
						},
						"5.5": {
							"post": [5.26, 1.75, 0.08],
							"lerp_mode": "catmullrom"
						},
						"5.75": {
							"post": [4.56, 1.75, 0.08],
							"lerp_mode": "catmullrom"
						},
						"5.95": {
							"post": [4.32, 1.75, 0.08],
							"lerp_mode": "catmullrom"
						},
						"6.1": {
							"post": [4.26, 1.75, 0.08],
							"lerp_mode": "catmullrom"
						},
						"6.25": {
							"post": [4.26, 1.75, 0.08],
							"lerp_mode": "catmullrom"
						},
						"6.3": {
							"post": [3.52463, 1.62011, 2.27707],
							"lerp_mode": "catmullrom"
						},
						"6.35": {
							"post": [2.65708, 1.73641, -0.02095],
							"lerp_mode": "catmullrom"
						},
						"6.45": {
							"post": [1.47363, 1.72336, 0.52936],
							"lerp_mode": "catmullrom"
						},
						"6.55": {
							"post": [0.29018, 1.7103, 1.07967],
							"lerp_mode": "catmullrom"
						},
						"6.7": {
							"post": [1.29018, 1.7103, 1.07967],
							"lerp_mode": "catmullrom"
						},
						"6.8": {
							"post": [2.13, 1.06, 0.67],
							"lerp_mode": "catmullrom"
						},
						"6.9": {
							"post": [1.91, 0.55, 0.35],
							"lerp_mode": "catmullrom"
						},
						"7.05": {
							"post": [-1, 0, 0],
							"lerp_mode": "catmullrom"
						},
						"7.15": {
							"post": [0.4, 0, 0],
							"lerp_mode": "catmullrom"
						},
						"7.3": {
							"post": [0, 0, 0],
							"lerp_mode": "catmullrom"
						}
					}
				},
				"bone14": {
					"position": {
						"5.25": [0, 0, 0],
						"5.35": [0, 0, 0.5],
						"5.5": [0, 0, 2.1],
						"5.55": [0, 0, 2.2],
						"5.65": [0, 0, 2.4],
						"6.2": [0, 0, 2.4],
						"6.25": [0, 0, 0]
					}
				},
				"sanregai1": {
					"rotation": {
						"5.4": {
							"pre": [0, 0, 0],
							"post": [0, 0, 0],
							"lerp_mode": "catmullrom"
						},
						"5.45": {
							"post": [0, 0, 40.56],
							"lerp_mode": "catmullrom"
						},
						"5.65": {
							"post": [0, 0, 65],
							"lerp_mode": "catmullrom"
						},
						"6.2": {
							"post": [0, 0, 65],
							"lerp_mode": "catmullrom"
						},
						"6.3": {
							"post": [0, 0, 51.8],
							"lerp_mode": "catmullrom"
						},
						"6.4": {
							"post": [0, 0, 0],
							"lerp_mode": "catmullrom"
						}
					}
				},
				"sanregai2": {
					"rotation": {
						"5.4": {
							"pre": [0, 0, 0],
							"post": [0, 0, 0],
							"lerp_mode": "catmullrom"
						},
						"5.45": {
							"post": [0, 0, -40.56],
							"lerp_mode": "catmullrom"
						},
						"5.65": {
							"post": [0, 0, -65],
							"lerp_mode": "catmullrom"
						},
						"6.2": {
							"post": [0, 0, -65],
							"lerp_mode": "catmullrom"
						},
						"6.3": {
							"post": [0, 0, -51.8],
							"lerp_mode": "catmullrom"
						},
						"6.4": {
							"post": [0, 0, 0],
							"lerp_mode": "catmullrom"
						}
					}
				}
			}
		},
		"inspect_empty": {
			"animation_length": 7.35,
			"bones": {
				"lefthand": {
					"rotation": {
						"0.0": [99.13767, -21.82367, -128.45709],
						"0.3": [97.60229, -50.98159, -172.85145],
						"2.35": [97.6, -50.98, -172.85],
						"2.5": [99.14399, -58.40097, -174.73803],
						"2.6": [52.85269, -57.5914, -146.26457],
						"4.8": [52.85, -57.59, -146.26],
						"4.9": [54.99, -48.13, -144.23],
						"4.95": [59.26454, -29.22407, -140.15519],
						"6.65": [59.26, -29.22, -140.16],
						"6.75": [74.19, -24.78, -133.14],
						"6.9": [99.13767, -21.82367, -128.45709]
					},
					"position": {
						"0.0": [7.4, -15.2, -6.5],
						"0.1": {
							"pre": [12.19929, -21.32931, -5.16257],
							"post": [12.19929, -21.32931, -5.16257],
							"lerp_mode": "catmullrom"
						},
						"0.2": {
							"post": [13.53031, -32.66631, 9.36009],
							"lerp_mode": "catmullrom"
						},
						"0.3": {
							"post": [14.47738, -36.79537, 21.17153],
							"lerp_mode": "catmullrom"
						},
						"2.35": [1.5, -46.2, 15.5],
						"2.5": [7.5, -24.2, -6.5],
						"2.6": [6.5, -17.2, -3],
						"4.8": [6.5, -17.2, -3],
						"4.9": [6.63, -17.03, -3.87],
						"4.95": [6.9, -16.7, -5.6],
						"6.65": [6.9, -16.7, -5.6],
						"6.75": {
							"pre": [7.34, -16.2, -7.1],
							"post": [7.34, -16.2, -7.1],
							"lerp_mode": "catmullrom"
						},
						"6.9": [7.4, -15.2, -6.5]
					},
					"scale": [1, 1.5, 1]
				},
				"righthand": {
					"rotation": {
						"0.0": [95, 0, -180],
						"4.85": [95, 0, -180],
						"5.05": [105.52, -19.21, -136.6],
						"5.25": [111.83055, -30.73531, -110.56377],
						"5.4": [114.34, -31.78, -111.06],
						"5.5": [115.46, -32.25, -111.28],
						"5.65": [116.2934, -32.5936, -111.44258],
						"6.2": [116.29, -32.59, -111.44],
						"6.3": [136.71372, 12.13934, -157.91548],
						"6.75": [136.71, 12.14, -157.92],
						"6.85": [111.68, 4.86, -171.17],
						"7.0": [95, 0, -180]
					},
					"position": {
						"0.0": [-6.2, -17, 7],
						"4.85": [-6.2, -17, 7],
						"4.95": [-7.53, -17, 7],
						"5.05": [-8.32, -16.3, 5.32],
						"5.15": [-8.68, -14.2, 0.28],
						"5.25": [-8.8, -13.7, -1.4],
						"5.35": [-8.8, -13.7, -0.88],
						"5.5": [-8.8, -13.7, 0.7],
						"5.55": [-8.8, -13.7, 0.83],
						"5.65": [-8.8, -13.7, 0.9],
						"6.2": [-8.8, -13.7, 0.9],
						"6.3": [-9.6, -16.67, 3.8],
						"6.35": [-9.6, -17.3, 4.43],
						"6.45": [-9.6, -17.9, 5.3],
						"6.75": [-9.7, -17.9, 5],
						"6.85": [-7.6, -17.36, 6.2],
						"7.0": [-6.2, -17, 7]
					},
					"scale": [1, 1.5, 1]
				},
				"root": {
					"rotation": {
						"0.0": [0, 0, 0],
						"0.05": [-5.79, 0.13, 1.95],
						"0.15": [-17.59, -10.78, -12.86],
						"0.25": [-25.6, -24.52, -35.41],
						"0.3": [-27.59976, -27.22756, -41.19159],
						"0.35": [-29.18247, -28.58725, -44.21775],
						"0.4": [-31.13848, -27.68974, -42.19082],
						"0.5": [-30.66598, -28.14222, -43.20004],
						"0.6": [-31.42, -28.14, -43.2],
						"0.7": [-32.01, -27.44, -41.92],
						"0.9": [-31.74, -28, -42.94],
						"1.0": [-31.76, -28.22, -43.36],
						"1.5": [-31.20393, -28.6466, -44.18009],
						"1.55": [-29.85, -30.65, -48.19],
						"1.65": [-29.18045, -31.65513, -50.18764],
						"1.8": [-29.71221, -31.16351, -49.16731],
						"1.95": [-29.71, -31.16, -49.17],
						"2.2": [-29.1733, -31.63628, -50.20015],
						"2.3": [-28.77, -30.86, -48.82],
						"2.4": [-27.89, -26.22, -40.22],
						"2.45": [-26.12, -16.94, -23.01],
						"2.5": [-27.22851, -1.49811, 6.49643],
						"2.65": [-27.64133, 24.07175, 55.7761],
						"2.8": [-27.55942, 24.18741, 56.01913],
						"2.9": [-26.63512, 25.213, 58.2211],
						"3.1": [-27.05095, 24.76144, 57.23672],
						"3.3": [-27.18, 24.27, 56.94],
						"3.5": [-27.3, 24.11, 56.64],
						"3.75": [-27.43825, 24.30227, 56.26287],
						"3.85": [-27.13612, 27.9047, 59.22256],
						"4.05": [-27.60586, 27.4605, 58.21082],
						"4.35": [-27.25, 27.82, 58.99],
						"4.55": [-27.1, 27.74, 59.31],
						"4.7": [-26.95, 27.21, 59.62],
						"4.8": [-26.5, 25.14, 57.6],
						"4.9": [-25.69, 21.35, 53.37],
						"5.0": [-27.3, 13.08, 39.44],
						"5.1": [-30.53, 10.74, 32.31],
						"5.15": [-30.94706, 10.98543, 32.75438],
						"5.25": [-32.11241, 10.47449, 31.87786],
						"5.3": [-33.79104, 11.14807, 29.27743],
						"5.35": [-34.94, 11.26, 29.51],
						"5.4": [-36.3637, 11.18323, 28.25743],
						"5.45": [-37.46, 12.29, 28.65],
						"5.55": [-39.65041, 13.56235, 29.2856],
						"5.75": [-38.85, 13.56, 29.29],
						"5.9": [-38.69, 13.42, 29.11],
						"6.2": [-38.66, 13.54, 29.26],
						"6.3": [-38.57593, 8.44932, 24.30995],
						"6.4": [-39.97836, 13.71543, 27.77033],
						"6.5": [-41.26, 12.28, 24.97],
						"6.6": [-41.36, 12.15, 24.48],
						"6.7": [-33.33, 7.37, 22.29],
						"6.8": [-17.16969, -2.07286, 18.42359],
						"6.9": [9.41515, -1.03643, 9.2118],
						"7.0": [1.9612, -0.55625, 7.98076],
						"7.05": [0.66898, -0.48139, 1.31942],
						"7.15": [-1.00521, -0.46117, 2.73757],
						"7.3": [0, 0, 0]
					},
					"position": {
						"0.0": [0, 0, 0],
						"0.1": [-0.07, 0.63, 0],
						"0.15": [-0.13, 1, 0],
						"0.25": [-0.51, 1.07, 0],
						"0.35": {
							"pre": [-0.8, 0.9, 0],
							"post": [-0.8, 0.9, 0],
							"lerp_mode": "catmullrom"
						},
						"0.45": {
							"post": [-1, 0.5, 0],
							"lerp_mode": "catmullrom"
						},
						"0.55": {
							"post": [-1, 0.225, 0],
							"lerp_mode": "catmullrom"
						},
						"0.65": {
							"post": [-1, 0.295, 0],
							"lerp_mode": "catmullrom"
						},
						"0.75": {
							"post": [-1, 0.48, 0],
							"lerp_mode": "catmullrom"
						},
						"0.85": {
							"post": [-1, 0.68, 0],
							"lerp_mode": "catmullrom"
						},
						"1.0": [-1, 0.77, 0],
						"1.25": [-1, 0.715, 0],
						"1.5": [-1, 0.5, 0],
						"1.6": {
							"pre": [-1, 0.5, 0],
							"post": [-1, 0.5, 0],
							"lerp_mode": "catmullrom"
						},
						"1.95": {
							"post": [-1, 0.715, 0],
							"lerp_mode": "catmullrom"
						},
						"2.05": {
							"post": [-1, 0.9, 0],
							"lerp_mode": "catmullrom"
						},
						"2.25": [-1, 0.9, 0],
						"2.35": [-0.91, 0.43, 0],
						"2.45": [0.05, -0.65, 0],
						"2.6": [1.85, -0.9, 0],
						"2.75": {
							"pre": [2.5, -0.3, 0],
							"post": [2.5, -0.3, 0],
							"lerp_mode": "catmullrom"
						},
						"2.85": {
							"post": [2.5, -0.075, -0.1],
							"lerp_mode": "catmullrom"
						},
						"3.0": {
							"post": [2.5, 0.06, -0.1],
							"lerp_mode": "catmullrom"
						},
						"3.2": {
							"post": [2.5, 0.02, -0.1],
							"lerp_mode": "catmullrom"
						},
						"3.75": [2.5, 0, -0.1],
						"3.95": [2.5, 0.225, -0.1],
						"4.35": [2.5, 0.38, -0.1],
						"4.55": [2.5, 0.445, -0.1],
						"4.8": [2.5, 0.3, -0.1],
						"4.95": [2.5, -0.6, 1.1],
						"5.1": [2.5, -0.9, 1.5],
						"5.25": [2.5, -1, 1.5],
						"5.3": [2.5, -1.03, 1.6],
						"5.4": [2.5, -1.4, 2.1],
						"5.55": [2.5, -1.24, 2.1],
						"5.65": [2.5, -1, 2.1],
						"5.75": [2.5, -0.93, 2.1],
						"5.9": [2.5, -0.89, 2.1],
						"6.05": [2.5, -0.87, 2.1],
						"6.2": [2.5, -0.89, 2.1],
						"6.25": [2.5, -0.4, 1.4],
						"6.35": [2.5, -1.03125, 1.9],
						"6.45": [2.5, -1.12, 1.9],
						"6.55": [2.5, -0.795, 1.9],
						"6.65": {
							"pre": [2.5, -0.545, 1.9],
							"post": [2.5, -0.545, 1.9],
							"lerp_mode": "catmullrom"
						},
						"6.75": {
							"post": [2.08, -1.02, 1.58],
							"lerp_mode": "catmullrom"
						},
						"6.85": {
							"post": [1.25, -2.05, 0.95],
							"lerp_mode": "catmullrom"
						},
						"7.0": [0, -0.5, -0.8],
						"7.1": [0, 0, 0.62],
						"7.2": [0, -0.2, -0.17],
						"7.35": [0, 0, 0]
					}
				},
				"bolt2": {
					"rotation": {
						"5.5": [0, 0, 0],
						"5.65": [-1, 0, 0],
						"6.2": [-1, 0, 0],
						"6.25": [0, 0, 0]
					},
					"position": {
						"5.25": [0, 0, 0],
						"5.35": [0, 0, 0.6],
						"5.5": [0, 0, 2.1],
						"5.55": [0, 0, 2.2],
						"5.65": [0, 0, 2.4],
						"6.2": [0, 0, 2.4],
						"6.25": [0, 0, 0]
					}
				},
				"charger": {
					"rotation": [0, 0, 0]
				},
				"camera": {
					"rotation": {
						"0.0": {
							"post": [0, 0, 0],
							"lerp_mode": "catmullrom"
						},
						"0.1": {
							"post": [2.38, 1.14, 0],
							"lerp_mode": "catmullrom"
						},
						"0.2": {
							"post": [2.43, 2.29, 0],
							"lerp_mode": "catmullrom"
						},
						"0.3": {
							"post": [1.29, 2.86, 0],
							"lerp_mode": "catmullrom"
						},
						"0.4": {
							"post": [-1, 4, 0],
							"lerp_mode": "catmullrom"
						},
						"0.6": {
							"post": [-2.00275, 4.99939, -0.03503],
							"lerp_mode": "catmullrom"
						},
						"0.9": {
							"post": [-1.25, 5, -0.04],
							"lerp_mode": "catmullrom"
						},
						"1.2": {
							"post": [-1.53, 5.54, -0.05],
							"lerp_mode": "catmullrom"
						},
						"1.4": {
							"post": [-1.9, 5.77, -0.05],
							"lerp_mode": "catmullrom"
						},
						"1.7": {
							"post": [-2.6, 6, -0.05],
							"lerp_mode": "catmullrom"
						},
						"1.9": {
							"post": [-2.45, 6, -0.05],
							"lerp_mode": "catmullrom"
						},
						"2.1": {
							"post": [-2.62, 6, -0.05],
							"lerp_mode": "catmullrom"
						},
						"2.25": {
							"post": [-3, 6, -0.05],
							"lerp_mode": "catmullrom"
						},
						"2.4": {
							"post": [-0.74, 3.75, 0.02],
							"lerp_mode": "catmullrom"
						},
						"2.5": {
							"post": [0.26, 2.75, 0.06],
							"lerp_mode": "catmullrom"
						},
						"2.6": {
							"post": [0.76, 2.25, 0.08],
							"lerp_mode": "catmullrom"
						},
						"2.8": {
							"post": [1.76, 1.75, 0.08],
							"lerp_mode": "catmullrom"
						},
						"2.9": {
							"post": [1.47, 1.75, 0.08],
							"lerp_mode": "catmullrom"
						},
						"3.0": {
							"post": [1.4, 1.75, 0.08],
							"lerp_mode": "catmullrom"
						},
						"3.15": {
							"post": [1.32, 1.75, 0.08],
							"lerp_mode": "catmullrom"
						},
						"3.35": {
							"post": [1.06, 1.75, 0.08],
							"lerp_mode": "catmullrom"
						},
						"3.7": {
							"post": [0.36, 1.75, 0.08],
							"lerp_mode": "catmullrom"
						},
						"3.8": {
							"post": [0.04, 1.75, 0.08],
							"lerp_mode": "catmullrom"
						},
						"3.9": {
							"post": [-0.41, 1.75, 0.08],
							"lerp_mode": "catmullrom"
						},
						"4.05": {
							"post": [-0.82, 1.75, 0.08],
							"lerp_mode": "catmullrom"
						},
						"4.4": {
							"post": [-0.77, 1.75, 0.08],
							"lerp_mode": "catmullrom"
						},
						"4.6": {
							"post": [-0.75, 1.75, 0.08],
							"lerp_mode": "catmullrom"
						},
						"4.8": {
							"post": [-0.74, 1.75, 0.08],
							"lerp_mode": "catmullrom"
						},
						"4.95": {
							"post": [2.84, 1.75, 0.08],
							"lerp_mode": "catmullrom"
						},
						"5.05": {
							"post": [3.88, 1.75, 0.08],
							"lerp_mode": "catmullrom"
						},
						"5.25": {
							"post": [3.26, 1.75, 0.08],
							"lerp_mode": "catmullrom"
						},
						"5.4": {
							"post": [4.86, 1.75, 0.08],
							"lerp_mode": "catmullrom"
						},
						"5.5": {
							"post": [5.26, 1.75, 0.08],
							"lerp_mode": "catmullrom"
						},
						"5.75": {
							"post": [4.56, 1.75, 0.08],
							"lerp_mode": "catmullrom"
						},
						"5.95": {
							"post": [4.32, 1.75, 0.08],
							"lerp_mode": "catmullrom"
						},
						"6.1": {
							"post": [4.26, 1.75, 0.08],
							"lerp_mode": "catmullrom"
						},
						"6.25": {
							"post": [4.26, 1.75, 0.08],
							"lerp_mode": "catmullrom"
						},
						"6.3": {
							"post": [3.52463, 1.62011, 2.27707],
							"lerp_mode": "catmullrom"
						},
						"6.35": {
							"post": [2.65708, 1.73641, -0.02095],
							"lerp_mode": "catmullrom"
						},
						"6.45": {
							"post": [1.47363, 1.72336, 0.52936],
							"lerp_mode": "catmullrom"
						},
						"6.55": {
							"post": [0.29018, 1.7103, 1.07967],
							"lerp_mode": "catmullrom"
						},
						"6.7": {
							"post": [1.29018, 1.7103, 1.07967],
							"lerp_mode": "catmullrom"
						},
						"6.8": {
							"post": [2.13, 1.06, 0.67],
							"lerp_mode": "catmullrom"
						},
						"6.9": {
							"post": [1.91, 0.55, 0.35],
							"lerp_mode": "catmullrom"
						},
						"7.05": {
							"post": [-1, 0, 0],
							"lerp_mode": "catmullrom"
						},
						"7.15": {
							"post": [0.4, 0, 0],
							"lerp_mode": "catmullrom"
						},
						"7.3": {
							"post": [0, 0, 0],
							"lerp_mode": "catmullrom"
						}
					}
				},
				"bone14": {
					"position": {
						"5.25": [0, 0, 0],
						"5.35": [0, 0, 0.5],
						"5.5": [0, 0, 2.1],
						"5.55": [0, 0, 2.2],
						"5.65": [0, 0, 2.4],
						"6.2": [0, 0, 2.4],
						"6.25": [0, 0, 0]
					}
				},
				"sanregai1": {
					"rotation": {
						"5.4": {
							"pre": [0, 0, 0],
							"post": [0, 0, 0],
							"lerp_mode": "catmullrom"
						},
						"5.45": {
							"post": [0, 0, 40.56],
							"lerp_mode": "catmullrom"
						},
						"5.65": {
							"post": [0, 0, 65],
							"lerp_mode": "catmullrom"
						},
						"6.2": {
							"post": [0, 0, 65],
							"lerp_mode": "catmullrom"
						},
						"6.3": {
							"post": [0, 0, 51.8],
							"lerp_mode": "catmullrom"
						},
						"6.4": {
							"post": [0, 0, 0],
							"lerp_mode": "catmullrom"
						}
					}
				},
				"sanregai2": {
					"rotation": {
						"5.4": {
							"pre": [0, 0, 0],
							"post": [0, 0, 0],
							"lerp_mode": "catmullrom"
						},
						"5.45": {
							"post": [0, 0, -40.56],
							"lerp_mode": "catmullrom"
						},
						"5.65": {
							"post": [0, 0, -65],
							"lerp_mode": "catmullrom"
						},
						"6.2": {
							"post": [0, 0, -65],
							"lerp_mode": "catmullrom"
						},
						"6.3": {
							"post": [0, 0, -51.8],
							"lerp_mode": "catmullrom"
						},
						"6.4": {
							"post": [0, 0, 0],
							"lerp_mode": "catmullrom"
						}
					}
				}
			}
		},
		"shoot": {
			"animation_length": 0.6333,
			"bones": {
				"bolt": {
					"position": {
						"0.0": [0, 0, 0],
						"0.0333": [0, 0, 5],
						"0.0667": [0, 0, 0]
					}
				},
				"root": {
					"rotation": {
						"0.0": [0, 0, 0],
						"0.0333": [1.225, 0, 0.725],
						"0.0667": [-0.595, 0, -1.175],
						"0.1": [-0.72, 0, -1.225],
						"0.1667": [0.18, 0, 0.525],
						"0.2667": [0.45, 0, -0.25],
						"0.3667": [0.225, -0.2, 0.25],
						"0.5": [0.055, -0.075, -0.075],
						"0.6333": [0, 0, 0]
					},
					"position": {
						"0.0": [0, 0, 0],
						"0.0333": [0, -0.025, 1.725],
						"0.0667": [0, -0.05, 1.38],
						"0.1333": [0, -0.05, -0.045],
						"0.2667": [0, -0.025, 0.1],
						"0.3667": [0, 0, 0]
					}
				},
				"camera": {
					"rotation": {
						"0.0": {
							"post": [0, 0, 0],
							"lerp_mode": "catmullrom"
						},
						"0.0333": {
							"post": [0, 0, 0.6],
							"lerp_mode": "catmullrom"
						},
						"0.0667": {
							"post": [0, 0, -0.4],
							"lerp_mode": "catmullrom"
						},
						"0.1": {
							"post": [0, 0, 0.375],
							"lerp_mode": "catmullrom"
						},
						"0.1667": {
							"post": [0, 0, -0.225],
							"lerp_mode": "catmullrom"
						},
						"0.2333": {
							"post": [0, 0, 0.075],
							"lerp_mode": "catmullrom"
						},
						"0.3": {
							"post": [0, 0, 0],
							"lerp_mode": "catmullrom"
						}
					}
				}
			}
		},
		"over_heat": {
			"animation_length": 3.55,
			"bones": {
				"camera": {
					"rotation": {
						"0.15": {
							"pre": [0, 0, 0],
							"post": [0, 0, 0],
							"lerp_mode": "catmullrom"
						},
						"0.3": {
							"post": [-0.205, 0, 0.725],
							"lerp_mode": "catmullrom"
						},
						"0.4": {
							"post": [-0.11, -0.03, 0.095],
							"lerp_mode": "catmullrom"
						},
						"0.55": {
							"post": [0.355, -0.1, 0.475],
							"lerp_mode": "catmullrom"
						},
						"0.8": {
							"post": [3, -0.325, 0.675],
							"lerp_mode": "catmullrom"
						},
						"1.05": {
							"post": [3.61, -0.325, 0.725],
							"lerp_mode": "catmullrom"
						},
						"1.35": {
							"post": [2.95, -0.525, 1.05],
							"lerp_mode": "catmullrom"
						},
						"1.6": {
							"post": [2.195, -0.59, 1.06],
							"lerp_mode": "catmullrom"
						},
						"1.9": {
							"post": [2.58, -0.625, 1.025],
							"lerp_mode": "catmullrom"
						},
						"2.25": {
							"post": [2.59, -0.425, 1.025],
							"lerp_mode": "catmullrom"
						},
						"2.5": {
							"post": [3.51, -0.425, 0.875],
							"lerp_mode": "catmullrom"
						},
						"2.7": {
							"post": [2.68, -0.425, 0.625],
							"lerp_mode": "catmullrom"
						},
						"3.1": {
							"post": [-0.255, 0, 0],
							"lerp_mode": "catmullrom"
						},
						"3.25": {
							"post": [0.255, 0.02, 0.53],
							"lerp_mode": "catmullrom"
						},
						"3.4": {
							"post": [0, 0, -0.3],
							"lerp_mode": "catmullrom"
						},
						"3.55": {
							"post": [0, 0, 0],
							"lerp_mode": "catmullrom"
						}
					}
				},
				"root": {
					"rotation": {
						"0.0": {
							"post": [0, 0, 0],
							"lerp_mode": "catmullrom"
						},
						"0.15": {
							"post": [-12.5, 0, 0],
							"lerp_mode": "catmullrom"
						},
						"0.25": {
							"post": [-11.27726, -1.27668, 1.22274],
							"lerp_mode": "catmullrom"
						},
						"0.35": {
							"post": [-12.10495, 0.5563, 0.40792],
							"lerp_mode": "catmullrom"
						},
						"0.55": {
							"post": [-10.43262, -0.11066, -0.42414],
							"lerp_mode": "catmullrom"
						},
						"1.0": {
							"post": [-8.47915, -3.5426, 7.57594],
							"lerp_mode": "catmullrom"
						},
						"1.35": {
							"post": [-7.46616, -3.71711, 6.47411],
							"lerp_mode": "catmullrom"
						},
						"1.9": {
							"post": [-7.93631, -3.17025, 5.43034],
							"lerp_mode": "catmullrom"
						},
						"2.25": {
							"post": [-8.41113, -1.56127, 3.69567],
							"lerp_mode": "catmullrom"
						},
						"2.65": {
							"post": [-5.24389, -1.98501, 4.70728],
							"lerp_mode": "catmullrom"
						},
						"2.95": {
							"post": [-13.36, -0.13, 2.725],
							"lerp_mode": "catmullrom"
						},
						"3.1": {
							"post": [-1.76804, 0.40298, -0.29141],
							"lerp_mode": "catmullrom"
						},
						"3.25": {
							"post": [0.15, 0.36, 1.105],
							"lerp_mode": "catmullrom"
						},
						"3.3": {
							"post": [0.63, 0.23, -0.38],
							"lerp_mode": "catmullrom"
						},
						"3.45": {
							"post": [0.375, 0, 0],
							"lerp_mode": "catmullrom"
						},
						"3.55": {
							"post": [0, 0, 0],
							"lerp_mode": "catmullrom"
						}
					},
					"position": {
						"0.0": {
							"post": [0, 0, 0],
							"lerp_mode": "catmullrom"
						},
						"0.15": {
							"post": [0, 0, 0],
							"lerp_mode": "catmullrom"
						},
						"0.3": {
							"post": [0, -0.3, 0.745],
							"lerp_mode": "catmullrom"
						},
						"0.45": {
							"post": [-0.225, -0.375, 0.475],
							"lerp_mode": "catmullrom"
						},
						"0.6": {
							"post": [-0.22, -0.35, 0.35],
							"lerp_mode": "catmullrom"
						},
						"1.2": {
							"post": [-0.13, -0.56, 0.22],
							"lerp_mode": "catmullrom"
						},
						"2.1": {
							"post": [-0.015, -0.59, 0.05],
							"lerp_mode": "catmullrom"
						},
						"2.45": {
							"post": [-0.04, -2.105, 0.01],
							"lerp_mode": "catmullrom"
						},
						"2.6": {
							"post": [-0.05, -2.07, -0.01],
							"lerp_mode": "catmullrom"
						},
						"2.65": {
							"post": [-0.06, -1.405, 0],
							"lerp_mode": "catmullrom"
						},
						"2.8": {
							"post": [-0.07, 0.16, 0.16],
							"lerp_mode": "catmullrom"
						},
						"2.95": {
							"post": [-0.09, 0.8, 0.28],
							"lerp_mode": "catmullrom"
						},
						"3.1": {
							"post": [-0.11, 0.54, 0.015],
							"lerp_mode": "catmullrom"
						},
						"3.15": {
							"post": [-0.11, 0.36, -0.03],
							"lerp_mode": "catmullrom"
						},
						"3.25": {
							"post": [-0.11, -0.34, -0.035],
							"lerp_mode": "catmullrom"
						},
						"3.45": {
							"post": [-0.05, -0.005, -0.02],
							"lerp_mode": "catmullrom"
						},
						"3.55": {
							"post": [0, 0, 0],
							"lerp_mode": "catmullrom"
						}
					}
				},
				"sanregai1": {
					"rotation": {
						"0.0": {
							"post": [0, 0, 0],
							"lerp_mode": "catmullrom"
						},
						"0.05": {
							"post": [0, 0, 40.56],
							"lerp_mode": "catmullrom"
						},
						"0.25": {
							"post": [0, 0, 65],
							"lerp_mode": "catmullrom"
						},
						"3.0": {
							"post": [0, 0, 65],
							"lerp_mode": "catmullrom"
						},
						"3.1": {
							"post": [0, 0, 51.8],
							"lerp_mode": "catmullrom"
						},
						"3.2": {
							"post": [0, 0, 0],
							"lerp_mode": "catmullrom"
						}
					}
				},
				"sanregai2": {
					"rotation": {
						"0.0": {
							"post": [0, 0, 0],
							"lerp_mode": "catmullrom"
						},
						"0.05": {
							"post": [0, 0, -40.56],
							"lerp_mode": "catmullrom"
						},
						"0.25": {
							"post": [0, 0, -65],
							"lerp_mode": "catmullrom"
						},
						"3.0": {
							"post": [0, 0, -65],
							"lerp_mode": "catmullrom"
						},
						"3.1": {
							"post": [0, 0, -51.8],
							"lerp_mode": "catmullrom"
						},
						"3.2": {
							"post": [0, 0, 0],
							"lerp_mode": "catmullrom"
						}
					}
				}
			},
			"sound_effects": {
				"0.0": {
					"effect": "trisdyna:tris_hot1"
				}
			}
		}
	}
}