{
	"format_version": "1.8.0",
	"animations": {
		"static_idle": {
			"loop": true,
			"animation_length": 0.4167,
			"bones": {
				"lefthand": {
					"rotation": [79.47125, -31.8137, -172.70649],
					"position": [12.112, -13.819, -5.305],
					"scale": [1, 1.5, 1]
				},
				"righthand": {
					"rotation": [81.852, 2.196, -179.929],
					"position": [-6.558, -13.837, 3.326],
					"scale": [1, 1.5, 1]
				},
				"load1": {
					"scale": 0
				},
				"load2": {
					"scale": 0
				},
				"load3": {
					"scale": 0
				},
				"load4": {
					"scale": 0
				},
				"sf7b_muzzle": {
					"rotation": {
						"0.0": [0, 0, 0],
						"0.4167": [0, 0, 90]
					}
				},
				"1muzzle_default2": {
					"rotation": {
						"0.0": [0, 0, 0],
						"0.4167": [0, 0, -90]
					},
					"position": [0, 0, 0]
				}
			}
		},
		"shoot": {
			"animation_length": 0.4333,
			"bones": {
				"root": {
					"rotation": {
						"0.0": [0, 0, 0],
						"0.0333": [-0.586, 0.022, -0.92],
						"0.0667": [-0.273, 0.009, 0.812],
						"0.1": [-0.014, 0.047, 1.048],
						"0.1333": [0.458, 0.242, -0.221],
						"0.1667": [0.339, 0.226, -0.463],
						"0.2": [-0.064, 0.105, -0.246],
						"0.2333": [-0.21, -0.019, 0.183],
						"0.2667": [-0.162, -0.071, 0.343],
						"0.3": [-0.098, -0.04, 0.194],
						"0.3333": [0.013, 0.009, 0.011],
						"0.3667": [0.003, 0.005, -0.103],
						"0.4": [0.002, 0.004, -0.077],
						"0.4333": [0, 0, 0]
					},
					"position": {
						"0.0": [0, 0, 0],
						"0.0333": [0.002, 0.029, 1.064],
						"0.0667": [0.012, 0.082, 0.258],
						"0.1": [0, 0.036, 0.272],
						"0.1333": [-0.024, -0.055, 0.058],
						"0.1667": [-0.009, -0.03, 0.051],
						"0.2": [0.003, 0.004, 0.034],
						"0.2333": [0.032, 0.003, 0.056],
						"0.2667": [0.048, 0.015, 0.069],
						"0.3": [0.039, 0.012, 0.057],
						"0.3333": [-0.007, -0.008, 0.004],
						"0.3667": [-0.003, -0.009, 0.003],
						"0.4": [-0.003, -0.008, 0.003],
						"0.4333": [0, 0, 0]
					}
				},
				"sf7b_muzzle": {
					"rotation": {
						"0.0": [0, 0, 0],
						"0.4333": [0, 0, 360]
					}
				},
				"camera": {
					"rotation": {
						"0.0": [0, 0, 0],
						"0.0333": [0, 0, 0.65],
						"0.0667": [0, 0, -0.37],
						"0.1": [0, 0, 0.41],
						"0.1333": [0, 0, -0.185],
						"0.1667": [0, 0, 0.2],
						"0.2": [0, 0, 0]
					}
				},
				"1muzzle_default2": {
					"rotation": {
						"0.0": [0, 0, 0],
						"0.1667": [0, 0, -276.92],
						"0.4333": [0, 0, -360]
					},
					"position": [0, 0, 0]
				}
			}
		},
		"draw": {
			"loop": true,
			"animation_length": 1.15,
			"bones": {
				"root": {
					"rotation": {
						"0.0": {
							"post": [42.57929, -37.55577, -0.08401],
							"lerp_mode": "catmullrom"
						},
						"0.2": {
							"post": [24.01193, -29.89831, -5.38555],
							"lerp_mode": "catmullrom"
						},
						"0.4": {
							"post": [-3.04998, -9.12352, 1.70645],
							"lerp_mode": "catmullrom"
						},
						"0.6": {
							"post": [-1.46, 0.47, -1.3],
							"lerp_mode": "catmullrom"
						},
						"0.75": {
							"post": [-0.55, -0.01, 0.82],
							"lerp_mode": "catmullrom"
						},
						"0.9": {
							"post": [0, 0, -0.3],
							"lerp_mode": "catmullrom"
						},
						"1.1": {
							"post": [0, 0, 0],
							"lerp_mode": "catmullrom"
						}
					},
					"position": {
						"0.0": {
							"post": [3.3, -17, 5.7],
							"lerp_mode": "catmullrom"
						},
						"0.2": {
							"post": [1.18, -6.07, -2.76],
							"lerp_mode": "catmullrom"
						},
						"0.65": {
							"post": [0.17, 0, 0.29938],
							"lerp_mode": "catmullrom"
						},
						"0.75": {
							"post": [0.1, 0, 0.6],
							"lerp_mode": "catmullrom"
						},
						"0.85": {
							"post": [0.03, 0.04, -0.06188],
							"lerp_mode": "catmullrom"
						},
						"0.95": {
							"post": [0, 0, 0],
							"lerp_mode": "catmullrom"
						},
						"1.1": {
							"post": [0, 0, 0],
							"lerp_mode": "catmullrom"
						}
					}
				},
				"lefthand": {
					"rotation": [79.47125, -31.8137, -172.70649],
					"position": [12.112, -13.819, -5.305],
					"scale": [1, 1.5, 1]
				},
				"righthand": {
					"rotation": [81.852, 2.196, -179.929],
					"position": [-6.558, -13.837, 3.326],
					"scale": [1, 1.5, 1]
				},
				"sf7b_muzzle": {
					"rotation": {
						"0.3": {
							"pre": [0, 0, 360],
							"post": [0, 0, 360],
							"lerp_mode": "catmullrom"
						},
						"0.9": {
							"post": [0, 0, -592.94],
							"lerp_mode": "catmullrom"
						},
						"1.1": {
							"post": [0, 0, -720],
							"lerp_mode": "catmullrom"
						}
					}
				},
				"camera": {
					"rotation": {
						"0.0": {
							"post": [0, 0, 0],
							"lerp_mode": "catmullrom"
						},
						"0.2": {
							"post": [0.89297, -0.12891, 0.44141],
							"lerp_mode": "catmullrom"
						},
						"0.35": {
							"post": [0.94297, -0.19141, 0.44531],
							"lerp_mode": "catmullrom"
						},
						"0.65": {
							"post": [-0.1, 0.01953, -0.25391],
							"lerp_mode": "catmullrom"
						},
						"0.8": {
							"post": [0.1, 0.01953, 0.27344],
							"lerp_mode": "catmullrom"
						},
						"0.95": {
							"post": [-0.0375, 0.01953, -0.01953],
							"lerp_mode": "catmullrom"
						},
						"1.15": {
							"post": [0, 0, 0],
							"lerp_mode": "catmullrom"
						}
					}
				}
			},
			"sound_effects": {
				"0.0": {
					"effect": "trisdyna:emx_sf7b/sf7b_draw1"
				},
				"0.05": {
					"effect": "trisdyna:emx_sf7b/md4"
				},
				"0.25": {
					"effect": "trisdyna:emx_sf7b/md3"
				}
			}
		},
		"put_away": {
			"loop": true,
			"animation_length": 0.8,
			"bones": {
				"root": {
					"rotation": {
						"0.0": {
							"post": [0, 0, 0],
							"lerp_mode": "catmullrom"
						},
						"0.05": {
							"post": [-0.51171, -3.6801, -4.19401],
							"lerp_mode": "catmullrom"
						},
						"0.15": {
							"post": [4.36882, -11.73179, -10.29382],
							"lerp_mode": "catmullrom"
						},
						"0.2": {
							"post": [11.60471, -21.56305, -3.66288],
							"lerp_mode": "catmullrom"
						},
						"0.25": {
							"post": [16.97, -33.62, 3.38],
							"lerp_mode": "catmullrom"
						},
						"0.35": {
							"post": [34.73, -44.04, -3.09],
							"lerp_mode": "catmullrom"
						},
						"0.8": {
							"post": [62.23, -44.04, -3.09],
							"lerp_mode": "catmullrom"
						}
					},
					"position": {
						"0.0": {
							"post": [0, 0, 0],
							"lerp_mode": "catmullrom"
						},
						"0.05": {
							"post": [0, -0.49, -0.02],
							"lerp_mode": "catmullrom"
						},
						"0.15": {
							"post": [-0.52, -1.47, -0.56],
							"lerp_mode": "catmullrom"
						},
						"0.2": {
							"post": [-0.36, -2.92, -0.84],
							"lerp_mode": "catmullrom"
						},
						"0.25": {
							"post": [0.13, -5.86, -0.16],
							"lerp_mode": "catmullrom"
						},
						"0.35": {
							"post": [1.72, -9.68, 0.16],
							"lerp_mode": "catmullrom"
						},
						"0.8": {
							"post": [1.72, -29.68, 10.16],
							"lerp_mode": "catmullrom"
						}
					}
				},
				"lefthand": {
					"rotation": [79.47125, -31.8137, -172.70649],
					"position": [12.112, -13.819, -5.305],
					"scale": [1, 1.5, 1]
				},
				"righthand": {
					"rotation": [81.852, 2.196, -179.929],
					"position": [-6.558, -13.837, 3.326],
					"scale": [1, 1.5, 1]
				},
				"camera": {
					"rotation": {
						"0.0": {
							"post": [0, 0, 0],
							"lerp_mode": "catmullrom"
						},
						"0.1": {
							"post": [0.35, 0.025, -0.225],
							"lerp_mode": "catmullrom"
						},
						"0.2": {
							"post": [0.1, 0.025, 0.075],
							"lerp_mode": "catmullrom"
						},
						"0.3": {
							"post": [0, 0, 0],
							"lerp_mode": "catmullrom"
						}
					}
				}
			},
			"sound_effects": {
				"0.0": {
					"effect": "trisdyna:emx_sf7b/p05_ar_schotel_ubgl_drop_rattle"
				},
				"0.3": {
					"effect": "trisdyna:emx_sf7b/p05_ar_schotel_reload_end"
				},
				"0.8": {
					"effect": "trisdyna:emx_sf7b/p05_ar_schotel_branched_reload_magin"
				}
			}
		},
		"reload_tactical": {
			"loop": true,
			"animation_length": 5.1,
			"bones": {
				"lefthand": {
					"rotation": {
						"0.0": [79.47125, -31.8137, -172.70649],
						"0.4333": {
							"pre": [44.47, -31.81, -172.71],
							"post": [44.47, -31.81, -172.71],
							"lerp_mode": "catmullrom"
						},
						"1.1667": {
							"post": [88.85631, -66.80697, -171.93809],
							"lerp_mode": "catmullrom"
						},
						"4.0667": {
							"post": [88.85631, -66.80697, -171.93809],
							"lerp_mode": "catmullrom"
						},
						"4.4667": [79.47125, -31.8137, -172.70649]
					},
					"position": {
						"0.0": [12.112, -13.819, -5.305],
						"0.4333": {
							"pre": [12.11, -28.82, -1.3],
							"post": [12.11, -28.82, -1.3],
							"lerp_mode": "catmullrom"
						},
						"1.1667": {
							"post": [8.11, -19.82, -0.3],
							"lerp_mode": "catmullrom"
						},
						"4.0667": {
							"post": [8.11, -19.82, -0.3],
							"lerp_mode": "catmullrom"
						},
						"4.4667": [12.112, -13.819, -5.305]
					},
					"scale": {
						"0.0": [1, 1.5, 1],
						"4.4667": [1, 1.5, 1]
					}
				},
				"righthand": {
					"rotation": [81.852, 2.196, -179.929],
					"position": [-6.558, -13.837, 3.326],
					"scale": [1, 1.5, 1]
				},
				"root": {
					"rotation": {
						"0.0": [-1.54, -0.99, -0.14],
						"0.2333": [-9.88, -5.73, -5.32],
						"0.9333": {
							"pre": [-31.29322, -11.73754, 39.87347],
							"post": [-31.29322, -11.73754, 39.87347],
							"lerp_mode": "catmullrom"
						},
						"1.2667": {
							"post": [-31.29322, -11.73754, 39.87347],
							"lerp_mode": "catmullrom"
						},
						"2.1667": {
							"post": [-24.12, -8.39, -33.91],
							"lerp_mode": "catmullrom"
						},
						"2.3667": {
							"post": [-22.92, -11.41, -40.17],
							"lerp_mode": "catmullrom"
						},
						"3.0": {
							"post": [-23.76467, -9.42777, -35.50246],
							"lerp_mode": "catmullrom"
						},
						"3.2333": {
							"post": [-19.76467, -9.42777, -35.50246],
							"lerp_mode": "catmullrom"
						},
						"3.7": {
							"post": [-21.82, -13.7, -44.03],
							"lerp_mode": "catmullrom"
						},
						"3.9667": {
							"post": [-22.83, -16.26, -37.73],
							"lerp_mode": "catmullrom"
						},
						"4.3": [-0.65, 1.84, -8.49],
						"4.4667": [0.71, -0.04, -2.11],
						"4.6": [0.12, -0.18, 0.27],
						"4.7333": [0.02, -0.32, 0.28],
						"4.8333": [-0.01, -0.12, -0.36],
						"4.9333": [0, -0.02, -0.06],
						"5.0333": [0, 0, 0]
					},
					"position": {
						"0.0": [-0.08, -0.2, -0.21],
						"0.1667": [-0.45, -0.38, -0.84],
						"0.3667": {
							"pre": [-0.85, 0.45, -0.87],
							"post": [-0.85, 0.45, -0.87],
							"lerp_mode": "catmullrom"
						},
						"0.5667": {
							"post": [-0.91, 0.1, 0.08],
							"lerp_mode": "catmullrom"
						},
						"0.7667": {
							"post": [-0.94, 0.07, -0.1],
							"lerp_mode": "catmullrom"
						},
						"0.9667": {
							"post": [-0.94, 0.23, -0.13],
							"lerp_mode": "catmullrom"
						},
						"1.1667": {
							"post": [-0.94, 0.29, -0.14],
							"lerp_mode": "catmullrom"
						},
						"1.2667": [-0.94, 0.3, -0.22],
						"1.3667": {
							"pre": [-0.94, 0.24, -0.25],
							"post": [-0.94, 0.24, -0.25],
							"lerp_mode": "catmullrom"
						},
						"1.7333": {
							"post": [-0.94, 0.24, -0.25],
							"lerp_mode": "catmullrom"
						},
						"1.8667": [-0.94, 0.24, -0.25],
						"2.4333": {
							"pre": [1.06, -9.76, -5.25],
							"post": [1.06, -9.76, -5.25],
							"lerp_mode": "catmullrom"
						},
						"3.8": {
							"post": [1.06, -9.76, -5.25],
							"lerp_mode": "catmullrom"
						},
						"4.3": [-0.22, -1.01, -0.35],
						"4.4667": [-0.07, -0.72, -0.5],
						"4.6": [0, -0.12, 0.57],
						"4.7333": [0, -0.04, -0.07],
						"4.8333": [0, 0, -0.03],
						"4.9333": [0, 0, -0.01],
						"5.0333": [0, 0, 0]
					}
				},
				"camera": {
					"rotation": {
						"0.0": [0, 0, 0],
						"0.0667": [0.04, 0.01, -0.02],
						"0.1333": [0.1, 0.02, -0.04],
						"0.2": [0.17, 0.03, -0.06],
						"0.2667": [0.25, 0.05, -0.1],
						"0.3333": [0.35, 0.06, -0.16],
						"0.4": [0.47, 0.08, -0.24],
						"0.4667": [0.67, 0.08, -0.39],
						"0.5333": [0.92, 0.09, -0.6],
						"0.6": [1.18, 0.1, -0.82],
						"0.6333": [1.4, 0.11, -1.01],
						"0.6667": [1.54, 0.13, -1.12],
						"0.7": [1.53, 0.18, -1.12],
						"0.7333": [1.38, 0.24, -0.98],
						"0.7667": [1.28, 0.28, -0.9],
						"0.8": [1.33, 0.25, -0.95],
						"0.8333": [1.44, 0.19, -1.05],
						"0.8667": [1.54, 0.13, -1.12],
						"0.9": [1.57, 0.09, -1.15],
						"0.9333": [1.6, 0.04, -1.17],
						"0.9667": [1.63, 0, -1.19],
						"1.0": [1.65, -0.04, -1.19],
						"1.0333": [1.66, -0.06, -1.17],
						"1.0667": [1.64, -0.06, -1.15],
						"1.1": [1.59, -0.04, -1.11],
						"1.1333": [1.55, -0.01, -1.06],
						"1.1667": [1.54, 0.01, -1],
						"1.2": {
							"pre": [1.58, 0.01, -0.92],
							"post": [1.58, 0.01, -0.92],
							"lerp_mode": "catmullrom"
						},
						"1.2333": {
							"post": [2.06, -0.11, -0.57],
							"lerp_mode": "catmullrom"
						},
						"1.2667": {
							"post": [2.47, -0.25, -0.36],
							"lerp_mode": "catmullrom"
						},
						"1.3": {
							"post": [2.4, -0.28, -0.51],
							"lerp_mode": "catmullrom"
						},
						"1.3333": {
							"post": [2.19, -0.29, -0.8],
							"lerp_mode": "catmullrom"
						},
						"1.5": {
							"post": [1.96, -0.29, -1.1],
							"lerp_mode": "catmullrom"
						},
						"1.6333": {
							"post": [0, 0, 0],
							"lerp_mode": "catmullrom"
						},
						"2.0667": {
							"post": [0, 0, -0.25],
							"lerp_mode": "catmullrom"
						},
						"2.6667": {
							"post": [0, 0, 0],
							"lerp_mode": "catmullrom"
						},
						"3.2667": {
							"post": [0, 0, 0],
							"lerp_mode": "catmullrom"
						},
						"3.7333": [1.74, -0.11, -1.41],
						"3.8": [1.81, -0.07, -1.28],
						"3.8667": [1.92, -0.02, -1.11],
						"3.9333": [2, 0.02, -0.99],
						"4.0": [2.07, 0.05, -0.95],
						"4.0333": [2.13, 0.06, -0.94],
						"4.0667": [2.11, 0.04, -0.94],
						"4.1": [2.04, -0.04, -0.95],
						"4.1333": [1.94, -0.16, -0.99],
						"4.1667": [1.79, -0.27, -0.98],
						"4.2": [1.55, -0.32, -0.9],
						"4.2333": [1.25, -0.3, -0.72],
						"4.2667": [0.85, -0.24, -0.46],
						"4.3": [0.42, -0.17, -0.18],
						"4.3333": [0.06, -0.09, 0.07],
						"4.3667": [-0.17, -0.04, 0.2],
						"4.4": [-0.1, 0, 0],
						"4.4333": [0.16, 0, -0.29],
						"4.5": [0.1, 0, -0.22],
						"4.6": [-0.03, 0, -0.05],
						"4.7": [-0.12, 0, 0.08],
						"4.8": [-0.11, 0, 0.09],
						"4.9": [-0.08, 0, 0.06],
						"5.0": [-0.03, 0, 0.02],
						"5.1": [0, 0, 0]
					}
				},
				"ammotext_show_pos": {
					"scale": 0
				},
				"bone9": {
					"rotation": {
						"1.3333": [0, 0, 0],
						"1.3667": {
							"pre": [0, 0, 10],
							"post": [0, 0, 10],
							"lerp_mode": "catmullrom"
						},
						"1.4": {
							"post": [-5.7632, -24.3683, -6.25462],
							"lerp_mode": "catmullrom"
						},
						"1.4333": {
							"post": [6.88, -24.09, -36.47],
							"lerp_mode": "catmullrom"
						},
						"1.4667": {
							"post": [14.06315, -20.87899, -55.10401],
							"lerp_mode": "catmullrom"
						},
						"1.5": {
							"post": [23.65724, -8.31305, -91.74067],
							"lerp_mode": "catmullrom"
						},
						"1.5333": {
							"post": [24.97663, -1.05607, -107.73039],
							"lerp_mode": "catmullrom"
						}
					},
					"position": {
						"1.3333": [0, 0, 0],
						"1.3667": {
							"pre": [-12.54744, 5.43697, -0.75523],
							"post": [-12.54744, 5.43697, -0.75523],
							"lerp_mode": "catmullrom"
						},
						"1.4": {
							"post": [-18.06663, 8.9391, -1.08036],
							"lerp_mode": "catmullrom"
						},
						"1.4333": {
							"post": [-24.6575, 10.46271, -1.75885],
							"lerp_mode": "catmullrom"
						},
						"1.4667": {
							"post": [-31.18712, 7.88024, -2.428],
							"lerp_mode": "catmullrom"
						},
						"1.5": {
							"post": [-38.16093, 0.67221, -5.17194],
							"lerp_mode": "catmullrom"
						},
						"1.5333": {
							"post": [-39.28488, -14.41314, -7.26333],
							"lerp_mode": "catmullrom"
						},
						"1.5667": {
							"post": [-34.43542, -34.70026, -8.17389],
							"lerp_mode": "catmullrom"
						},
						"1.6": {
							"post": [-27.93939, -54.02926, -8.5193],
							"lerp_mode": "catmullrom"
						},
						"1.6333": {
							"post": [-19.44396, -71.04786, -8.06208],
							"lerp_mode": "catmullrom"
						}
					},
					"scale": {
						"1.6333": [1, 1, 1],
						"1.6667": [0, 0, 0]
					}
				}
			},
			"sound_effects": {
				"0.0": {
					"effect": "trisdyna:emx_sf7b/md4e"
				},
				"0.0667": {
					"effect": "trisdyna:emx_sf7b/p05_ar_schotel_inspect_handling"
				},
				"0.2667": {
					"effect": "trisdyna:emx_sf7b/p05_ar_schotel_reload_empty_end"
				},
				"1.0333": {
					"effect": "trisdyna:emx_sf7b/terg_reload_s"
				},
				"2.2": {
					"effect": "trisdyna:emx_sf7b/p05_ar_schotel_reload_end"
				},
				"3.1333": {
					"effect": "trisdyna:emx_sf7b/p05_ar_schotel_inspect_empty_boltback"
				},
				"3.5": {
					"effect": "trisdyna:emx_sf7b/emi_reload_2"
				},
				"4.0": {
					"effect": "trisdyna:emx_sf7b/p05_ar_schotel_inspect_raise"
				}
			}
		},
		"reload_empty": {
			"loop": true,
			"animation_length": 5.1,
			"bones": {
				"lefthand": {
					"rotation": {
						"0.0": [79.47125, -31.8137, -172.70649],
						"0.4333": {
							"pre": [44.47, -31.81, -172.71],
							"post": [44.47, -31.81, -172.71],
							"lerp_mode": "catmullrom"
						},
						"1.1667": {
							"post": [88.85631, -66.80697, -171.93809],
							"lerp_mode": "catmullrom"
						},
						"4.0667": {
							"post": [88.85631, -66.80697, -171.93809],
							"lerp_mode": "catmullrom"
						},
						"4.4667": [79.47125, -31.8137, -172.70649]
					},
					"position": {
						"0.0": [12.112, -13.819, -5.305],
						"0.4333": {
							"pre": [12.11, -28.82, -1.3],
							"post": [12.11, -28.82, -1.3],
							"lerp_mode": "catmullrom"
						},
						"1.1667": {
							"post": [8.11, -19.82, -0.3],
							"lerp_mode": "catmullrom"
						},
						"4.0667": {
							"post": [8.11, -19.82, -0.3],
							"lerp_mode": "catmullrom"
						},
						"4.4667": [12.112, -13.819, -5.305]
					},
					"scale": {
						"0.0": [1, 1.5, 1],
						"4.4667": [1, 1.5, 1]
					}
				},
				"righthand": {
					"rotation": [81.852, 2.196, -179.929],
					"position": [-6.558, -13.837, 3.326],
					"scale": [1, 1.5, 1]
				},
				"root": {
					"rotation": {
						"0.0": [-1.54, -0.99, -0.14],
						"0.2333": [-9.88, -5.73, -5.32],
						"0.9333": {
							"pre": [-31.29322, -11.73754, 39.87347],
							"post": [-31.29322, -11.73754, 39.87347],
							"lerp_mode": "catmullrom"
						},
						"1.2667": {
							"post": [-31.29322, -11.73754, 39.87347],
							"lerp_mode": "catmullrom"
						},
						"2.1667": {
							"post": [-24.12, -8.39, -33.91],
							"lerp_mode": "catmullrom"
						},
						"2.3667": {
							"post": [-22.92, -11.41, -40.17],
							"lerp_mode": "catmullrom"
						},
						"3.0": {
							"post": [-23.76467, -9.42777, -35.50246],
							"lerp_mode": "catmullrom"
						},
						"3.2333": {
							"post": [-19.76467, -9.42777, -35.50246],
							"lerp_mode": "catmullrom"
						},
						"3.7": {
							"post": [-21.82, -13.7, -44.03],
							"lerp_mode": "catmullrom"
						},
						"3.9667": {
							"post": [-22.83, -16.26, -37.73],
							"lerp_mode": "catmullrom"
						},
						"4.3": [-0.65, 1.84, -8.49],
						"4.4667": [0.71, -0.04, -2.11],
						"4.6": [0.12, -0.18, 0.27],
						"4.7333": [0.02, -0.32, 0.28],
						"4.8333": [-0.01, -0.12, -0.36],
						"4.9333": [0, -0.02, -0.06],
						"5.0333": [0, 0, 0]
					},
					"position": {
						"0.0": [-0.08, -0.2, -0.21],
						"0.1667": [-0.45, -0.38, -0.84],
						"0.3667": {
							"pre": [-0.85, 0.45, -0.87],
							"post": [-0.85, 0.45, -0.87],
							"lerp_mode": "catmullrom"
						},
						"0.5667": {
							"post": [-0.91, 0.1, 0.08],
							"lerp_mode": "catmullrom"
						},
						"0.7667": {
							"post": [-0.94, 0.07, -0.1],
							"lerp_mode": "catmullrom"
						},
						"0.9667": {
							"post": [-0.94, 0.23, -0.13],
							"lerp_mode": "catmullrom"
						},
						"1.1667": {
							"post": [-0.94, 0.29, -0.14],
							"lerp_mode": "catmullrom"
						},
						"1.2667": [-0.94, 0.3, -0.22],
						"1.3667": {
							"pre": [-0.94, 0.24, -0.25],
							"post": [-0.94, 0.24, -0.25],
							"lerp_mode": "catmullrom"
						},
						"1.7333": {
							"post": [-0.94, 0.24, -0.25],
							"lerp_mode": "catmullrom"
						},
						"1.8667": [-0.94, 0.24, -0.25],
						"2.4333": {
							"pre": [1.06, -9.76, -5.25],
							"post": [1.06, -9.76, -5.25],
							"lerp_mode": "catmullrom"
						},
						"3.8": {
							"post": [1.06, -9.76, -5.25],
							"lerp_mode": "catmullrom"
						},
						"4.3": [-0.22, -1.01, -0.35],
						"4.4667": [-0.07, -0.72, -0.5],
						"4.6": [0, -0.12, 0.57],
						"4.7333": [0, -0.04, -0.07],
						"4.8333": [0, 0, -0.03],
						"4.9333": [0, 0, -0.01],
						"5.0333": [0, 0, 0]
					}
				},
				"camera": {
					"rotation": {
						"0.0": [0, 0, 0],
						"0.0667": [0.04, 0.01, -0.02],
						"0.1333": [0.1, 0.02, -0.04],
						"0.2": [0.17, 0.03, -0.06],
						"0.2667": [0.25, 0.05, -0.1],
						"0.3333": [0.35, 0.06, -0.16],
						"0.4": [0.47, 0.08, -0.24],
						"0.4667": [0.67, 0.08, -0.39],
						"0.5333": [0.92, 0.09, -0.6],
						"0.6": [1.18, 0.1, -0.82],
						"0.6333": [1.4, 0.11, -1.01],
						"0.6667": [1.54, 0.13, -1.12],
						"0.7": [1.53, 0.18, -1.12],
						"0.7333": [1.38, 0.24, -0.98],
						"0.7667": [1.28, 0.28, -0.9],
						"0.8": [1.33, 0.25, -0.95],
						"0.8333": [1.44, 0.19, -1.05],
						"0.8667": [1.54, 0.13, -1.12],
						"0.9": [1.57, 0.09, -1.15],
						"0.9333": [1.6, 0.04, -1.17],
						"0.9667": [1.63, 0, -1.19],
						"1.0": [1.65, -0.04, -1.19],
						"1.0333": [1.66, -0.06, -1.17],
						"1.0667": [1.64, -0.06, -1.15],
						"1.1": [1.59, -0.04, -1.11],
						"1.1333": [1.55, -0.01, -1.06],
						"1.1667": [1.54, 0.01, -1],
						"1.2": {
							"pre": [1.58, 0.01, -0.92],
							"post": [1.58, 0.01, -0.92],
							"lerp_mode": "catmullrom"
						},
						"1.2333": {
							"post": [2.06, -0.11, -0.57],
							"lerp_mode": "catmullrom"
						},
						"1.2667": {
							"post": [2.47, -0.25, -0.36],
							"lerp_mode": "catmullrom"
						},
						"1.3": {
							"post": [2.4, -0.28, -0.51],
							"lerp_mode": "catmullrom"
						},
						"1.3333": {
							"post": [2.19, -0.29, -0.8],
							"lerp_mode": "catmullrom"
						},
						"1.5": {
							"post": [1.96, -0.29, -1.1],
							"lerp_mode": "catmullrom"
						},
						"1.6333": {
							"post": [0, 0, 0],
							"lerp_mode": "catmullrom"
						},
						"2.0667": {
							"post": [0, 0, -0.25],
							"lerp_mode": "catmullrom"
						},
						"2.6667": {
							"post": [0, 0, 0],
							"lerp_mode": "catmullrom"
						},
						"3.2667": {
							"post": [0, 0, 0],
							"lerp_mode": "catmullrom"
						},
						"3.7333": [1.74, -0.11, -1.41],
						"3.8": [1.81, -0.07, -1.28],
						"3.8667": [1.92, -0.02, -1.11],
						"3.9333": [2, 0.02, -0.99],
						"4.0": [2.07, 0.05, -0.95],
						"4.0333": [2.13, 0.06, -0.94],
						"4.0667": [2.11, 0.04, -0.94],
						"4.1": [2.04, -0.04, -0.95],
						"4.1333": [1.94, -0.16, -0.99],
						"4.1667": [1.79, -0.27, -0.98],
						"4.2": [1.55, -0.32, -0.9],
						"4.2333": [1.25, -0.3, -0.72],
						"4.2667": [0.85, -0.24, -0.46],
						"4.3": [0.42, -0.17, -0.18],
						"4.3333": [0.06, -0.09, 0.07],
						"4.3667": [-0.17, -0.04, 0.2],
						"4.4": [-0.1, 0, 0],
						"4.4333": [0.16, 0, -0.29],
						"4.5": [0.1, 0, -0.22],
						"4.6": [-0.03, 0, -0.05],
						"4.7": [-0.12, 0, 0.08],
						"4.8": [-0.11, 0, 0.09],
						"4.9": [-0.08, 0, 0.06],
						"5.0": [-0.03, 0, 0.02],
						"5.1": [0, 0, 0]
					}
				},
				"ammotext_show_pos": {
					"scale": 0
				},
				"bone9": {
					"rotation": {
						"1.3333": [0, 0, 0],
						"1.3667": {
							"pre": [0, 0, 10],
							"post": [0, 0, 10],
							"lerp_mode": "catmullrom"
						},
						"1.4": {
							"post": [-5.7632, -24.3683, -6.25462],
							"lerp_mode": "catmullrom"
						},
						"1.4333": {
							"post": [6.88, -24.09, -36.47],
							"lerp_mode": "catmullrom"
						},
						"1.4667": {
							"post": [14.06315, -20.87899, -55.10401],
							"lerp_mode": "catmullrom"
						},
						"1.5": {
							"post": [23.65724, -8.31305, -91.74067],
							"lerp_mode": "catmullrom"
						},
						"1.5333": {
							"post": [24.97663, -1.05607, -107.73039],
							"lerp_mode": "catmullrom"
						}
					},
					"position": {
						"1.3333": [0, 0, 0],
						"1.3667": {
							"pre": [-12.54744, 5.43697, -0.75523],
							"post": [-12.54744, 5.43697, -0.75523],
							"lerp_mode": "catmullrom"
						},
						"1.4": {
							"post": [-18.06663, 8.9391, -1.08036],
							"lerp_mode": "catmullrom"
						},
						"1.4333": {
							"post": [-24.6575, 10.46271, -1.75885],
							"lerp_mode": "catmullrom"
						},
						"1.4667": {
							"post": [-31.18712, 7.88024, -2.428],
							"lerp_mode": "catmullrom"
						},
						"1.5": {
							"post": [-38.16093, 0.67221, -5.17194],
							"lerp_mode": "catmullrom"
						},
						"1.5333": {
							"post": [-39.28488, -14.41314, -7.26333],
							"lerp_mode": "catmullrom"
						},
						"1.5667": {
							"post": [-34.43542, -34.70026, -8.17389],
							"lerp_mode": "catmullrom"
						},
						"1.6": {
							"post": [-27.93939, -54.02926, -8.5193],
							"lerp_mode": "catmullrom"
						},
						"1.6333": {
							"post": [-19.44396, -71.04786, -8.06208],
							"lerp_mode": "catmullrom"
						}
					},
					"scale": {
						"1.6333": [1, 1, 1],
						"1.6667": [0, 0, 0]
					}
				}
			},
			"sound_effects": {
				"0.0": {
					"effect": "trisdyna:emx_sf7b/md4e"
				},
				"0.0667": {
					"effect": "trisdyna:emx_sf7b/p05_ar_schotel_inspect_handling"
				},
				"0.2667": {
					"effect": "trisdyna:emx_sf7b/p05_ar_schotel_reload_empty_end"
				},
				"1.0333": {
					"effect": "trisdyna:emx_sf7b/terg_reload_s"
				},
				"2.2": {
					"effect": "trisdyna:emx_sf7b/p05_ar_schotel_reload_end"
				},
				"3.1333": {
					"effect": "trisdyna:emx_sf7b/p05_ar_schotel_inspect_empty_boltback"
				},
				"3.5": {
					"effect": "trisdyna:emx_sf7b/emi_reload_2"
				},
				"4.0": {
					"effect": "trisdyna:emx_sf7b/p05_ar_schotel_inspect_raise"
				}
			}
		},
		"inspect": {
			"animation_length": 7.2,
			"bones": {
				"m95_bolt": {
					"position": {
						"4.3": [0, 0, 0],
						"4.3667": [0, 0, 4.15],
						"4.4333": [0, 0, 4.5],
						"4.5667": [0, 0, 4.3],
						"4.7667": [0, 0, 4.15],
						"5.1": [0, 0, 4.175],
						"5.2": [0, 0, 0]
					}
				},
				"rotate": {
					"rotation": {
						"4.1667": [0, 0, 0],
						"4.2667": [0, 0, 50],
						"5.3": [0, 0, 50],
						"5.3667": [0, 0, 0]
					}
				},
				"l3": {
					"rotation": {
						"0.6": [0, 0, 0],
						"0.7333": [-3, 0, 0],
						"0.8667": [0, 0, 0],
						"1.0": [-2, 0, 0],
						"3.4333": [-2, 0, 0],
						"3.5667": [0, 0, 0],
						"3.7": [-2, 0, 0],
						"3.8333": [-0.75, 0, 0],
						"3.9333": [4.375, 0, 0],
						"4.1": [-1.025, 0, 0],
						"4.2333": [2.25, 0, 0],
						"4.3667": [1.25, 0, 0],
						"4.5667": [2.25, 0, 0],
						"4.7667": [0.25, 0, 0],
						"4.9333": [1.25, 0, 0],
						"5.1": [2.25, 0, 0],
						"5.2": [2.25, 0, 0],
						"5.3667": [-0.425, 0, 0],
						"5.5": [3.95, 0, 0],
						"5.6333": [0.6, 0, 0],
						"5.8": [1.75, 0, 0],
						"5.9333": [0, 0, 0],
						"6.1667": [0, 0, 0],
						"6.3": [-3, 0, 0],
						"6.4333": [-2, 0, 0],
						"6.5667": [0, 0, 0],
						"6.7333": [-1, 0, 0],
						"6.8667": [0, 0, 0]
					}
				},
				"shell_ejection": {
					"position": {
						"4.3": [0, 0, 0],
						"4.3667": [0, 0, 4.15],
						"4.4333": [0, 0, 4.5],
						"4.5667": [0, 0, 4.3],
						"4.7667": [0, 0, 4.15],
						"5.1": [0, 0, 4.175],
						"5.2": [0, 0, 0]
					}
				},
				"bullet": {
					"scale": 0
				},
				"root": {
					"rotation": {
						"0.0": {
							"post": [0, 0, 0],
							"lerp_mode": "catmullrom"
						},
						"0.1667": {
							"post": [-1.38509, -1.24434, 4.29497],
							"lerp_mode": "catmullrom"
						},
						"0.2667": {
							"post": [-1.39, -1.24, 4.29],
							"lerp_mode": "catmullrom"
						},
						"0.4": {
							"post": [-3.91, -4.41, -2.02],
							"lerp_mode": "catmullrom"
						},
						"0.6667": {
							"post": [-10.80252, -12.68944, -19.80615],
							"lerp_mode": "catmullrom"
						},
						"0.8667": {
							"post": [-11.67934, -12.73253, -20.88586],
							"lerp_mode": "catmullrom"
						},
						"1.0": {
							"post": [-10.42561, -13.0448, -21.82949],
							"lerp_mode": "catmullrom"
						},
						"1.2": {
							"post": [-10.56428, -12.85979, -20.82188],
							"lerp_mode": "catmullrom"
						},
						"1.8667": {
							"post": [-10.39, -12.99, -21.57],
							"lerp_mode": "catmullrom"
						},
						"2.0333": {
							"post": [-10.9146, -13.35759, -23.13092],
							"lerp_mode": "catmullrom"
						},
						"2.3": {
							"post": [-10.25634, -13.50926, -24.0715],
							"lerp_mode": "catmullrom"
						},
						"2.6667": {
							"post": [-10.31, -13.4275, -24.0075],
							"lerp_mode": "catmullrom"
						},
						"2.7667": {
							"post": [-10.01823, -12.01652, -22.39677],
							"lerp_mode": "catmullrom"
						},
						"3.0": {
							"post": [-6.0733, -2.55567, -8.68449],
							"lerp_mode": "catmullrom"
						},
						"3.1667": {
							"post": [-3.30816, -6.55161, -3.15758],
							"lerp_mode": "catmullrom"
						},
						"3.3": {
							"post": [-11.99539, -6.2465, 14.78107],
							"lerp_mode": "catmullrom"
						},
						"3.4": {
							"post": [-24.07317, -0.97391, 28.22222],
							"lerp_mode": "catmullrom"
						},
						"3.6": {
							"post": [-32.28365, 5.59754, 44.62545],
							"lerp_mode": "catmullrom"
						},
						"3.7": {
							"post": [-32.44664, 5.36815, 46.1821],
							"lerp_mode": "catmullrom"
						},
						"3.7667": {
							"post": [-31.38661, 6.16105, 47.33802],
							"lerp_mode": "catmullrom"
						},
						"3.9": {
							"post": [-31.60382, 7.93459, 52.29084],
							"lerp_mode": "catmullrom"
						},
						"4.1667": {
							"post": [-33.84674, 6.64885, 47.50441],
							"lerp_mode": "catmullrom"
						},
						"4.3333": {
							"post": [-31.80789, 9.10999, 51.06287],
							"lerp_mode": "catmullrom"
						},
						"4.5": {
							"post": [-33.34556, 7.01589, 47.88054],
							"lerp_mode": "catmullrom"
						},
						"4.7333": {
							"post": [-32.04707, 7.50249, 48.73097],
							"lerp_mode": "catmullrom"
						},
						"5.4": {
							"post": [-32.7588, 8.96748, 49.78305],
							"lerp_mode": "catmullrom"
						},
						"5.6": {
							"post": [-21.80021, -1.92924, 39.7835],
							"lerp_mode": "catmullrom"
						},
						"5.7333": {
							"post": [-11.32385, -8.47574, 19.6574],
							"lerp_mode": "catmullrom"
						},
						"5.8333": {
							"post": [-3.97708, -7.46886, 2.34726],
							"lerp_mode": "catmullrom"
						},
						"5.9": {
							"post": [-2.77467, -6.47288, 5.91111],
							"lerp_mode": "catmullrom"
						},
						"5.9667": {
							"post": [-1.20016, -5.6579, 3.74312],
							"lerp_mode": "catmullrom"
						},
						"6.1": {
							"post": [1.76605, -3.2563, 4.9369],
							"lerp_mode": "catmullrom"
						},
						"6.1667": {
							"post": [1.78811, -2.65564, 4.66491],
							"lerp_mode": "catmullrom"
						},
						"6.2667": {
							"post": [0.8, -0.92, 3.05],
							"lerp_mode": "catmullrom"
						},
						"6.3333": {
							"post": [-0.30298, 0.34027, -1.56498],
							"lerp_mode": "catmullrom"
						},
						"6.4667": {
							"post": [0.2321, 0.0577, 2.25602],
							"lerp_mode": "catmullrom"
						},
						"6.6667": {
							"post": [0, 0, 0],
							"lerp_mode": "catmullrom"
						}
					},
					"position": {
						"0.0": {
							"post": [0, 0, 0],
							"lerp_mode": "catmullrom"
						},
						"0.1667": {
							"post": [-0.2, -0.31, 0],
							"lerp_mode": "catmullrom"
						},
						"0.3": {
							"post": [-0.2, -0.81, 0],
							"lerp_mode": "catmullrom"
						},
						"0.4": {
							"post": [-0.18, -0.4, 0],
							"lerp_mode": "catmullrom"
						},
						"0.5": {
							"post": [-0.14, 0.42, 0],
							"lerp_mode": "catmullrom"
						},
						"0.6667": {
							"post": [0, 2.8, 0],
							"lerp_mode": "catmullrom"
						},
						"0.7667": {
							"post": [0, 3.3, 0],
							"lerp_mode": "catmullrom"
						},
						"0.9667": {
							"post": [0, 2, 0],
							"lerp_mode": "catmullrom"
						},
						"1.2667": {
							"post": [0, 2.1, 0],
							"lerp_mode": "catmullrom"
						},
						"1.8667": {
							"post": [0, 2.17, 0],
							"lerp_mode": "catmullrom"
						},
						"2.0": {
							"post": [-0.1, 2.37, 0],
							"lerp_mode": "catmullrom"
						},
						"2.6": {
							"post": [-0.14, 2.53, -0.02],
							"lerp_mode": "catmullrom"
						},
						"2.7667": {
							"post": [-0.1, 3.345, 0],
							"lerp_mode": "catmullrom"
						},
						"2.8667": {
							"post": [0.4, 2.38, -1.77],
							"lerp_mode": "catmullrom"
						},
						"3.0": {
							"post": [1.875, -0.58, -2.855],
							"lerp_mode": "catmullrom"
						},
						"3.1667": {
							"post": [3.25, -1.13, -3.83],
							"lerp_mode": "catmullrom"
						},
						"3.4": {
							"post": [5.905, 3.385, -5.895],
							"lerp_mode": "catmullrom"
						},
						"3.5": {
							"post": [7.58, 4.975, -8.215],
							"lerp_mode": "catmullrom"
						},
						"3.6": {
							"post": [8.74, 4.71, -7.795],
							"lerp_mode": "catmullrom"
						},
						"3.7": {
							"post": [8.8, 3.5, -8.125],
							"lerp_mode": "catmullrom"
						},
						"3.8333": {
							"post": [8.8, 3.4, -8.4],
							"lerp_mode": "catmullrom"
						},
						"3.9667": {
							"post": [8.925, 3.975, -8.65],
							"lerp_mode": "catmullrom"
						},
						"4.1333": {
							"post": [8.775, 4.03, -8.145],
							"lerp_mode": "catmullrom"
						},
						"4.2667": {
							"post": [8.78, 4.07, -8.345],
							"lerp_mode": "catmullrom"
						},
						"4.4": {
							"post": [8.85625, 4.0125, -8.875],
							"lerp_mode": "catmullrom"
						},
						"4.5333": {
							"post": [8.7175, 3.995, -8.56375],
							"lerp_mode": "catmullrom"
						},
						"4.8333": {
							"post": [8.585, 3.88125, -8.685],
							"lerp_mode": "catmullrom"
						},
						"5.4667": {
							"post": [7.93, 2.62, -8.015],
							"lerp_mode": "catmullrom"
						},
						"5.6333": {
							"post": [5.525, -1.04, -5.065],
							"lerp_mode": "catmullrom"
						},
						"5.7667": {
							"post": [3.235, -5.1, -4.215],
							"lerp_mode": "catmullrom"
						},
						"5.9333": {
							"post": [2.36, -4.48, -4.4],
							"lerp_mode": "catmullrom"
						},
						"6.1": {
							"post": [1.305, -1.125, -4.24],
							"lerp_mode": "catmullrom"
						},
						"6.2333": {
							"post": [0.79, 0.215, -2.5],
							"lerp_mode": "catmullrom"
						},
						"6.4": {
							"post": [0.125, -0.575, 0.275],
							"lerp_mode": "catmullrom"
						},
						"6.5": {
							"post": [0, -0.32875, -0.44],
							"lerp_mode": "catmullrom"
						},
						"6.6333": {
							"post": [0, -0.02, 0.17],
							"lerp_mode": "catmullrom"
						},
						"6.8": {
							"post": [0, 0, 0],
							"lerp_mode": "catmullrom"
						}
					}
				},
				"lefthand": {
					"rotation": {
						"0.0": [79.47125, -31.8137, -172.70649],
						"0.9333": {
							"pre": [129.47, -31.81, -172.71],
							"post": [129.47, -31.81, -172.71],
							"lerp_mode": "catmullrom"
						},
						"1.7": {
							"post": [134.47, -31.81, -172.71],
							"lerp_mode": "catmullrom"
						},
						"1.9667": {
							"post": [131.5244, -27.47952, -183.75014],
							"lerp_mode": "catmullrom"
						},
						"3.0333": {
							"post": [131.5244, -27.47952, -183.75014],
							"lerp_mode": "catmullrom"
						},
						"3.4667": {
							"post": [79.47125, -31.8137, -172.70649],
							"lerp_mode": "catmullrom"
						}
					},
					"position": {
						"0.0": [12.112, -13.819, -5.305],
						"0.9333": {
							"pre": [12.11, -15.32, -5.3],
							"post": [12.11, -15.32, -5.3],
							"lerp_mode": "catmullrom"
						},
						"1.9667": {
							"post": [12.11, -15.32, -5.3],
							"lerp_mode": "catmullrom"
						},
						"3.0333": {
							"post": [12.11, -15.32, -5.3],
							"lerp_mode": "catmullrom"
						},
						"3.4667": {
							"post": [12.112, -13.819, -5.305],
							"lerp_mode": "catmullrom"
						}
					},
					"scale": {
						"0.0": [1, 1.5, 1],
						"3.4667": {
							"pre": [1, 1.5, 1],
							"post": [1, 1.5, 1],
							"lerp_mode": "catmullrom"
						}
					}
				},
				"righthand": {
					"rotation": {
						"0.0": [81.852, 2.196, -179.929],
						"3.0": [81.852, 2.196, -179.929],
						"3.1667": {
							"pre": [130.64535, 29.38925, -184.23655],
							"post": [130.64535, 29.38925, -184.23655],
							"lerp_mode": "catmullrom"
						},
						"6.6": {
							"post": [130.64535, 29.38925, -184.23655],
							"lerp_mode": "catmullrom"
						},
						"7.1333": [81.852, 2.196, -179.929]
					},
					"position": {
						"0.0": [-6.558, -13.837, 3.326],
						"3.0": [-6.558, -13.837, 3.326],
						"3.1667": {
							"pre": [-6.558, -20.837, 5.326],
							"post": [-6.558, -20.837, 5.326],
							"lerp_mode": "catmullrom"
						},
						"6.6": {
							"post": [-6.558, -20.837, 5.326],
							"lerp_mode": "catmullrom"
						},
						"7.1333": [-6.558, -13.837, 3.326]
					},
					"scale": {
						"0.0": [1, 1.5, 1],
						"3.0": [1, 1.5, 1],
						"3.1667": {
							"pre": [1, 1.5, 1],
							"post": [1, 1.5, 1],
							"lerp_mode": "catmullrom"
						},
						"6.6": {
							"post": [1, 1.5, 1],
							"lerp_mode": "catmullrom"
						},
						"7.1333": [1, 1.5, 1]
					}
				},
				"camera": {
					"rotation": {
						"0.0": {
							"post": [0, 0, 0],
							"lerp_mode": "catmullrom"
						},
						"0.2667": {
							"post": [0.55, 0, 0],
							"lerp_mode": "catmullrom"
						},
						"0.6667": {
							"post": [-2.425, -0.25, -0.85],
							"lerp_mode": "catmullrom"
						},
						"0.8": {
							"post": [-2.21, -0.31, -0.65],
							"lerp_mode": "catmullrom"
						},
						"1.0": {
							"post": [-2.895, -0.38, -0.86],
							"lerp_mode": "catmullrom"
						},
						"1.3667": {
							"post": [-2.455, -0.25, -0.85],
							"lerp_mode": "catmullrom"
						},
						"1.7333": {
							"post": [4.925, 3.15, -1.425],
							"lerp_mode": "catmullrom"
						},
						"2.1": {
							"post": [6.075, 3.65, -1.425],
							"lerp_mode": "catmullrom"
						},
						"2.7333": {
							"post": [6.075, 3.85, -1.35],
							"lerp_mode": "catmullrom"
						},
						"3.1333": {
							"post": [1.525, 0, 0],
							"lerp_mode": "catmullrom"
						},
						"3.4": {
							"post": [0.955, -1.9, 1.35],
							"lerp_mode": "catmullrom"
						},
						"3.6333": {
							"post": [1.64, -1.97, 1.74],
							"lerp_mode": "catmullrom"
						},
						"3.7333": {
							"post": [2.11, -1.9, 2.025],
							"lerp_mode": "catmullrom"
						},
						"3.8667": {
							"post": [1.665, -1.83, 1.515],
							"lerp_mode": "catmullrom"
						},
						"4.0667": {
							"post": [2.14, -1.975, 1.85],
							"lerp_mode": "catmullrom"
						},
						"4.2333": {
							"post": [3.62, -2.97, 2.02],
							"lerp_mode": "catmullrom"
						},
						"4.3333": {
							"post": [4.83, -3.62, 2.94],
							"lerp_mode": "catmullrom"
						},
						"4.4333": {
							"post": [4.55, -3.96, 1.625],
							"lerp_mode": "catmullrom"
						},
						"4.5667": {
							"post": [5.36, -3.99, 2.385],
							"lerp_mode": "catmullrom"
						},
						"4.7333": {
							"post": [5.21, -4.01, 2.22],
							"lerp_mode": "catmullrom"
						},
						"4.9333": {
							"post": [5.24, -4.05, 1.775],
							"lerp_mode": "catmullrom"
						},
						"5.3667": {
							"post": [1.46, -3.3, 1.675],
							"lerp_mode": "catmullrom"
						},
						"5.7": {
							"post": [1.11, 0, 0],
							"lerp_mode": "catmullrom"
						},
						"6.0": {
							"post": [-1.3, 0, -0.775],
							"lerp_mode": "catmullrom"
						},
						"6.2333": {
							"post": [-1.3, 0, 0],
							"lerp_mode": "catmullrom"
						},
						"6.3667": {
							"post": [-0.15, 0, 0.15],
							"lerp_mode": "catmullrom"
						},
						"6.4667": {
							"post": [0.48, 0, 0.6],
							"lerp_mode": "catmullrom"
						},
						"6.6": {
							"post": [-0.22, 0, -0.525],
							"lerp_mode": "catmullrom"
						},
						"6.7667": {
							"post": [0, 0, 0],
							"lerp_mode": "catmullrom"
						}
					}
				}
			},
			"sound_effects": {
				"0.0667": {
					"effect": "tacz:m95/m95_inspect_raise"
				},
				"2.8": {
					"effect": "tacz:m95/m95_inspect_rotate"
				},
				"3.2667": {
					"effect": "tacz:m95/m95_inspect_shoulder"
				},
				"6.3": {
					"effect": "tacz:m95/m95_inspect_end"
				}
			}
		},
		"inspect_empty": {
			"animation_length": 7.2,
			"bones": {
				"m95_bolt": {
					"position": {
						"4.3": [0, 0, 0],
						"4.3667": [0, 0, 4.15],
						"4.4333": [0, 0, 4.5],
						"4.5667": [0, 0, 4.3],
						"4.7667": [0, 0, 4.15],
						"5.1": [0, 0, 4.175],
						"5.2": [0, 0, 0]
					}
				},
				"rotate": {
					"rotation": {
						"4.1667": [0, 0, 0],
						"4.2667": [0, 0, 50],
						"5.3": [0, 0, 50],
						"5.3667": [0, 0, 0]
					}
				},
				"l3": {
					"rotation": {
						"0.6": [0, 0, 0],
						"0.7333": [-3, 0, 0],
						"0.8667": [0, 0, 0],
						"1.0": [-2, 0, 0],
						"3.4333": [-2, 0, 0],
						"3.5667": [0, 0, 0],
						"3.7": [-2, 0, 0],
						"3.8333": [-0.75, 0, 0],
						"3.9333": [4.375, 0, 0],
						"4.1": [-1.025, 0, 0],
						"4.2333": [2.25, 0, 0],
						"4.3667": [1.25, 0, 0],
						"4.5667": [2.25, 0, 0],
						"4.7667": [0.25, 0, 0],
						"4.9333": [1.25, 0, 0],
						"5.1": [2.25, 0, 0],
						"5.2": [2.25, 0, 0],
						"5.3667": [-0.425, 0, 0],
						"5.5": [3.95, 0, 0],
						"5.6333": [0.6, 0, 0],
						"5.8": [1.75, 0, 0],
						"5.9333": [0, 0, 0],
						"6.1667": [0, 0, 0],
						"6.3": [-3, 0, 0],
						"6.4333": [-2, 0, 0],
						"6.5667": [0, 0, 0],
						"6.7333": [-1, 0, 0],
						"6.8667": [0, 0, 0]
					}
				},
				"shell_ejection": {
					"position": {
						"4.3": [0, 0, 0],
						"4.3667": [0, 0, 4.15],
						"4.4333": [0, 0, 4.5],
						"4.5667": [0, 0, 4.3],
						"4.7667": [0, 0, 4.15],
						"5.1": [0, 0, 4.175],
						"5.2": [0, 0, 0]
					}
				},
				"bullet": {
					"scale": 0
				},
				"root": {
					"rotation": {
						"0.0": {
							"post": [0, 0, 0],
							"lerp_mode": "catmullrom"
						},
						"0.1667": {
							"post": [-1.38509, -1.24434, 4.29497],
							"lerp_mode": "catmullrom"
						},
						"0.2667": {
							"post": [-1.39, -1.24, 4.29],
							"lerp_mode": "catmullrom"
						},
						"0.4": {
							"post": [-3.91, -4.41, -2.02],
							"lerp_mode": "catmullrom"
						},
						"0.6667": {
							"post": [-10.80252, -12.68944, -19.80615],
							"lerp_mode": "catmullrom"
						},
						"0.8667": {
							"post": [-11.67934, -12.73253, -20.88586],
							"lerp_mode": "catmullrom"
						},
						"1.0": {
							"post": [-10.42561, -13.0448, -21.82949],
							"lerp_mode": "catmullrom"
						},
						"1.2": {
							"post": [-10.56428, -12.85979, -20.82188],
							"lerp_mode": "catmullrom"
						},
						"1.8667": {
							"post": [-10.39, -12.99, -21.57],
							"lerp_mode": "catmullrom"
						},
						"2.0333": {
							"post": [-10.9146, -13.35759, -23.13092],
							"lerp_mode": "catmullrom"
						},
						"2.3": {
							"post": [-10.25634, -13.50926, -24.0715],
							"lerp_mode": "catmullrom"
						},
						"2.6667": {
							"post": [-10.31, -13.4275, -24.0075],
							"lerp_mode": "catmullrom"
						},
						"2.7667": {
							"post": [-10.01823, -12.01652, -22.39677],
							"lerp_mode": "catmullrom"
						},
						"3.0": {
							"post": [-6.0733, -2.55567, -8.68449],
							"lerp_mode": "catmullrom"
						},
						"3.1667": {
							"post": [-3.30816, -6.55161, -3.15758],
							"lerp_mode": "catmullrom"
						},
						"3.3": {
							"post": [-11.99539, -6.2465, 14.78107],
							"lerp_mode": "catmullrom"
						},
						"3.4": {
							"post": [-24.07317, -0.97391, 28.22222],
							"lerp_mode": "catmullrom"
						},
						"3.6": {
							"post": [-32.28365, 5.59754, 44.62545],
							"lerp_mode": "catmullrom"
						},
						"3.7": {
							"post": [-32.44664, 5.36815, 46.1821],
							"lerp_mode": "catmullrom"
						},
						"3.7667": {
							"post": [-31.38661, 6.16105, 47.33802],
							"lerp_mode": "catmullrom"
						},
						"3.9": {
							"post": [-31.60382, 7.93459, 52.29084],
							"lerp_mode": "catmullrom"
						},
						"4.1667": {
							"post": [-33.84674, 6.64885, 47.50441],
							"lerp_mode": "catmullrom"
						},
						"4.3333": {
							"post": [-31.80789, 9.10999, 51.06287],
							"lerp_mode": "catmullrom"
						},
						"4.5": {
							"post": [-33.34556, 7.01589, 47.88054],
							"lerp_mode": "catmullrom"
						},
						"4.7333": {
							"post": [-32.04707, 7.50249, 48.73097],
							"lerp_mode": "catmullrom"
						},
						"5.4": {
							"post": [-32.7588, 8.96748, 49.78305],
							"lerp_mode": "catmullrom"
						},
						"5.6": {
							"post": [-21.80021, -1.92924, 39.7835],
							"lerp_mode": "catmullrom"
						},
						"5.7333": {
							"post": [-11.32385, -8.47574, 19.6574],
							"lerp_mode": "catmullrom"
						},
						"5.8333": {
							"post": [-3.97708, -7.46886, 2.34726],
							"lerp_mode": "catmullrom"
						},
						"5.9": {
							"post": [-2.77467, -6.47288, 5.91111],
							"lerp_mode": "catmullrom"
						},
						"5.9667": {
							"post": [-1.20016, -5.6579, 3.74312],
							"lerp_mode": "catmullrom"
						},
						"6.1": {
							"post": [1.76605, -3.2563, 4.9369],
							"lerp_mode": "catmullrom"
						},
						"6.1667": {
							"post": [1.78811, -2.65564, 4.66491],
							"lerp_mode": "catmullrom"
						},
						"6.2667": {
							"post": [0.8, -0.92, 3.05],
							"lerp_mode": "catmullrom"
						},
						"6.3333": {
							"post": [-0.30298, 0.34027, -1.56498],
							"lerp_mode": "catmullrom"
						},
						"6.4667": {
							"post": [0.2321, 0.0577, 2.25602],
							"lerp_mode": "catmullrom"
						},
						"6.6667": {
							"post": [0, 0, 0],
							"lerp_mode": "catmullrom"
						}
					},
					"position": {
						"0.0": {
							"post": [0, 0, 0],
							"lerp_mode": "catmullrom"
						},
						"0.1667": {
							"post": [-0.2, -0.31, 0],
							"lerp_mode": "catmullrom"
						},
						"0.3": {
							"post": [-0.2, -0.81, 0],
							"lerp_mode": "catmullrom"
						},
						"0.4": {
							"post": [-0.18, -0.4, 0],
							"lerp_mode": "catmullrom"
						},
						"0.5": {
							"post": [-0.14, 0.42, 0],
							"lerp_mode": "catmullrom"
						},
						"0.6667": {
							"post": [0, 2.8, 0],
							"lerp_mode": "catmullrom"
						},
						"0.7667": {
							"post": [0, 3.3, 0],
							"lerp_mode": "catmullrom"
						},
						"0.9667": {
							"post": [0, 2, 0],
							"lerp_mode": "catmullrom"
						},
						"1.2667": {
							"post": [0, 2.1, 0],
							"lerp_mode": "catmullrom"
						},
						"1.8667": {
							"post": [0, 2.17, 0],
							"lerp_mode": "catmullrom"
						},
						"2.0": {
							"post": [-0.1, 2.37, 0],
							"lerp_mode": "catmullrom"
						},
						"2.6": {
							"post": [-0.14, 2.53, -0.02],
							"lerp_mode": "catmullrom"
						},
						"2.7667": {
							"post": [-0.1, 3.345, 0],
							"lerp_mode": "catmullrom"
						},
						"2.8667": {
							"post": [0.4, 2.38, -1.77],
							"lerp_mode": "catmullrom"
						},
						"3.0": {
							"post": [1.875, -0.58, -2.855],
							"lerp_mode": "catmullrom"
						},
						"3.1667": {
							"post": [3.25, -1.13, -3.83],
							"lerp_mode": "catmullrom"
						},
						"3.4": {
							"post": [5.905, 3.385, -5.895],
							"lerp_mode": "catmullrom"
						},
						"3.5": {
							"post": [7.58, 4.975, -8.215],
							"lerp_mode": "catmullrom"
						},
						"3.6": {
							"post": [8.74, 4.71, -7.795],
							"lerp_mode": "catmullrom"
						},
						"3.7": {
							"post": [8.8, 3.5, -8.125],
							"lerp_mode": "catmullrom"
						},
						"3.8333": {
							"post": [8.8, 3.4, -8.4],
							"lerp_mode": "catmullrom"
						},
						"3.9667": {
							"post": [8.925, 3.975, -8.65],
							"lerp_mode": "catmullrom"
						},
						"4.1333": {
							"post": [8.775, 4.03, -8.145],
							"lerp_mode": "catmullrom"
						},
						"4.2667": {
							"post": [8.78, 4.07, -8.345],
							"lerp_mode": "catmullrom"
						},
						"4.4": {
							"post": [8.85625, 4.0125, -8.875],
							"lerp_mode": "catmullrom"
						},
						"4.5333": {
							"post": [8.7175, 3.995, -8.56375],
							"lerp_mode": "catmullrom"
						},
						"4.8333": {
							"post": [8.585, 3.88125, -8.685],
							"lerp_mode": "catmullrom"
						},
						"5.4667": {
							"post": [7.93, 2.62, -8.015],
							"lerp_mode": "catmullrom"
						},
						"5.6333": {
							"post": [5.525, -1.04, -5.065],
							"lerp_mode": "catmullrom"
						},
						"5.7667": {
							"post": [3.235, -5.1, -4.215],
							"lerp_mode": "catmullrom"
						},
						"5.9333": {
							"post": [2.36, -4.48, -4.4],
							"lerp_mode": "catmullrom"
						},
						"6.1": {
							"post": [1.305, -1.125, -4.24],
							"lerp_mode": "catmullrom"
						},
						"6.2333": {
							"post": [0.79, 0.215, -2.5],
							"lerp_mode": "catmullrom"
						},
						"6.4": {
							"post": [0.125, -0.575, 0.275],
							"lerp_mode": "catmullrom"
						},
						"6.5": {
							"post": [0, -0.32875, -0.44],
							"lerp_mode": "catmullrom"
						},
						"6.6333": {
							"post": [0, -0.02, 0.17],
							"lerp_mode": "catmullrom"
						},
						"6.8": {
							"post": [0, 0, 0],
							"lerp_mode": "catmullrom"
						}
					}
				},
				"lefthand": {
					"rotation": {
						"0.0": [79.47125, -31.8137, -172.70649],
						"0.9333": {
							"pre": [129.47, -31.81, -172.71],
							"post": [129.47, -31.81, -172.71],
							"lerp_mode": "catmullrom"
						},
						"1.7": {
							"post": [134.47, -31.81, -172.71],
							"lerp_mode": "catmullrom"
						},
						"1.9667": {
							"post": [131.5244, -27.47952, -183.75014],
							"lerp_mode": "catmullrom"
						},
						"3.0333": {
							"post": [131.5244, -27.47952, -183.75014],
							"lerp_mode": "catmullrom"
						},
						"3.4667": {
							"post": [79.47125, -31.8137, -172.70649],
							"lerp_mode": "catmullrom"
						}
					},
					"position": {
						"0.0": [12.112, -13.819, -5.305],
						"0.9333": {
							"pre": [12.11, -15.32, -5.3],
							"post": [12.11, -15.32, -5.3],
							"lerp_mode": "catmullrom"
						},
						"1.9667": {
							"post": [12.11, -15.32, -5.3],
							"lerp_mode": "catmullrom"
						},
						"3.0333": {
							"post": [12.11, -15.32, -5.3],
							"lerp_mode": "catmullrom"
						},
						"3.4667": {
							"post": [12.112, -13.819, -5.305],
							"lerp_mode": "catmullrom"
						}
					},
					"scale": {
						"0.0": [1, 1.5, 1],
						"3.4667": {
							"pre": [1, 1.5, 1],
							"post": [1, 1.5, 1],
							"lerp_mode": "catmullrom"
						}
					}
				},
				"righthand": {
					"rotation": {
						"0.0": [81.852, 2.196, -179.929],
						"3.0": [81.852, 2.196, -179.929],
						"3.1667": {
							"pre": [130.64535, 29.38925, -184.23655],
							"post": [130.64535, 29.38925, -184.23655],
							"lerp_mode": "catmullrom"
						},
						"6.6": {
							"post": [130.64535, 29.38925, -184.23655],
							"lerp_mode": "catmullrom"
						},
						"7.1333": [81.852, 2.196, -179.929]
					},
					"position": {
						"0.0": [-6.558, -13.837, 3.326],
						"3.0": [-6.558, -13.837, 3.326],
						"3.1667": {
							"pre": [-6.558, -20.837, 5.326],
							"post": [-6.558, -20.837, 5.326],
							"lerp_mode": "catmullrom"
						},
						"6.6": {
							"post": [-6.558, -20.837, 5.326],
							"lerp_mode": "catmullrom"
						},
						"7.1333": [-6.558, -13.837, 3.326]
					},
					"scale": {
						"0.0": [1, 1.5, 1],
						"3.0": [1, 1.5, 1],
						"3.1667": {
							"pre": [1, 1.5, 1],
							"post": [1, 1.5, 1],
							"lerp_mode": "catmullrom"
						},
						"6.6": {
							"post": [1, 1.5, 1],
							"lerp_mode": "catmullrom"
						},
						"7.1333": [1, 1.5, 1]
					}
				},
				"camera": {
					"rotation": {
						"0.0": {
							"post": [0, 0, 0],
							"lerp_mode": "catmullrom"
						},
						"0.2667": {
							"post": [0.55, 0, 0],
							"lerp_mode": "catmullrom"
						},
						"0.6667": {
							"post": [-2.425, -0.25, -0.85],
							"lerp_mode": "catmullrom"
						},
						"0.8": {
							"post": [-2.21, -0.31, -0.65],
							"lerp_mode": "catmullrom"
						},
						"1.0": {
							"post": [-2.895, -0.38, -0.86],
							"lerp_mode": "catmullrom"
						},
						"1.3667": {
							"post": [-2.455, -0.25, -0.85],
							"lerp_mode": "catmullrom"
						},
						"1.7333": {
							"post": [4.925, 3.15, -1.425],
							"lerp_mode": "catmullrom"
						},
						"2.1": {
							"post": [6.075, 3.65, -1.425],
							"lerp_mode": "catmullrom"
						},
						"2.7333": {
							"post": [6.075, 3.85, -1.35],
							"lerp_mode": "catmullrom"
						},
						"3.1333": {
							"post": [1.525, 0, 0],
							"lerp_mode": "catmullrom"
						},
						"3.4": {
							"post": [0.955, -1.9, 1.35],
							"lerp_mode": "catmullrom"
						},
						"3.6333": {
							"post": [1.64, -1.97, 1.74],
							"lerp_mode": "catmullrom"
						},
						"3.7333": {
							"post": [2.11, -1.9, 2.025],
							"lerp_mode": "catmullrom"
						},
						"3.8667": {
							"post": [1.665, -1.83, 1.515],
							"lerp_mode": "catmullrom"
						},
						"4.0667": {
							"post": [2.14, -1.975, 1.85],
							"lerp_mode": "catmullrom"
						},
						"4.2333": {
							"post": [3.62, -2.97, 2.02],
							"lerp_mode": "catmullrom"
						},
						"4.3333": {
							"post": [4.83, -3.62, 2.94],
							"lerp_mode": "catmullrom"
						},
						"4.4333": {
							"post": [4.55, -3.96, 1.625],
							"lerp_mode": "catmullrom"
						},
						"4.5667": {
							"post": [5.36, -3.99, 2.385],
							"lerp_mode": "catmullrom"
						},
						"4.7333": {
							"post": [5.21, -4.01, 2.22],
							"lerp_mode": "catmullrom"
						},
						"4.9333": {
							"post": [5.24, -4.05, 1.775],
							"lerp_mode": "catmullrom"
						},
						"5.3667": {
							"post": [1.46, -3.3, 1.675],
							"lerp_mode": "catmullrom"
						},
						"5.7": {
							"post": [1.11, 0, 0],
							"lerp_mode": "catmullrom"
						},
						"6.0": {
							"post": [-1.3, 0, -0.775],
							"lerp_mode": "catmullrom"
						},
						"6.2333": {
							"post": [-1.3, 0, 0],
							"lerp_mode": "catmullrom"
						},
						"6.3667": {
							"post": [-0.15, 0, 0.15],
							"lerp_mode": "catmullrom"
						},
						"6.4667": {
							"post": [0.48, 0, 0.6],
							"lerp_mode": "catmullrom"
						},
						"6.6": {
							"post": [-0.22, 0, -0.525],
							"lerp_mode": "catmullrom"
						},
						"6.7667": {
							"post": [0, 0, 0],
							"lerp_mode": "catmullrom"
						}
					}
				}
			},
			"sound_effects": {
				"0.0667": {
					"effect": "tacz:m95/m95_inspect_raise"
				},
				"2.8": {
					"effect": "tacz:m95/m95_inspect_rotate"
				},
				"3.2667": {
					"effect": "tacz:m95/m95_inspect_shoulder"
				},
				"6.3": {
					"effect": "tacz:m95/m95_inspect_end"
				}
			}
		},
		"melee_stock": {
			"animation_length": 0.7083,
			"bones": {
				"root": {
					"rotation": {
						"0.0": {
							"post": [0, 0, 0],
							"lerp_mode": "catmullrom"
						},
						"0.0417": {
							"post": [-16.97003, -2.76041, 45.32806],
							"lerp_mode": "catmullrom"
						},
						"0.0833": [-68.37003, -2.76041, 71.32806],
						"0.125": {
							"pre": [-95.82022, -2.96281, 78.33389],
							"post": [-95.82022, -2.96281, 78.33389],
							"lerp_mode": "catmullrom"
						},
						"0.1458": {
							"post": [-94.24522, -6.23781, 81.53389],
							"lerp_mode": "catmullrom"
						},
						"0.1875": {
							"post": [-95.82022, -2.96281, 80.00889],
							"lerp_mode": "catmullrom"
						},
						"0.2292": {
							"post": [-95.49522, -3.78781, 80.00889],
							"lerp_mode": "catmullrom"
						},
						"0.2708": {
							"post": [-94.99522, -3.78781, 80.00889],
							"lerp_mode": "catmullrom"
						},
						"0.3125": {
							"post": [-80.39522, -3.78781, 75.90889],
							"lerp_mode": "catmullrom"
						},
						"0.4583": {
							"post": [-11.13679, -3.02335, 36.72959],
							"lerp_mode": "catmullrom"
						},
						"0.5417": {
							"post": [-1.07062, 1.22619, 0.89945],
							"lerp_mode": "catmullrom"
						},
						"0.5625": {
							"post": [0.27023, 0.30257, -0.60029],
							"lerp_mode": "catmullrom"
						},
						"0.6042": {
							"post": [0.2151, -0.25061, 0],
							"lerp_mode": "catmullrom"
						},
						"0.6458": [-0.175, 0.1, 0.25],
						"0.6875": [0, 0.25, 0],
						"0.7083": [0, 0, 0]
					},
					"position": {
						"0.0": {
							"post": [0, 0, 0],
							"lerp_mode": "catmullrom"
						},
						"0.0417": {
							"post": [-0.3, 0.6, -2.2],
							"lerp_mode": "catmullrom"
						},
						"0.0833": [-0.3, 0.6, 1.9],
						"0.125": {
							"pre": [-0.3, 1.2, -11.65],
							"post": [-0.3, 1.2, -11.65],
							"lerp_mode": "catmullrom"
						},
						"0.1458": {
							"post": [-0.2, 1.125, -8.6],
							"lerp_mode": "catmullrom"
						},
						"0.1875": {
							"post": [-0.3, 1.2, -8.675],
							"lerp_mode": "catmullrom"
						},
						"0.2292": [-0.25, 1.175, -8.6],
						"0.2708": [-0.25, 1.175, -8.6],
						"0.3125": {
							"pre": [-0.25, 1.175, -8.6],
							"post": [-0.25, 1.175, -8.6],
							"lerp_mode": "catmullrom"
						},
						"0.4583": {
							"post": [-0.25, 1.2, -2.975],
							"lerp_mode": "catmullrom"
						},
						"0.5417": {
							"post": [0.075, -0.075, -0.4],
							"lerp_mode": "catmullrom"
						},
						"0.5625": {
							"post": [0.15, -0.025, 0],
							"lerp_mode": "catmullrom"
						},
						"0.6042": {
							"post": [-0.025, -0.025, 0],
							"lerp_mode": "catmullrom"
						},
						"0.6458": [0, 0, 0],
						"0.6875": [0, 0, 0],
						"0.7083": [0, 0, 0]
					}
				},
				"camera": {
					"rotation": {
						"0.0": {
							"post": [0, 0, 0],
							"lerp_mode": "catmullrom"
						},
						"0.0417": {
							"post": [-1, 0.5, -1],
							"lerp_mode": "catmullrom"
						},
						"0.0833": {
							"post": [-0.5, -0.5, -0.5],
							"lerp_mode": "catmullrom"
						},
						"0.1458": {
							"post": [-0.5, 0.2, -0.5],
							"lerp_mode": "catmullrom"
						},
						"0.1875": {
							"post": [1.2, -2.7, 0],
							"lerp_mode": "catmullrom"
						},
						"0.2292": {
							"post": [-0.8, 0.2, -0.8],
							"lerp_mode": "catmullrom"
						},
						"0.2708": {
							"post": [0.6, -0.2, 0.4],
							"lerp_mode": "catmullrom"
						},
						"0.3125": {
							"post": [0, 0, 0],
							"lerp_mode": "catmullrom"
						},
						"0.3958": {
							"post": [0, 0, 0],
							"lerp_mode": "catmullrom"
						},
						"0.4583": {
							"post": [-0.275, 0.75, 0.25],
							"lerp_mode": "catmullrom"
						},
						"0.5208": {
							"post": [-0.6, 0.175, 0.15],
							"lerp_mode": "catmullrom"
						},
						"0.6042": {
							"post": [0.025, -0.025, 0],
							"lerp_mode": "catmullrom"
						},
						"0.625": {
							"post": [-0.025, 0.025, 0],
							"lerp_mode": "catmullrom"
						},
						"0.6667": {
							"post": [0, 0, 0],
							"lerp_mode": "catmullrom"
						},
						"0.6875": {
							"post": [0, 0, 0],
							"lerp_mode": "catmullrom"
						}
					},
					"position": {
						"0.1458": [0, 0, 0],
						"0.1875": {
							"pre": [0, 0, -0.2],
							"post": [0, 0, -0.2],
							"lerp_mode": "catmullrom"
						},
						"0.2292": {
							"post": [0, 0, 0.125],
							"lerp_mode": "catmullrom"
						},
						"0.2708": {
							"post": [0, 0, 0],
							"lerp_mode": "catmullrom"
						}
					}
				}
			}
		},
		"over_heat": {
			"animation_length": 3.55,
			"bones": {
				"root": {
					"rotation": {
						"0.0": {
							"post": [0, 0, 0],
							"lerp_mode": "catmullrom"
						},
						"0.15": {
							"post": [-12.5, 0, 0],
							"lerp_mode": "catmullrom"
						},
						"0.25": {
							"post": [-11.27726, -1.27668, 1.22274],
							"lerp_mode": "catmullrom"
						},
						"0.35": {
							"post": [-12.10495, 0.5563, 0.40792],
							"lerp_mode": "catmullrom"
						},
						"0.55": {
							"post": [-10.43262, -0.11066, -0.42414],
							"lerp_mode": "catmullrom"
						},
						"1.0": {
							"post": [-8.47915, -3.5426, 7.57594],
							"lerp_mode": "catmullrom"
						},
						"1.35": {
							"post": [-7.46616, -3.71711, 6.47411],
							"lerp_mode": "catmullrom"
						},
						"1.9": {
							"post": [-7.93631, -3.17025, 5.43034],
							"lerp_mode": "catmullrom"
						},
						"2.25": {
							"post": [-8.41113, -1.56127, 3.69567],
							"lerp_mode": "catmullrom"
						},
						"2.65": {
							"post": [-5.24389, -1.98501, 4.70728],
							"lerp_mode": "catmullrom"
						},
						"2.95": {
							"post": [-13.36, -0.13, 2.725],
							"lerp_mode": "catmullrom"
						},
						"3.1": {
							"post": [-1.76804, 0.40298, -0.29141],
							"lerp_mode": "catmullrom"
						},
						"3.25": {
							"post": [0.15, 0.36, 1.105],
							"lerp_mode": "catmullrom"
						},
						"3.3": {
							"post": [0.63, 0.23, -0.38],
							"lerp_mode": "catmullrom"
						},
						"3.45": {
							"post": [0.375, 0, 0],
							"lerp_mode": "catmullrom"
						},
						"3.55": {
							"post": [0, 0, 0],
							"lerp_mode": "catmullrom"
						}
					},
					"position": {
						"0.0": {
							"post": [0, 0, 0],
							"lerp_mode": "catmullrom"
						},
						"0.15": {
							"post": [0, 0, 0],
							"lerp_mode": "catmullrom"
						},
						"0.3": {
							"post": [0, -0.3, 0.745],
							"lerp_mode": "catmullrom"
						},
						"0.45": {
							"post": [-0.225, -0.375, 0.475],
							"lerp_mode": "catmullrom"
						},
						"0.6": {
							"post": [-0.22, -0.35, 0.35],
							"lerp_mode": "catmullrom"
						},
						"1.2": {
							"post": [-0.13, -0.56, 0.22],
							"lerp_mode": "catmullrom"
						},
						"2.1": {
							"post": [-0.015, -0.59, 0.05],
							"lerp_mode": "catmullrom"
						},
						"2.45": {
							"post": [-0.04, -2.105, 0.01],
							"lerp_mode": "catmullrom"
						},
						"2.6": {
							"post": [-0.05, -2.07, -0.01],
							"lerp_mode": "catmullrom"
						},
						"2.65": {
							"post": [-0.06, -1.405, 0],
							"lerp_mode": "catmullrom"
						},
						"2.8": {
							"post": [-0.07, 0.16, 0.16],
							"lerp_mode": "catmullrom"
						},
						"2.95": {
							"post": [-0.09, 0.8, 0.28],
							"lerp_mode": "catmullrom"
						},
						"3.1": {
							"post": [-0.11, 0.54, 0.015],
							"lerp_mode": "catmullrom"
						},
						"3.15": {
							"post": [-0.11, 0.36, -0.03],
							"lerp_mode": "catmullrom"
						},
						"3.25": {
							"post": [-0.11, -0.34, -0.035],
							"lerp_mode": "catmullrom"
						},
						"3.45": {
							"post": [-0.05, -0.005, -0.02],
							"lerp_mode": "catmullrom"
						},
						"3.55": {
							"post": [0, 0, 0],
							"lerp_mode": "catmullrom"
						}
					}
				},
				"camera": {
					"rotation": {
						"0.15": {
							"pre": [0, 0, 0],
							"post": [0, 0, 0],
							"lerp_mode": "catmullrom"
						},
						"0.3": {
							"post": [-0.205, 0, 0.725],
							"lerp_mode": "catmullrom"
						},
						"0.4": {
							"post": [-0.11, -0.03, 0.095],
							"lerp_mode": "catmullrom"
						},
						"0.55": {
							"post": [0.355, -0.1, 0.475],
							"lerp_mode": "catmullrom"
						},
						"0.8": {
							"post": [3, -0.325, 0.675],
							"lerp_mode": "catmullrom"
						},
						"1.05": {
							"post": [3.61, -0.325, 0.725],
							"lerp_mode": "catmullrom"
						},
						"1.35": {
							"post": [2.95, -0.525, 1.05],
							"lerp_mode": "catmullrom"
						},
						"1.6": {
							"post": [2.195, -0.59, 1.06],
							"lerp_mode": "catmullrom"
						},
						"1.9": {
							"post": [2.58, -0.625, 1.025],
							"lerp_mode": "catmullrom"
						},
						"2.25": {
							"post": [2.59, -0.425, 1.025],
							"lerp_mode": "catmullrom"
						},
						"2.5": {
							"post": [3.51, -0.425, 0.875],
							"lerp_mode": "catmullrom"
						},
						"2.7": {
							"post": [2.68, -0.425, 0.625],
							"lerp_mode": "catmullrom"
						},
						"3.1": {
							"post": [-0.255, 0, 0],
							"lerp_mode": "catmullrom"
						},
						"3.25": {
							"post": [0.255, 0.02, 0.53],
							"lerp_mode": "catmullrom"
						},
						"3.4": {
							"post": [0, 0, -0.3],
							"lerp_mode": "catmullrom"
						},
						"3.55": {
							"post": [0, 0, 0],
							"lerp_mode": "catmullrom"
						}
					}
				}
			},
			"sound_effects": {
				"0.0": {
					"effect": "trisdyna:tris_hot1"
				}
			}
		}
	}
}