{
	"format_version": "1.8.0",
	"animations": {
		"static_idle": {
			"animation_length": 0.1,
			"bones": {
				"lefthand": {
					"rotation": [99.10245, -28.39169, -137.40361],
					"position": [8.025, -11.85, -4.95],
					"scale": [1, 1.5, 1]
				},
				"righthand": {
					"rotation": [92.4939, 3.99619, -180.17476],
					"position": [-6.9, -14.125, 8.425],
					"scale": [1, 1.5, 1]
				},
				"bolt_release": {
					"rotation": [0, 0, 0]
				},
				"constraint": {
					"rotation": [0.1, 0.1, 0.1],
					"position": [0.1, 0.1, 0.35]
				}
			}
		},
		"static_bolt_caught": {
			"animation_length": 0.1,
			"bones": {
				"lefthand": {
					"rotation": [99.10245, -28.39169, -137.40361],
					"position": [8.025, -11.85, -4.95],
					"scale": [1, 1.5, 1]
				},
				"righthand": {
					"rotation": [92.4939, 3.99619, -180.17476],
					"position": [-6.9, -14.125, 8.425],
					"scale": [1, 1.5, 1]
				},
				"bullet": {
					"scale": 0
				},
				"bullet_in_mag": {
					"scale": 0
				},
				"bolt": {
					"position": [0, 0, 5]
				},
				"bolt_release": {
					"rotation": [0, 0, 15]
				}
			}
		},
		"draw": {
			"animation_length": 0.78431,
			"bones": {
				"lefthand": {
					"rotation": {
						"0.0": [92.44585, -22.23047, -119.50882],
						"0.1961": [99.10245, -28.39169, -137.40361]
					},
					"position": {
						"0.0": [15.57, -23.23, -4.95],
						"0.1961": [8.025, -11.85, -4.95]
					},
					"scale": [1, 1.5, 1]
				},
				"righthand": {
					"rotation": [92.4939, 3.99619, -180.17476],
					"position": [-6.9, -14.125, 8.425],
					"scale": [1, 1.5, 1]
				},
				"root": {
					"rotation": {
						"0.0": [11.65263, -27.91875, 35.6415],
						"0.3137": {
							"pre": [0.82459, -2.8871, 7.79742],
							"post": [0.82459, -2.8871, 7.79742],
							"lerp_mode": "catmullrom"
						},
						"0.549": {
							"post": [-0.065, -0.095, 0.79],
							"lerp_mode": "catmullrom"
						},
						"0.6667": {
							"post": [0, -0.03, 0.1],
							"lerp_mode": "catmullrom"
						},
						"0.7843": [0, 0, 0]
					},
					"position": {
						"0.0": [0.0625, -3.14062, 13.32813],
						"0.1961": {
							"pre": [0.275, -1.45, -0.38438],
							"post": [0.275, -1.45, -0.38438],
							"lerp_mode": "catmullrom"
						},
						"0.3529": {
							"post": [0.09, -0.56, -1.2],
							"lerp_mode": "catmullrom"
						},
						"0.4706": {
							"post": [-0.05, -0.075, 0.265],
							"lerp_mode": "catmullrom"
						},
						"0.5882": {
							"post": [0, 0, 0],
							"lerp_mode": "catmullrom"
						},
						"0.7451": {
							"post": [0, 0, 0],
							"lerp_mode": "catmullrom"
						}
					}
				},
				"camera": {
					"rotation": {
						"0.0": {
							"post": [0, 0, 0],
							"lerp_mode": "catmullrom"
						},
						"0.1961": {
							"post": [0.225, -0.2, -0.375],
							"lerp_mode": "catmullrom"
						},
						"0.4314": {
							"post": [-0.22, 0.15, 0.1],
							"lerp_mode": "catmullrom"
						},
						"0.5882": {
							"post": [0.03, 0, -0.02],
							"lerp_mode": "catmullrom"
						},
						"0.7451": {
							"post": [0, 0, 0],
							"lerp_mode": "catmullrom"
						}
					}
				}
			},
			"sound_effects": {
				"0.0": {
					"effect": "m4a1_raise_v2"
				}
			}
		},
		"put_away": {
			"animation_length": 0.53333,
			"bones": {
				"root": {
					"rotation": {
						"0.0": {
							"post": [0, 0, 0],
							"lerp_mode": "catmullrom"
						},
						"0.0667": {
							"post": [-0.51171, -3.6801, -4.19401],
							"lerp_mode": "catmullrom"
						},
						"0.1333": {
							"post": [4.36882, -11.73179, -10.29382],
							"lerp_mode": "catmullrom"
						},
						"0.2333": {
							"post": [12.74519, -20.93019, -6.8093],
							"lerp_mode": "catmullrom"
						},
						"0.4": {
							"post": [32.04283, -33.29116, -11.84847],
							"lerp_mode": "catmullrom"
						},
						"0.5": {
							"post": [49.81196, -45.49555, -15.70446],
							"lerp_mode": "catmullrom"
						}
					},
					"position": {
						"0.0": {
							"post": [0, 0, 0],
							"lerp_mode": "catmullrom"
						},
						"0.0667": {
							"post": [-0.45, -0.49, 0.28],
							"lerp_mode": "catmullrom"
						},
						"0.1333": {
							"post": [-0.67, -1.47, 0.34],
							"lerp_mode": "catmullrom"
						},
						"0.2333": {
							"post": [-0.435, -3.42, 0.06],
							"lerp_mode": "catmullrom"
						},
						"0.4": {
							"post": [0.92, -7.375, -0.335],
							"lerp_mode": "catmullrom"
						},
						"0.5333": {
							"post": [4.125, -13.425, -0.35],
							"lerp_mode": "catmullrom"
						}
					}
				},
				"lefthand": {
					"rotation": {
						"0.0": [99.10245, -28.39169, -137.40361],
						"0.2": [148.89318, -7.54994, -212.09431]
					},
					"position": {
						"0.0": [8.025, -11.85, -4.95],
						"0.1": [9.045, -11.335, -4.995],
						"0.2": [8.42, -9.395, -4.695]
					},
					"scale": [1, 1.5, 1]
				},
				"righthand": {
					"rotation": [92.4939, 3.99619, -180.17476],
					"position": [-6.9, -14.125, 8.425],
					"scale": [1, 1.5, 1]
				},
				"camera": {
					"rotation": {
						"0.0": {
							"post": [0, 0, 0],
							"lerp_mode": "catmullrom"
						},
						"0.1333": {
							"post": [0.3, 0, -0.125],
							"lerp_mode": "catmullrom"
						},
						"0.2333": {
							"post": [0.64, 0, 0.3],
							"lerp_mode": "catmullrom"
						},
						"0.3333": {
							"post": [0.5, 0, 0.15],
							"lerp_mode": "catmullrom"
						},
						"0.5": {
							"post": [0, 0, 0],
							"lerp_mode": "catmullrom"
						}
					}
				}
			},
			"sound_effects": {
				"0.1": {
					"effect": "p01_ar_mike4_drop"
				}
			}
		},
		"reload_tactical": {
			"animation_length": 2.3333,
			"bones": {
				"lefthand": {
					"rotation": {
						"0.0": [99.10245, -28.39169, -137.40361],
						"0.1": {
							"pre": [99.1, -28.39, -137.4],
							"post": [99.1, -28.39, -137.4],
							"lerp_mode": "catmullrom"
						},
						"0.2": {
							"post": [100.31175, -38.9876, -139.57508],
							"lerp_mode": "catmullrom"
						},
						"0.4333": {
							"post": [85.17283, 2.63043, -178.59904],
							"lerp_mode": "catmullrom"
						},
						"0.9": {
							"post": [85.17283, 2.63043, -178.59904],
							"lerp_mode": "catmullrom"
						},
						"0.9333": [86.01133, -17.67975, -99.41687],
						"1.2333": [86.01133, -17.67975, -99.41687],
						"1.5": [86.01133, -17.67975, -99.41687],
						"1.6": {
							"pre": [95.87634, -23.82565, -123.30512],
							"post": [95.87634, -23.82565, -123.30512],
							"lerp_mode": "catmullrom"
						},
						"1.7": {
							"post": [99.10245, -28.39169, -137.40361],
							"lerp_mode": "catmullrom"
						}
					},
					"position": {
						"0.0": [8.025, -11.85, -4.95],
						"0.1": [8.01827, -11.87966, -5.47403],
						"0.2": [18.63567, -20.33154, 1.41755],
						"0.4333": [11.305, -28.675, 23.45],
						"0.9": [11.305, -28.675, 23.45],
						"0.9333": [6.05, -17.205, 2.61],
						"1.2333": [6.575, -16.405, 2.61],
						"1.4333": [6.575, -16.405, 2.61],
						"1.5": [6.26, -17.205, 2.61],
						"1.5667": {
							"pre": [9.05, -17.205, 2.61],
							"post": [9.05, -17.205, 2.61],
							"lerp_mode": "catmullrom"
						},
						"1.6333": {
							"post": [9.5, -13.95, -0.19],
							"lerp_mode": "catmullrom"
						},
						"1.7": {
							"post": [8.025, -11.85, -4.95],
							"lerp_mode": "catmullrom"
						}
					},
					"scale": [1, 1.5, 1]
				},
				"righthand": {
					"rotation": {
						"0.0": [92.4939, 3.99619, -180.17476],
						"1.7333": [92.49, 4, -180.17]
					},
					"position": {
						"0.0": [-6.9, -14.125, 8.425],
						"1.7333": {
							"pre": [-6.9, -14.12, 8.43],
							"post": [-6.9, -14.12, 8.43],
							"lerp_mode": "catmullrom"
						},
						"1.9667": {
							"post": [-6.9, -14.125, 8.425],
							"lerp_mode": "catmullrom"
						}
					},
					"scale": [1, 1.5, 1]
				},
				"root": {
					"rotation": {
						"0.0": {
							"post": [0, 0, 0],
							"lerp_mode": "catmullrom"
						},
						"0.1": {
							"post": [-3.24, -1.28, -1.66],
							"lerp_mode": "catmullrom"
						},
						"0.1667": {
							"post": [-1.22602, -1.98699, 9.54848],
							"lerp_mode": "catmullrom"
						},
						"0.2": {
							"post": [-0.83433, -2.37009, 18.91092],
							"lerp_mode": "catmullrom"
						},
						"0.2333": {
							"post": [-0.58444, -2.70769, 28.33281],
							"lerp_mode": "catmullrom"
						},
						"0.3": {
							"post": [-0.73487, -3.45148, 26.82664],
							"lerp_mode": "catmullrom"
						},
						"0.3667": {
							"post": [-9.85, -0.28, -24.255],
							"lerp_mode": "catmullrom"
						},
						"0.4": {
							"post": [-13.92455, 0.79241, -38.84884],
							"lerp_mode": "catmullrom"
						},
						"0.4667": {
							"post": [-16.37264, -2.00707, -43.27927],
							"lerp_mode": "catmullrom"
						},
						"0.5667": {
							"post": [-17.54955, -4.52082, -36.08161],
							"lerp_mode": "catmullrom"
						},
						"0.6667": {
							"post": [-18.70151, -4.40429, -32.66848],
							"lerp_mode": "catmullrom"
						},
						"0.7667": {
							"post": [-19.08127, -4.06214, -28.29379],
							"lerp_mode": "catmullrom"
						},
						"0.9333": {
							"post": [-15.63, -4.18, -33.175],
							"lerp_mode": "catmullrom"
						},
						"1.0667": {
							"post": [-15.72172, -2.86761, -33.25168],
							"lerp_mode": "catmullrom"
						},
						"1.2333": {
							"post": [-17.86625, -6.70691, -42.9336],
							"lerp_mode": "catmullrom"
						},
						"1.3333": {
							"post": [-15.97554, -4.4902, -43.45699],
							"lerp_mode": "catmullrom"
						},
						"1.3667": {
							"post": [-14.34425, -3.09249, -35.49442],
							"lerp_mode": "catmullrom"
						},
						"1.4": {
							"post": [-16.06862, -4.66605, -37.57407],
							"lerp_mode": "catmullrom"
						},
						"1.4667": {
							"post": [-14.69313, -3.11145, -32.3039],
							"lerp_mode": "catmullrom"
						},
						"1.5333": {
							"post": [-10.88, -4.24, -29.045],
							"lerp_mode": "catmullrom"
						},
						"1.6333": {
							"post": [-7.95046, -3.54216, -0.80782],
							"lerp_mode": "catmullrom"
						},
						"1.7667": {
							"post": [3.11693, -1.05943, 3.30619],
							"lerp_mode": "catmullrom"
						},
						"1.8667": {
							"post": [0.57, 0.55, -2.295],
							"lerp_mode": "catmullrom"
						},
						"1.9333": {
							"post": [-0.5, -1.225, 1.2],
							"lerp_mode": "catmullrom"
						},
						"2.0667": {
							"post": [0, 0, 0.05],
							"lerp_mode": "catmullrom"
						},
						"2.2": {
							"post": [0, 0, -0.09],
							"lerp_mode": "catmullrom"
						},
						"2.3333": {
							"post": [0, 0, 0],
							"lerp_mode": "catmullrom"
						}
					},
					"position": {
						"0.0": {
							"post": [0, 0, 0],
							"lerp_mode": "catmullrom"
						},
						"0.1": {
							"post": [0.12, -0.17, 0.225],
							"lerp_mode": "catmullrom"
						},
						"0.1667": {
							"post": [-0.645, -0.61, 0.74],
							"lerp_mode": "catmullrom"
						},
						"0.2333": {
							"post": [-1.335, -0.63, 1.225],
							"lerp_mode": "catmullrom"
						},
						"0.3333": {
							"post": [-1.035, 0.195, 1.475],
							"lerp_mode": "catmullrom"
						},
						"0.4": {
							"post": [-0.16, 0.52, 1.1],
							"lerp_mode": "catmullrom"
						},
						"0.5": {
							"post": [0.075, 0.345, 0.645],
							"lerp_mode": "catmullrom"
						},
						"0.5667": {
							"post": [0.28, 0.23, 0.42],
							"lerp_mode": "catmullrom"
						},
						"0.6": {
							"post": [0.475, 0.095, 0.47],
							"lerp_mode": "catmullrom"
						},
						"0.7333": {
							"post": [0.77, -0.525, 0.655],
							"lerp_mode": "catmullrom"
						},
						"0.8333": {
							"post": [0.855, -0.59, 0.81],
							"lerp_mode": "catmullrom"
						},
						"0.9667": {
							"post": [0.62, -0.49, 0.655],
							"lerp_mode": "catmullrom"
						},
						"1.0667": {
							"post": [0.405, -0.075, 0.38],
							"lerp_mode": "catmullrom"
						},
						"1.2333": [0.26, 0.235, 0.185],
						"1.3333": [0.115, 0.23, 0.185],
						"1.4": {
							"pre": [0.485, -0.83, 0.185],
							"post": [0.485, -0.83, 0.185],
							"lerp_mode": "catmullrom"
						},
						"1.5": {
							"post": [0.255, -0.68, 0.185],
							"lerp_mode": "catmullrom"
						},
						"1.5667": {
							"post": [0.375, -0.62, -0.04],
							"lerp_mode": "catmullrom"
						},
						"1.7333": {
							"post": [0.27, -1.72, -0.9],
							"lerp_mode": "catmullrom"
						},
						"1.8667": {
							"post": [-0.07, -0.12, 0.595],
							"lerp_mode": "catmullrom"
						},
						"1.9667": {
							"post": [-0.07, 0.07, -0.05625],
							"lerp_mode": "catmullrom"
						},
						"2.1": {
							"post": [0, 0.055, 0.055],
							"lerp_mode": "catmullrom"
						},
						"2.3": {
							"post": [0, 0, 0],
							"lerp_mode": "catmullrom"
						}
					}
				},
				"mag_and_lefthand": {
					"rotation": {
						"0.0": [0, 0, 0],
						"0.9": {
							"pre": [0, 0, 0],
							"post": [-1.5, 0, 0]
						},
						"1.0333": [-35.53512, -24.39375, -13.65478],
						"1.1667": [-10.13685, -1.53119, -1.58329],
						"1.3333": [0, 0, 0]
					},
					"position": {
						"0.0": [0, 0, 0],
						"0.9": {
							"pre": [0, 0, 0],
							"post": [0, -16.12, 2.26]
						},
						"1.0333": [2.42, -8.24, -2.9],
						"1.1667": [0.295, -3.495, -0.89],
						"1.2333": [0.17, -3.395, -0.465],
						"1.3333": [0, -3.325, 0],
						"1.3667": [0, 0, 0]
					}
				},
				"mag_and_bullet": {
					"rotation": {
						"0.3667": [0, 0, 0],
						"0.5": [-12.5, -5, -143.94],
						"0.6667": [6.71216, -0.48552, -228.01498],
						"0.7667": [0, 0, -275.24],
						"0.9": {
							"pre": [0, 0, 2.26],
							"post": [0, 0, 0]
						}
					},
					"position": {
						"0.3": [0, 0, 0],
						"0.3667": [0.05, -0.83, -0.01],
						"0.5": [4.20825, -10.97516, -5.06901],
						"0.5667": [7.55006, -14.96268, -5.96782],
						"0.6333": [8.77993, -21.77805, -6.21685],
						"0.8333": [6.96066, -62.13778, -0.01632],
						"0.9": {
							"pre": [0, -58.38, -0.5],
							"post": [0, 0, 0]
						}
					}
				},
				"mag_release": {
					"position": {
						"0.2667": [0, 0, 0],
						"0.3": [0.13125, 0, 0],
						"0.6": [0.13125, 0, 0],
						"0.6667": [0, 0, 0],
						"1.3333": [0, 0, 0],
						"1.3667": [0.13125, 0, 0],
						"1.4333": [0.13125, 0, 0],
						"1.4667": [0, 0, 0]
					}
				},
				"camera": {
					"rotation": {
						"0.0": {
							"post": [0, 0, 0],
							"lerp_mode": "catmullrom"
						},
						"0.2333": {
							"post": [1.7, 0.425, 0],
							"lerp_mode": "catmullrom"
						},
						"0.3333": {
							"post": [1.445, -0.14, -2.145],
							"lerp_mode": "catmullrom"
						},
						"0.4333": {
							"post": [-1.075, -0.975, -0.975],
							"lerp_mode": "catmullrom"
						},
						"0.5667": {
							"post": [-0.76, -0.91, -1.85],
							"lerp_mode": "catmullrom"
						},
						"0.6667": {
							"post": [0.6, -0.575, -1.225],
							"lerp_mode": "catmullrom"
						},
						"0.8667": {
							"post": [1.2, 0.12, -0.975],
							"lerp_mode": "catmullrom"
						},
						"1.0333": {
							"post": [1.555, 0.275, -0.275],
							"lerp_mode": "catmullrom"
						},
						"1.3333": {
							"post": [1.46, -0.08, -0.56],
							"lerp_mode": "catmullrom"
						},
						"1.4": {
							"post": [2.235, -0.145, 0.575],
							"lerp_mode": "catmullrom"
						},
						"1.5": {
							"post": [1.41, -0.16, -1.285],
							"lerp_mode": "catmullrom"
						},
						"1.6333": {
							"post": [1.435, -0.17, 0.28],
							"lerp_mode": "catmullrom"
						},
						"1.7667": {
							"post": [0.815, -0.18, 0.11],
							"lerp_mode": "catmullrom"
						},
						"1.9": {
							"post": [-0.325, 0, -0.225],
							"lerp_mode": "catmullrom"
						},
						"1.9667": {
							"post": [0.12, 0.01, 0.33],
							"lerp_mode": "catmullrom"
						},
						"2.0667": {
							"post": [-0.125, 0, -0.175],
							"lerp_mode": "catmullrom"
						},
						"2.1667": {
							"post": [0.06, 0, 0.05],
							"lerp_mode": "catmullrom"
						},
						"2.3": {
							"post": [0, 0, 0],
							"lerp_mode": "catmullrom"
						}
					}
				}
			},
			"sound_effects": {
				"0.1333": {
					"effect": "p01_ar_mike16_reload_empty_fast_rattle"
				},
				"0.3": {
					"effect": "p01_ar_mike16_reload_fast_magout"
				},
				"0.9333": {
					"effect": "iw8_phys_mag_drop_ar_poly_dirt_02"
				},
				"1.0": {
					"effect": "p01_ar_mike16_reload_empty_fast_end"
				},
				"1.1333": {
					"effect": "p01_ar_mike16_reload_magin"
				}
			}
		},
		"reload_empty": {
			"animation_length": 2.3333,
			"bones": {
				"lefthand": {
					"rotation": {
						"0.0": [99.10245, -28.39169, -137.40361],
						"0.1": {
							"pre": [99.1, -28.39, -137.4],
							"post": [99.1, -28.39, -137.4],
							"lerp_mode": "catmullrom"
						},
						"0.2": {
							"post": [100.31175, -38.9876, -139.57508],
							"lerp_mode": "catmullrom"
						},
						"0.4333": {
							"post": [85.17283, 2.63043, -178.59904],
							"lerp_mode": "catmullrom"
						},
						"0.9": {
							"post": [85.17283, 2.63043, -178.59904],
							"lerp_mode": "catmullrom"
						},
						"0.9333": [86.01133, -17.67975, -99.41687],
						"1.2333": [86.01133, -17.67975, -99.41687],
						"1.5": [86.01133, -17.67975, -99.41687],
						"1.6": {
							"pre": [95.87634, -23.82565, -123.30512],
							"post": [95.87634, -23.82565, -123.30512],
							"lerp_mode": "catmullrom"
						},
						"1.7": {
							"post": [99.10245, -28.39169, -137.40361],
							"lerp_mode": "catmullrom"
						}
					},
					"position": {
						"0.0": [8.025, -11.85, -4.95],
						"0.1": [8.01827, -11.87966, -5.47403],
						"0.2": [18.63567, -20.33154, 1.41755],
						"0.4333": [11.305, -28.675, 23.45],
						"0.9": [11.305, -28.675, 23.45],
						"0.9333": [6.05, -17.205, 2.61],
						"1.2333": [6.575, -16.405, 2.61],
						"1.4333": [6.575, -16.405, 2.61],
						"1.5": [6.26, -17.205, 2.61],
						"1.5667": {
							"pre": [9.05, -17.205, 2.61],
							"post": [9.05, -17.205, 2.61],
							"lerp_mode": "catmullrom"
						},
						"1.6333": {
							"post": [9.5, -13.95, -0.19],
							"lerp_mode": "catmullrom"
						},
						"1.7": {
							"post": [8.025, -11.85, -4.95],
							"lerp_mode": "catmullrom"
						}
					},
					"scale": [1, 1.5, 1]
				},
				"righthand": {
					"rotation": {
						"0.0": [92.4939, 3.99619, -180.17476],
						"1.7333": [92.49, 4, -180.17]
					},
					"position": {
						"0.0": [-6.9, -14.125, 8.425],
						"1.7333": {
							"pre": [-6.9, -14.12, 8.43],
							"post": [-6.9, -14.12, 8.43],
							"lerp_mode": "catmullrom"
						},
						"1.9667": {
							"post": [-6.9, -14.125, 8.425],
							"lerp_mode": "catmullrom"
						}
					},
					"scale": [1, 1.5, 1]
				},
				"root": {
					"rotation": {
						"0.0": {
							"post": [0, 0, 0],
							"lerp_mode": "catmullrom"
						},
						"0.1": {
							"post": [-3.24, -1.28, -1.66],
							"lerp_mode": "catmullrom"
						},
						"0.1667": {
							"post": [-1.22602, -1.98699, 9.54848],
							"lerp_mode": "catmullrom"
						},
						"0.2": {
							"post": [-0.83433, -2.37009, 18.91092],
							"lerp_mode": "catmullrom"
						},
						"0.2333": {
							"post": [-0.58444, -2.70769, 28.33281],
							"lerp_mode": "catmullrom"
						},
						"0.3": {
							"post": [-0.73487, -3.45148, 26.82664],
							"lerp_mode": "catmullrom"
						},
						"0.3667": {
							"post": [-9.85, -0.28, -24.255],
							"lerp_mode": "catmullrom"
						},
						"0.4": {
							"post": [-13.92455, 0.79241, -38.84884],
							"lerp_mode": "catmullrom"
						},
						"0.4667": {
							"post": [-16.37264, -2.00707, -43.27927],
							"lerp_mode": "catmullrom"
						},
						"0.5667": {
							"post": [-17.54955, -4.52082, -36.08161],
							"lerp_mode": "catmullrom"
						},
						"0.6667": {
							"post": [-18.70151, -4.40429, -32.66848],
							"lerp_mode": "catmullrom"
						},
						"0.7667": {
							"post": [-19.08127, -4.06214, -28.29379],
							"lerp_mode": "catmullrom"
						},
						"0.9333": {
							"post": [-15.63, -4.18, -33.175],
							"lerp_mode": "catmullrom"
						},
						"1.0667": {
							"post": [-15.72172, -2.86761, -33.25168],
							"lerp_mode": "catmullrom"
						},
						"1.2333": {
							"post": [-17.86625, -6.70691, -42.9336],
							"lerp_mode": "catmullrom"
						},
						"1.3333": {
							"post": [-15.97554, -4.4902, -43.45699],
							"lerp_mode": "catmullrom"
						},
						"1.3667": {
							"post": [-14.34425, -3.09249, -35.49442],
							"lerp_mode": "catmullrom"
						},
						"1.4": {
							"post": [-16.06862, -4.66605, -37.57407],
							"lerp_mode": "catmullrom"
						},
						"1.4667": {
							"post": [-14.69313, -3.11145, -32.3039],
							"lerp_mode": "catmullrom"
						},
						"1.5333": {
							"post": [-10.88, -4.24, -29.045],
							"lerp_mode": "catmullrom"
						},
						"1.6333": {
							"post": [-7.95046, -3.54216, -0.80782],
							"lerp_mode": "catmullrom"
						},
						"1.7667": {
							"post": [3.11693, -1.05943, 3.30619],
							"lerp_mode": "catmullrom"
						},
						"1.8667": {
							"post": [0.57, 0.55, -2.295],
							"lerp_mode": "catmullrom"
						},
						"1.9333": {
							"post": [-0.5, -1.225, 1.2],
							"lerp_mode": "catmullrom"
						},
						"2.0667": {
							"post": [0, 0, 0.05],
							"lerp_mode": "catmullrom"
						},
						"2.2": {
							"post": [0, 0, -0.09],
							"lerp_mode": "catmullrom"
						},
						"2.3333": {
							"post": [0, 0, 0],
							"lerp_mode": "catmullrom"
						}
					},
					"position": {
						"0.0": {
							"post": [0, 0, 0],
							"lerp_mode": "catmullrom"
						},
						"0.1": {
							"post": [0.12, -0.17, 0.225],
							"lerp_mode": "catmullrom"
						},
						"0.1667": {
							"post": [-0.645, -0.61, 0.74],
							"lerp_mode": "catmullrom"
						},
						"0.2333": {
							"post": [-1.335, -0.63, 1.225],
							"lerp_mode": "catmullrom"
						},
						"0.3333": {
							"post": [-1.035, 0.195, 1.475],
							"lerp_mode": "catmullrom"
						},
						"0.4": {
							"post": [-0.16, 0.52, 1.1],
							"lerp_mode": "catmullrom"
						},
						"0.5": {
							"post": [0.075, 0.345, 0.645],
							"lerp_mode": "catmullrom"
						},
						"0.5667": {
							"post": [0.28, 0.23, 0.42],
							"lerp_mode": "catmullrom"
						},
						"0.6": {
							"post": [0.475, 0.095, 0.47],
							"lerp_mode": "catmullrom"
						},
						"0.7333": {
							"post": [0.77, -0.525, 0.655],
							"lerp_mode": "catmullrom"
						},
						"0.8333": {
							"post": [0.855, -0.59, 0.81],
							"lerp_mode": "catmullrom"
						},
						"0.9667": {
							"post": [0.62, -0.49, 0.655],
							"lerp_mode": "catmullrom"
						},
						"1.0667": {
							"post": [0.405, -0.075, 0.38],
							"lerp_mode": "catmullrom"
						},
						"1.2333": [0.26, 0.235, 0.185],
						"1.3333": [0.115, 0.23, 0.185],
						"1.4": {
							"pre": [0.485, -0.83, 0.185],
							"post": [0.485, -0.83, 0.185],
							"lerp_mode": "catmullrom"
						},
						"1.5": {
							"post": [0.255, -0.68, 0.185],
							"lerp_mode": "catmullrom"
						},
						"1.5667": {
							"post": [0.375, -0.62, -0.04],
							"lerp_mode": "catmullrom"
						},
						"1.7333": {
							"post": [0.27, -1.72, -0.9],
							"lerp_mode": "catmullrom"
						},
						"1.8667": {
							"post": [-0.07, -0.12, 0.595],
							"lerp_mode": "catmullrom"
						},
						"1.9667": {
							"post": [-0.07, 0.07, -0.05625],
							"lerp_mode": "catmullrom"
						},
						"2.1": {
							"post": [0, 0.055, 0.055],
							"lerp_mode": "catmullrom"
						},
						"2.3": {
							"post": [0, 0, 0],
							"lerp_mode": "catmullrom"
						}
					}
				},
				"mag_and_lefthand": {
					"rotation": {
						"0.0": [0, 0, 0],
						"0.9": {
							"pre": [0, 0, 0],
							"post": [-1.5, 0, 0]
						},
						"1.0333": [-35.53512, -24.39375, -13.65478],
						"1.1667": [-10.13685, -1.53119, -1.58329],
						"1.3333": [0, 0, 0]
					},
					"position": {
						"0.0": [0, 0, 0],
						"0.9": {
							"pre": [0, 0, 0],
							"post": [0, -16.12, 2.26]
						},
						"1.0333": [2.42, -8.24, -2.9],
						"1.1667": [0.295, -3.495, -0.89],
						"1.2333": [0.17, -3.395, -0.465],
						"1.3333": [0, -3.325, 0],
						"1.3667": [0, 0, 0]
					}
				},
				"mag_and_bullet": {
					"rotation": {
						"0.3667": [0, 0, 0],
						"0.5": [-12.5, -5, -143.94],
						"0.6667": [6.71216, -0.48552, -228.01498],
						"0.7667": [0, 0, -275.24],
						"0.9": {
							"pre": [0, 0, 2.26],
							"post": [0, 0, 0]
						}
					},
					"position": {
						"0.3": [0, 0, 0],
						"0.3667": [0.05, -0.83, -0.01],
						"0.5": [4.20825, -10.97516, -5.06901],
						"0.5667": [7.55006, -14.96268, -5.96782],
						"0.6333": [8.77993, -21.77805, -6.21685],
						"0.8333": [6.96066, -62.13778, -0.01632],
						"0.9": {
							"pre": [0, -58.38, -0.5],
							"post": [0, 0, 0]
						}
					}
				},
				"mag_release": {
					"position": {
						"0.2667": [0, 0, 0],
						"0.3": [0.13125, 0, 0],
						"0.6": [0.13125, 0, 0],
						"0.6667": [0, 0, 0],
						"1.3333": [0, 0, 0],
						"1.3667": [0.13125, 0, 0],
						"1.4333": [0.13125, 0, 0],
						"1.4667": [0, 0, 0]
					}
				},
				"camera": {
					"rotation": {
						"0.0": {
							"post": [0, 0, 0],
							"lerp_mode": "catmullrom"
						},
						"0.2333": {
							"post": [1.7, 0.425, 0],
							"lerp_mode": "catmullrom"
						},
						"0.3333": {
							"post": [1.445, -0.14, -2.145],
							"lerp_mode": "catmullrom"
						},
						"0.4333": {
							"post": [-1.075, -0.975, -0.975],
							"lerp_mode": "catmullrom"
						},
						"0.5667": {
							"post": [-0.76, -0.91, -1.85],
							"lerp_mode": "catmullrom"
						},
						"0.6667": {
							"post": [0.6, -0.575, -1.225],
							"lerp_mode": "catmullrom"
						},
						"0.8667": {
							"post": [1.2, 0.12, -0.975],
							"lerp_mode": "catmullrom"
						},
						"1.0333": {
							"post": [1.555, 0.275, -0.275],
							"lerp_mode": "catmullrom"
						},
						"1.3333": {
							"post": [1.46, -0.08, -0.56],
							"lerp_mode": "catmullrom"
						},
						"1.4": {
							"post": [2.235, -0.145, 0.575],
							"lerp_mode": "catmullrom"
						},
						"1.5": {
							"post": [1.41, -0.16, -1.285],
							"lerp_mode": "catmullrom"
						},
						"1.6333": {
							"post": [1.435, -0.17, 0.28],
							"lerp_mode": "catmullrom"
						},
						"1.7667": {
							"post": [0.815, -0.18, 0.11],
							"lerp_mode": "catmullrom"
						},
						"1.9": {
							"post": [-0.325, 0, -0.225],
							"lerp_mode": "catmullrom"
						},
						"1.9667": {
							"post": [0.12, 0.01, 0.33],
							"lerp_mode": "catmullrom"
						},
						"2.0667": {
							"post": [-0.125, 0, -0.175],
							"lerp_mode": "catmullrom"
						},
						"2.1667": {
							"post": [0.06, 0, 0.05],
							"lerp_mode": "catmullrom"
						},
						"2.3": {
							"post": [0, 0, 0],
							"lerp_mode": "catmullrom"
						}
					}
				}
			},
			"sound_effects": {
				"0.1333": {
					"effect": "p01_ar_mike16_reload_empty_fast_rattle"
				},
				"0.3": {
					"effect": "p01_ar_mike16_reload_fast_magout"
				},
				"0.9333": {
					"effect": "iw8_phys_mag_drop_ar_poly_dirt_02"
				},
				"1.0": {
					"effect": "p01_ar_mike16_reload_empty_fast_end"
				},
				"1.1333": {
					"effect": "p01_ar_mike16_reload_magin"
				}
			}
		},
		"inspect": {
			"animation_length": 6.1667,
			"bones": {
				"root": {
					"rotation": {
						"0.0": {
							"post": [0, 0, 0],
							"lerp_mode": "catmullrom"
						},
						"0.1667": {
							"post": [-16.47921, -9.81655, -15.02475],
							"lerp_mode": "catmullrom"
						},
						"0.2667": {
							"post": [-18.40736, -26.44069, -37.68703],
							"lerp_mode": "catmullrom"
						},
						"0.4": {
							"post": [-15.96715, -36.09364, -52.92512],
							"lerp_mode": "catmullrom"
						},
						"0.5333": {
							"post": [-17.36928, -38.19063, -51.80192],
							"lerp_mode": "catmullrom"
						},
						"0.7": {
							"post": [-16.11701, -39.38218, -53.47447],
							"lerp_mode": "catmullrom"
						},
						"1.0333": {
							"post": [-18.99466, -38.25032, -48.88535],
							"lerp_mode": "catmullrom"
						},
						"1.2333": {
							"post": [-22.69787, -19.70601, -35.21184],
							"lerp_mode": "catmullrom"
						},
						"1.4": {
							"post": [-23.17927, -17.49128, -30.20424],
							"lerp_mode": "catmullrom"
						},
						"1.4667": {
							"post": [-24.06, -14.85125, -31.8525],
							"lerp_mode": "catmullrom"
						},
						"1.5333": {
							"post": [-24.12927, -13.96628, -27.46674],
							"lerp_mode": "catmullrom"
						},
						"1.6667": {
							"post": [-24.13, -14.02, -29.91],
							"lerp_mode": "catmullrom"
						},
						"2.9333": {
							"post": [-24.43904, -13.77489, -27.70404],
							"lerp_mode": "catmullrom"
						},
						"3.0333": {
							"post": [-24.13, -14.92, -29.84],
							"lerp_mode": "catmullrom"
						},
						"3.1": {
							"post": [-24.12927, -13.78503, -28.05424],
							"lerp_mode": "catmullrom"
						},
						"3.2333": {
							"post": [-24.19, -14.28, -27.61875],
							"lerp_mode": "catmullrom"
						},
						"3.4": {
							"post": [-24.22, -13.8475, -27.5575],
							"lerp_mode": "catmullrom"
						},
						"3.4667": {
							"post": [-24.29, -17.34625, -31.2525],
							"lerp_mode": "catmullrom"
						},
						"3.5333": {
							"post": [-23.85154, -12.50636, -26.39656],
							"lerp_mode": "catmullrom"
						},
						"3.6333": {
							"post": [-20.81, -13.10125, -27.02625],
							"lerp_mode": "catmullrom"
						},
						"3.7333": {
							"post": [-20.58, -5.66, -11.65],
							"lerp_mode": "catmullrom"
						},
						"3.9333": {
							"post": [-27.50449, 20.26323, 35.23224],
							"lerp_mode": "catmullrom"
						},
						"4.0667": {
							"post": [-29.845, 29.5325, 56.5125],
							"lerp_mode": "catmullrom"
						},
						"4.2333": {
							"post": [-30.9525, 30.24, 56.56375],
							"lerp_mode": "catmullrom"
						},
						"5.0": {
							"post": [-29.225, 29.555, 55.63],
							"lerp_mode": "catmullrom"
						},
						"5.0333": {
							"post": [-32.11369, 26.47641, 50.45753],
							"lerp_mode": "catmullrom"
						},
						"5.0667": {
							"post": [-29.9871, 29.19678, 56.23653],
							"lerp_mode": "catmullrom"
						},
						"5.1333": {
							"post": [-31.2741, 26.7239, 50.30799],
							"lerp_mode": "catmullrom"
						},
						"5.2": {
							"post": [-25.24, 23.75, 47.38],
							"lerp_mode": "catmullrom"
						},
						"5.4": {
							"post": [-9.2, 3.79, 12.45],
							"lerp_mode": "catmullrom"
						},
						"5.4667": {
							"post": [-5.15505, -0.93208, 3.01761],
							"lerp_mode": "catmullrom"
						},
						"5.6": {
							"post": [-3.63, 2.24125, -3.92],
							"lerp_mode": "catmullrom"
						},
						"5.7": {
							"post": [-0.79712, 1.52875, -1.1995],
							"lerp_mode": "catmullrom"
						},
						"5.7667": {
							"post": [0.595, 0.64, 2.28],
							"lerp_mode": "catmullrom"
						},
						"5.8": {
							"post": [0.835, 0.19, -0.9525],
							"lerp_mode": "catmullrom"
						},
						"5.9": {
							"post": [0, 0, 0.73125],
							"lerp_mode": "catmullrom"
						},
						"6.0333": {
							"post": [0, 0, 0],
							"lerp_mode": "catmullrom"
						}
					},
					"position": {
						"0.0": {
							"post": [0, 0, 0],
							"lerp_mode": "catmullrom"
						},
						"0.1": {
							"post": [-0.13, -0.34125, -0.285],
							"lerp_mode": "catmullrom"
						},
						"0.2333": {
							"post": [-0.315, 0.6675, -0.6875],
							"lerp_mode": "catmullrom"
						},
						"0.3667": {
							"post": [-0.6, -0.04375, -0.75625],
							"lerp_mode": "catmullrom"
						},
						"0.5": {
							"post": [-0.6, 0.38125, -0.97],
							"lerp_mode": "catmullrom"
						},
						"0.7333": {
							"post": [-0.7, 0.33, -0.965],
							"lerp_mode": "catmullrom"
						},
						"1.0": {
							"post": [-0.725, 0.33, -0.965],
							"lerp_mode": "catmullrom"
						},
						"1.2": {
							"post": [-0.68, -0.245, -0.79],
							"lerp_mode": "catmullrom"
						},
						"1.3667": {
							"post": [-0.59, -0.01, -0.19],
							"lerp_mode": "catmullrom"
						},
						"1.4333": {
							"post": [-0.475, -0.36, -0.19],
							"lerp_mode": "catmullrom"
						},
						"1.5": {
							"post": [-0.61, -0.34, -0.2],
							"lerp_mode": "catmullrom"
						},
						"1.7333": {
							"post": [-0.69375, -0.14, -0.21],
							"lerp_mode": "catmullrom"
						},
						"2.0333": {
							"post": [-0.74, -0.1, -0.2],
							"lerp_mode": "catmullrom"
						},
						"2.9333": {
							"post": [-0.65, -0.735, -0.4],
							"lerp_mode": "catmullrom"
						},
						"3.1333": {
							"post": [-0.73, -0.185, -0.2],
							"lerp_mode": "catmullrom"
						},
						"3.4": {
							"post": [-0.91, -0.1, -0.19],
							"lerp_mode": "catmullrom"
						},
						"3.4333": {
							"post": [-0.91, -0.75, -0.19],
							"lerp_mode": "catmullrom"
						},
						"3.5": {
							"post": [-0.92, -0.88, -0.17],
							"lerp_mode": "catmullrom"
						},
						"3.6333": {
							"post": [-0.91, -0.8, -0.19],
							"lerp_mode": "catmullrom"
						},
						"3.8333": {
							"post": [-0.61, -1.28, -0.69],
							"lerp_mode": "catmullrom"
						},
						"4.0": {
							"post": [-0.31, 0.9375, -1.19],
							"lerp_mode": "catmullrom"
						},
						"4.1": {
							"post": [-0.19, 1.37, -1.22],
							"lerp_mode": "catmullrom"
						},
						"4.2": {
							"post": [-0.11, 1.3, -1.19],
							"lerp_mode": "catmullrom"
						},
						"5.0": {
							"post": [-0.06, 1.51, -1.43],
							"lerp_mode": "catmullrom"
						},
						"5.0333": {
							"post": [-0.06, 1.54125, -1.58],
							"lerp_mode": "catmullrom"
						},
						"5.0667": {
							"post": [-0.06, 1.37875, -1.705],
							"lerp_mode": "catmullrom"
						},
						"5.1667": {
							"post": [-0.06, 1.13, -1.42875],
							"lerp_mode": "catmullrom"
						},
						"5.4667": {
							"post": [-0.07, -1.21, -1.71],
							"lerp_mode": "catmullrom"
						},
						"5.6333": {
							"post": [0, -0.5, -1.75],
							"lerp_mode": "catmullrom"
						},
						"5.7667": {
							"post": [0, 0, 0.5],
							"lerp_mode": "catmullrom"
						},
						"5.8667": {
							"post": [0, 0, -0.10625],
							"lerp_mode": "catmullrom"
						},
						"6.0": {
							"post": [0, 0, 0.025],
							"lerp_mode": "catmullrom"
						},
						"6.1333": {
							"post": [0, 0, 0],
							"lerp_mode": "catmullrom"
						}
					}
				},
				"mag_and_lefthand": {
					"rotation": {
						"1.4": [0, 0, 0],
						"1.4667": [0, 0, 0],
						"1.7": {
							"pre": [-16.31807, -6.39323, 24.5888],
							"post": [-16.31807, -6.39323, 24.5888],
							"lerp_mode": "catmullrom"
						},
						"1.8333": {
							"post": [-18.23927, -7.11526, 29.32601],
							"lerp_mode": "catmullrom"
						},
						"2.7667": {
							"post": [-18.23927, -7.11526, 29.32601],
							"lerp_mode": "catmullrom"
						},
						"2.9667": {
							"post": [-3.04117, -7.51575, 2.45303],
							"lerp_mode": "catmullrom"
						},
						"3.0667": [-1.99907, -0.06106, -1.74893],
						"3.1667": [-2, 0, 0],
						"3.2333": [0, 0, 0],
						"3.3667": [0, 0, 0],
						"3.4667": [0, 0, 0]
					},
					"position": {
						"1.4": [0, 0, 0],
						"1.4667": [0, -3, 0],
						"1.5667": {
							"pre": [1.98, -7.145, -0.02],
							"post": [1.98, -7.145, -0.02],
							"lerp_mode": "catmullrom"
						},
						"1.7": {
							"post": [3.65575, -4.57278, 0.30502],
							"lerp_mode": "catmullrom"
						},
						"1.8333": {
							"post": [4.37382, -3.82136, 0.47888],
							"lerp_mode": "catmullrom"
						},
						"2.7667": {
							"post": [4.37382, -3.82136, 0.47888],
							"lerp_mode": "catmullrom"
						},
						"2.9667": [1.26414, -4.27124, 0.12997],
						"3.0667": [0, -4.425, -0.225],
						"3.1667": [0, -3.7, -0.225],
						"3.2333": [0, -3, 0],
						"3.3667": [0, -3, 0],
						"3.4667": [0, 0, 0]
					}
				},
				"bullet": {
					"scale": 0
				},
				"lefthand": {
					"rotation": {
						"0.0": [99.10245, -28.39169, -137.40361],
						"0.0667": [125.30509, -38.28542, -211.01416],
						"0.2": [139.42303, -45.8578, -221.30543],
						"1.2": [121.50986, -18.03004, -196.84229],
						"1.3": [112.61194, -11.13329, -182.12726],
						"3.7": [112.61194, -11.13329, -182.12726],
						"3.9667": [119.17409, -0.96827, -257.06444],
						"4.2667": [119.17409, -0.96827, -257.06444],
						"5.0333": {
							"pre": [119.17409, -0.96827, -257.06444],
							"post": [119.17409, -0.96827, -257.06444],
							"lerp_mode": "catmullrom"
						},
						"5.1333": {
							"post": [124.11777, -4.72958, -284.99142],
							"lerp_mode": "catmullrom"
						},
						"5.3": [119.17409, -0.96827, -257.06444],
						"5.4333": [101.85565, -31.6009, -145.88105],
						"5.5333": [99.10245, -28.39169, -137.40361]
					},
					"position": {
						"0.0": [8.025, -11.85, -4.95],
						"0.0667": [10.5, -14.36, -2.685],
						"0.1333": [12.22251, -16.43964, 3.93451],
						"0.2": [12.79981, -22.00224, 7.10336],
						"0.3667": [4.79865, -22.54859, 12.29824],
						"1.0333": [6.82365, -22.54859, 12.29824],
						"1.1333": [8.145, -18.6, 6.56],
						"1.2": [7.315, -15.96, 2.74],
						"1.3": [7.0025, -15.24, 3.46125],
						"3.7": [7.0025, -15.24, 3.46125],
						"3.8333": [9.28495, -12.60594, 6.46817],
						"3.9667": [8.7075, -7.845, 10.18625],
						"4.2667": [8.7075, -7.845, 10.18625],
						"5.0333": {
							"pre": [8.7075, -7.845, 10.18625],
							"post": [8.7075, -7.845, 10.18625],
							"lerp_mode": "catmullrom"
						},
						"5.1333": {
							"post": [8.7075, -7.845, 10.18625],
							"lerp_mode": "catmullrom"
						},
						"5.3": [11.96372, -9.47086, 14.03675],
						"5.4333": [8.9575, -12.46, -1.01375],
						"5.5333": [8.025, -11.85, -4.95]
					},
					"scale": [1, 1.5, 1]
				},
				"gun_and_righthand": {
					"rotation": {
						"1.4667": {
							"pre": [0, 0, 0],
							"post": [0, 0, 0],
							"lerp_mode": "catmullrom"
						},
						"1.5333": {
							"post": [-1.00009, 0.74989, 0.41191],
							"lerp_mode": "catmullrom"
						},
						"1.6667": {
							"post": [1.00009, 0.74989, -0.05691],
							"lerp_mode": "catmullrom"
						},
						"2.1": {
							"post": [0, 0, -0.32],
							"lerp_mode": "catmullrom"
						},
						"2.7667": {
							"post": [0, 0, -0.32],
							"lerp_mode": "catmullrom"
						},
						"3.0": {
							"post": [0, 0, -0.32],
							"lerp_mode": "catmullrom"
						},
						"3.2": {
							"post": [0, 0, 0],
							"lerp_mode": "catmullrom"
						}
					},
					"position": {
						"1.4667": {
							"pre": [0, 0, 0],
							"post": [0, 0, 0],
							"lerp_mode": "catmullrom"
						},
						"1.5667": {
							"post": [-0.125, 0.2, 0],
							"lerp_mode": "catmullrom"
						},
						"1.7667": {
							"post": [-0.175, -0.025, 0],
							"lerp_mode": "catmullrom"
						},
						"2.6333": {
							"post": [-0.1, -0.08, 0],
							"lerp_mode": "catmullrom"
						},
						"2.9333": {
							"post": [-0.1, 0.02, 0],
							"lerp_mode": "catmullrom"
						},
						"3.1333": {
							"post": [0, 0, 0],
							"lerp_mode": "catmullrom"
						}
					}
				},
				"mag_release": {
					"position": {
						"1.2667": [0, 0, 0],
						"1.3333": [0.125, 0, 0],
						"1.6": [0.125, 0, 0],
						"1.6667": [0, 0, 0],
						"3.4": [0, 0, 0],
						"3.4667": [0.125, 0, 0],
						"3.5667": [0.125, 0, 0],
						"3.6333": [0, 0, 0]
					}
				},
				"pull2": {
					"position": {
						"4.2667": [0, 0, 0],
						"4.4": [0, 0, 3],
						"4.5": [0, 0, 3.1],
						"4.6667": [0, 0, 2.945],
						"4.8667": [0, 0, 2.88],
						"5.0": [0, 0, 3],
						"5.0333": [0, 0, 0]
					}
				},
				"righthand": {
					"rotation": [92.4939, 3.99619, -180.17476],
					"position": [-6.9, -14.125, 8.425],
					"scale": [1, 1.5, 1]
				},
				"camera": {
					"rotation": {
						"0.0": {
							"post": [0, 0, 0],
							"lerp_mode": "catmullrom"
						},
						"0.1333": {
							"post": [0.42, 0.12, -0.16],
							"lerp_mode": "catmullrom"
						},
						"0.3": {
							"post": [2, 0.275, -0.375],
							"lerp_mode": "catmullrom"
						},
						"0.4333": {
							"post": [2.7, 0.33, -0.2],
							"lerp_mode": "catmullrom"
						},
						"0.5667": {
							"post": [2.345, 0.37, -0.695],
							"lerp_mode": "catmullrom"
						},
						"0.7333": {
							"post": [2.23, 0.4, -0.575],
							"lerp_mode": "catmullrom"
						},
						"1.0667": {
							"post": [2.4, 0.49, -0.79],
							"lerp_mode": "catmullrom"
						},
						"1.4": {
							"post": [2.16, 0.35, -0.925],
							"lerp_mode": "catmullrom"
						},
						"1.5": {
							"post": [3.415, -0.27, -0.125],
							"lerp_mode": "catmullrom"
						},
						"1.6": {
							"post": [3.375, -1.03, -1.25],
							"lerp_mode": "catmullrom"
						},
						"1.7333": {
							"post": [3.66, -1.75, -0.625],
							"lerp_mode": "catmullrom"
						},
						"2.1333": {
							"post": [3.65, -1.88, -0.3],
							"lerp_mode": "catmullrom"
						},
						"2.3667": {
							"post": [3.61, 0.26, -0.15],
							"lerp_mode": "catmullrom"
						},
						"2.4667": {
							"post": [3.62, 0.73, -0.1],
							"lerp_mode": "catmullrom"
						},
						"2.5333": {
							"post": [3.795, 0.82, 0.08],
							"lerp_mode": "catmullrom"
						},
						"2.6333": {
							"post": [3.445, 0.85, -0.17],
							"lerp_mode": "catmullrom"
						},
						"2.7333": {
							"post": [3.565, 0.86, 0.09],
							"lerp_mode": "catmullrom"
						},
						"2.8": {
							"post": [3.925, 0.86, -0.195],
							"lerp_mode": "catmullrom"
						},
						"2.8667": {
							"post": [3.805, 0.84, -0.04],
							"lerp_mode": "catmullrom"
						},
						"2.9667": {
							"post": [4.255, 0.79, -0.335],
							"lerp_mode": "catmullrom"
						},
						"3.0667": {
							"post": [4.24, 0.775, -0.32],
							"lerp_mode": "catmullrom"
						},
						"3.1333": {
							"post": [4.545, 0.985, -0.365],
							"lerp_mode": "catmullrom"
						},
						"3.2": {
							"post": [4.56, 1.125, -0.55],
							"lerp_mode": "catmullrom"
						},
						"3.4": {
							"post": [4.73, 1.13, -0.76],
							"lerp_mode": "catmullrom"
						},
						"3.4667": {
							"post": [5.465, 1.12, -0.255],
							"lerp_mode": "catmullrom"
						},
						"3.5": {
							"post": [5.53, 1.135, -0.39],
							"lerp_mode": "catmullrom"
						},
						"3.5667": {
							"post": [4.565, 1.1, -1.505],
							"lerp_mode": "catmullrom"
						},
						"3.7": {
							"post": [4.71, 1.275, -0.525],
							"lerp_mode": "catmullrom"
						},
						"3.8333": {
							"post": [4.16, 1.68, -0.51],
							"lerp_mode": "catmullrom"
						},
						"4.1667": {
							"post": [3.265, 2.9, 0.575],
							"lerp_mode": "catmullrom"
						},
						"4.2667": {
							"post": [3.3, 2.96, 0.66],
							"lerp_mode": "catmullrom"
						},
						"4.3667": {
							"post": [3.37, 2.97, 1.205],
							"lerp_mode": "catmullrom"
						},
						"4.4667": {
							"post": [4.16, 2.96, 0.27],
							"lerp_mode": "catmullrom"
						},
						"4.8": {
							"post": [3.66, 2.96, 0.82],
							"lerp_mode": "catmullrom"
						},
						"5.0": {
							"post": [3.535, 2.85, 0.975],
							"lerp_mode": "catmullrom"
						},
						"5.0667": {
							"post": [4.09, 2.75, 1.895],
							"lerp_mode": "catmullrom"
						},
						"5.1667": {
							"post": [2.74, 2.27, 0.1],
							"lerp_mode": "catmullrom"
						},
						"5.3667": {
							"post": [2.405, 0.185, 1.37],
							"lerp_mode": "catmullrom"
						},
						"5.6": {
							"post": [-0.33, -0.04, 0.51],
							"lerp_mode": "catmullrom"
						},
						"5.8": {
							"post": [-0.125, 0, -0.275],
							"lerp_mode": "catmullrom"
						},
						"5.9": {
							"post": [0.44, 0.04, 0.25],
							"lerp_mode": "catmullrom"
						},
						"6.0333": {
							"post": [-0.065, 0.02, -0.095],
							"lerp_mode": "catmullrom"
						},
						"6.1667": {
							"post": [0, 0, 0],
							"lerp_mode": "catmullrom"
						}
					}
				}
			},
			"sound_effects": {
				"0.1": {
					"effect": "p01_ar_mike4_inspect_lift"
				},
				"1.4": {
					"effect": "p01_ar_mike4_reload_magout"
				},
				"2.4333": {
					"effect": "p06_ar_falpha_inspect_maghit1"
				},
				"2.7": {
					"effect": "p06_ar_falpha_inspect_maghit2"
				},
				"3.1667": {
					"effect": "p01_ar_mike4_inspect_maghit"
				},
				"3.3667": {
					"effect": "p01_ar_mike4_inspect_magin"
				},
				"3.9333": {
					"effect": "p01_ar_mike4_inspect_boltpull"
				},
				"4.9333": {
					"effect": "p01_ar_mike4_inspect_end"
				},
				"4.9667": {
					"effect": "p01_ar_mike4_inspect_boltclose"
				},
				"5.2667": {
					"effect": "p01_ar_mike4_hybrid01_off_arm"
				}
			}
		},
		"inspect_empty": {
			"animation_length": 6.1667,
			"bones": {
				"root": {
					"rotation": {
						"0.0": {
							"post": [0, 0, 0],
							"lerp_mode": "catmullrom"
						},
						"0.1667": {
							"post": [-16.47921, -9.81655, -15.02475],
							"lerp_mode": "catmullrom"
						},
						"0.2667": {
							"post": [-18.40736, -26.44069, -37.68703],
							"lerp_mode": "catmullrom"
						},
						"0.4": {
							"post": [-15.96715, -36.09364, -52.92512],
							"lerp_mode": "catmullrom"
						},
						"0.5333": {
							"post": [-17.36928, -38.19063, -51.80192],
							"lerp_mode": "catmullrom"
						},
						"0.7": {
							"post": [-16.11701, -39.38218, -53.47447],
							"lerp_mode": "catmullrom"
						},
						"1.0333": {
							"post": [-18.99466, -38.25032, -48.88535],
							"lerp_mode": "catmullrom"
						},
						"1.2333": {
							"post": [-22.69787, -19.70601, -35.21184],
							"lerp_mode": "catmullrom"
						},
						"1.4": {
							"post": [-23.17927, -17.49128, -30.20424],
							"lerp_mode": "catmullrom"
						},
						"1.4667": {
							"post": [-24.06, -14.85125, -31.8525],
							"lerp_mode": "catmullrom"
						},
						"1.5333": {
							"post": [-24.12927, -13.96628, -27.46674],
							"lerp_mode": "catmullrom"
						},
						"1.6667": {
							"post": [-24.13, -14.02, -29.91],
							"lerp_mode": "catmullrom"
						},
						"2.9333": {
							"post": [-24.43904, -13.77489, -27.70404],
							"lerp_mode": "catmullrom"
						},
						"3.0333": {
							"post": [-24.13, -14.92, -29.84],
							"lerp_mode": "catmullrom"
						},
						"3.1": {
							"post": [-24.12927, -13.78503, -28.05424],
							"lerp_mode": "catmullrom"
						},
						"3.2333": {
							"post": [-24.19, -14.28, -27.61875],
							"lerp_mode": "catmullrom"
						},
						"3.4": {
							"post": [-24.22, -13.8475, -27.5575],
							"lerp_mode": "catmullrom"
						},
						"3.4667": {
							"post": [-24.29, -17.34625, -31.2525],
							"lerp_mode": "catmullrom"
						},
						"3.5333": {
							"post": [-23.85154, -12.50636, -26.39656],
							"lerp_mode": "catmullrom"
						},
						"3.6333": {
							"post": [-20.81, -13.10125, -27.02625],
							"lerp_mode": "catmullrom"
						},
						"3.7333": {
							"post": [-20.58, -5.66, -11.65],
							"lerp_mode": "catmullrom"
						},
						"3.9333": {
							"post": [-27.50449, 20.26323, 35.23224],
							"lerp_mode": "catmullrom"
						},
						"4.0667": {
							"post": [-29.845, 29.5325, 56.5125],
							"lerp_mode": "catmullrom"
						},
						"4.2333": {
							"post": [-30.9525, 30.24, 56.56375],
							"lerp_mode": "catmullrom"
						},
						"5.0": {
							"post": [-29.225, 29.555, 55.63],
							"lerp_mode": "catmullrom"
						},
						"5.0333": {
							"post": [-32.11369, 26.47641, 50.45753],
							"lerp_mode": "catmullrom"
						},
						"5.0667": {
							"post": [-29.9871, 29.19678, 56.23653],
							"lerp_mode": "catmullrom"
						},
						"5.1333": {
							"post": [-31.2741, 26.7239, 50.30799],
							"lerp_mode": "catmullrom"
						},
						"5.2": {
							"post": [-25.24, 23.75, 47.38],
							"lerp_mode": "catmullrom"
						},
						"5.4": {
							"post": [-9.2, 3.79, 12.45],
							"lerp_mode": "catmullrom"
						},
						"5.4667": {
							"post": [-5.15505, -0.93208, 3.01761],
							"lerp_mode": "catmullrom"
						},
						"5.6": {
							"post": [-3.63, 2.24125, -3.92],
							"lerp_mode": "catmullrom"
						},
						"5.7": {
							"post": [-0.79712, 1.52875, -1.1995],
							"lerp_mode": "catmullrom"
						},
						"5.7667": {
							"post": [0.595, 0.64, 2.28],
							"lerp_mode": "catmullrom"
						},
						"5.8": {
							"post": [0.835, 0.19, -0.9525],
							"lerp_mode": "catmullrom"
						},
						"5.9": {
							"post": [0, 0, 0.73125],
							"lerp_mode": "catmullrom"
						},
						"6.0333": {
							"post": [0, 0, 0],
							"lerp_mode": "catmullrom"
						}
					},
					"position": {
						"0.0": {
							"post": [0, 0, 0],
							"lerp_mode": "catmullrom"
						},
						"0.1": {
							"post": [-0.13, -0.34125, -0.285],
							"lerp_mode": "catmullrom"
						},
						"0.2333": {
							"post": [-0.315, 0.6675, -0.6875],
							"lerp_mode": "catmullrom"
						},
						"0.3667": {
							"post": [-0.6, -0.04375, -0.75625],
							"lerp_mode": "catmullrom"
						},
						"0.5": {
							"post": [-0.6, 0.38125, -0.97],
							"lerp_mode": "catmullrom"
						},
						"0.7333": {
							"post": [-0.7, 0.33, -0.965],
							"lerp_mode": "catmullrom"
						},
						"1.0": {
							"post": [-0.725, 0.33, -0.965],
							"lerp_mode": "catmullrom"
						},
						"1.2": {
							"post": [-0.68, -0.245, -0.79],
							"lerp_mode": "catmullrom"
						},
						"1.3667": {
							"post": [-0.59, -0.01, -0.19],
							"lerp_mode": "catmullrom"
						},
						"1.4333": {
							"post": [-0.475, -0.36, -0.19],
							"lerp_mode": "catmullrom"
						},
						"1.5": {
							"post": [-0.61, -0.34, -0.2],
							"lerp_mode": "catmullrom"
						},
						"1.7333": {
							"post": [-0.69375, -0.14, -0.21],
							"lerp_mode": "catmullrom"
						},
						"2.0333": {
							"post": [-0.74, -0.1, -0.2],
							"lerp_mode": "catmullrom"
						},
						"2.9333": {
							"post": [-0.65, -0.735, -0.4],
							"lerp_mode": "catmullrom"
						},
						"3.1333": {
							"post": [-0.73, -0.185, -0.2],
							"lerp_mode": "catmullrom"
						},
						"3.4": {
							"post": [-0.91, -0.1, -0.19],
							"lerp_mode": "catmullrom"
						},
						"3.4333": {
							"post": [-0.91, -0.75, -0.19],
							"lerp_mode": "catmullrom"
						},
						"3.5": {
							"post": [-0.92, -0.88, -0.17],
							"lerp_mode": "catmullrom"
						},
						"3.6333": {
							"post": [-0.91, -0.8, -0.19],
							"lerp_mode": "catmullrom"
						},
						"3.8333": {
							"post": [-0.61, -1.28, -0.69],
							"lerp_mode": "catmullrom"
						},
						"4.0": {
							"post": [-0.31, 0.9375, -1.19],
							"lerp_mode": "catmullrom"
						},
						"4.1": {
							"post": [-0.19, 1.37, -1.22],
							"lerp_mode": "catmullrom"
						},
						"4.2": {
							"post": [-0.11, 1.3, -1.19],
							"lerp_mode": "catmullrom"
						},
						"5.0": {
							"post": [-0.06, 1.51, -1.43],
							"lerp_mode": "catmullrom"
						},
						"5.0333": {
							"post": [-0.06, 1.54125, -1.58],
							"lerp_mode": "catmullrom"
						},
						"5.0667": {
							"post": [-0.06, 1.37875, -1.705],
							"lerp_mode": "catmullrom"
						},
						"5.1667": {
							"post": [-0.06, 1.13, -1.42875],
							"lerp_mode": "catmullrom"
						},
						"5.4667": {
							"post": [-0.07, -1.21, -1.71],
							"lerp_mode": "catmullrom"
						},
						"5.6333": {
							"post": [0, -0.5, -1.75],
							"lerp_mode": "catmullrom"
						},
						"5.7667": {
							"post": [0, 0, 0.5],
							"lerp_mode": "catmullrom"
						},
						"5.8667": {
							"post": [0, 0, -0.10625],
							"lerp_mode": "catmullrom"
						},
						"6.0": {
							"post": [0, 0, 0.025],
							"lerp_mode": "catmullrom"
						},
						"6.1333": {
							"post": [0, 0, 0],
							"lerp_mode": "catmullrom"
						}
					}
				},
				"mag_and_lefthand": {
					"rotation": {
						"1.4": [0, 0, 0],
						"1.4667": [0, 0, 0],
						"1.7": {
							"pre": [-16.31807, -6.39323, 24.5888],
							"post": [-16.31807, -6.39323, 24.5888],
							"lerp_mode": "catmullrom"
						},
						"1.8333": {
							"post": [-18.23927, -7.11526, 29.32601],
							"lerp_mode": "catmullrom"
						},
						"2.7667": {
							"post": [-18.23927, -7.11526, 29.32601],
							"lerp_mode": "catmullrom"
						},
						"2.9667": {
							"post": [-3.04117, -7.51575, 2.45303],
							"lerp_mode": "catmullrom"
						},
						"3.0667": [-1.99907, -0.06106, -1.74893],
						"3.1667": [-2, 0, 0],
						"3.2333": [0, 0, 0],
						"3.3667": [0, 0, 0],
						"3.4667": [0, 0, 0]
					},
					"position": {
						"1.4": [0, 0, 0],
						"1.4667": [0, -3, 0],
						"1.5667": {
							"pre": [1.98, -7.145, -0.02],
							"post": [1.98, -7.145, -0.02],
							"lerp_mode": "catmullrom"
						},
						"1.7": {
							"post": [3.65575, -4.57278, 0.30502],
							"lerp_mode": "catmullrom"
						},
						"1.8333": {
							"post": [4.37382, -3.82136, 0.47888],
							"lerp_mode": "catmullrom"
						},
						"2.7667": {
							"post": [4.37382, -3.82136, 0.47888],
							"lerp_mode": "catmullrom"
						},
						"2.9667": [1.26414, -4.27124, 0.12997],
						"3.0667": [0, -4.425, -0.225],
						"3.1667": [0, -3.7, -0.225],
						"3.2333": [0, -3, 0],
						"3.3667": [0, -3, 0],
						"3.4667": [0, 0, 0]
					}
				},
				"bullet": {
					"scale": 0
				},
				"lefthand": {
					"rotation": {
						"0.0": [99.10245, -28.39169, -137.40361],
						"0.0667": [125.30509, -38.28542, -211.01416],
						"0.2": [139.42303, -45.8578, -221.30543],
						"1.2": [121.50986, -18.03004, -196.84229],
						"1.3": [112.61194, -11.13329, -182.12726],
						"3.7": [112.61194, -11.13329, -182.12726],
						"3.9667": [119.17409, -0.96827, -257.06444],
						"4.2667": [119.17409, -0.96827, -257.06444],
						"5.0333": {
							"pre": [119.17409, -0.96827, -257.06444],
							"post": [119.17409, -0.96827, -257.06444],
							"lerp_mode": "catmullrom"
						},
						"5.1333": {
							"post": [124.11777, -4.72958, -284.99142],
							"lerp_mode": "catmullrom"
						},
						"5.3": [119.17409, -0.96827, -257.06444],
						"5.4333": [101.85565, -31.6009, -145.88105],
						"5.5333": [99.10245, -28.39169, -137.40361]
					},
					"position": {
						"0.0": [8.025, -11.85, -4.95],
						"0.0667": [10.5, -14.36, -2.685],
						"0.1333": [12.22251, -16.43964, 3.93451],
						"0.2": [12.79981, -22.00224, 7.10336],
						"0.3667": [4.79865, -22.54859, 12.29824],
						"1.0333": [6.82365, -22.54859, 12.29824],
						"1.1333": [8.145, -18.6, 6.56],
						"1.2": [7.315, -15.96, 2.74],
						"1.3": [7.0025, -15.24, 3.46125],
						"3.7": [7.0025, -15.24, 3.46125],
						"3.8333": [9.28495, -12.60594, 6.46817],
						"3.9667": [8.7075, -7.845, 10.18625],
						"4.2667": [8.7075, -7.845, 10.18625],
						"5.0333": {
							"pre": [8.7075, -7.845, 10.18625],
							"post": [8.7075, -7.845, 10.18625],
							"lerp_mode": "catmullrom"
						},
						"5.1333": {
							"post": [8.7075, -7.845, 10.18625],
							"lerp_mode": "catmullrom"
						},
						"5.3": [11.96372, -9.47086, 14.03675],
						"5.4333": [8.9575, -12.46, -1.01375],
						"5.5333": [8.025, -11.85, -4.95]
					},
					"scale": [1, 1.5, 1]
				},
				"gun_and_righthand": {
					"rotation": {
						"1.4667": {
							"pre": [0, 0, 0],
							"post": [0, 0, 0],
							"lerp_mode": "catmullrom"
						},
						"1.5333": {
							"post": [-1.00009, 0.74989, 0.41191],
							"lerp_mode": "catmullrom"
						},
						"1.6667": {
							"post": [1.00009, 0.74989, -0.05691],
							"lerp_mode": "catmullrom"
						},
						"2.1": {
							"post": [0, 0, -0.32],
							"lerp_mode": "catmullrom"
						},
						"2.7667": {
							"post": [0, 0, -0.32],
							"lerp_mode": "catmullrom"
						},
						"3.0": {
							"post": [0, 0, -0.32],
							"lerp_mode": "catmullrom"
						},
						"3.2": {
							"post": [0, 0, 0],
							"lerp_mode": "catmullrom"
						}
					},
					"position": {
						"1.4667": {
							"pre": [0, 0, 0],
							"post": [0, 0, 0],
							"lerp_mode": "catmullrom"
						},
						"1.5667": {
							"post": [-0.125, 0.2, 0],
							"lerp_mode": "catmullrom"
						},
						"1.7667": {
							"post": [-0.175, -0.025, 0],
							"lerp_mode": "catmullrom"
						},
						"2.6333": {
							"post": [-0.1, -0.08, 0],
							"lerp_mode": "catmullrom"
						},
						"2.9333": {
							"post": [-0.1, 0.02, 0],
							"lerp_mode": "catmullrom"
						},
						"3.1333": {
							"post": [0, 0, 0],
							"lerp_mode": "catmullrom"
						}
					}
				},
				"mag_release": {
					"position": {
						"1.2667": [0, 0, 0],
						"1.3333": [0.125, 0, 0],
						"1.6": [0.125, 0, 0],
						"1.6667": [0, 0, 0],
						"3.4": [0, 0, 0],
						"3.4667": [0.125, 0, 0],
						"3.5667": [0.125, 0, 0],
						"3.6333": [0, 0, 0]
					}
				},
				"pull2": {
					"position": {
						"4.2667": [0, 0, 0],
						"4.4": [0, 0, 3],
						"4.5": [0, 0, 3.1],
						"4.6667": [0, 0, 2.945],
						"4.8667": [0, 0, 2.88],
						"5.0": [0, 0, 3],
						"5.0333": [0, 0, 0]
					}
				},
				"righthand": {
					"rotation": [92.4939, 3.99619, -180.17476],
					"position": [-6.9, -14.125, 8.425],
					"scale": [1, 1.5, 1]
				},
				"camera": {
					"rotation": {
						"0.0": {
							"post": [0, 0, 0],
							"lerp_mode": "catmullrom"
						},
						"0.1333": {
							"post": [0.42, 0.12, -0.16],
							"lerp_mode": "catmullrom"
						},
						"0.3": {
							"post": [2, 0.275, -0.375],
							"lerp_mode": "catmullrom"
						},
						"0.4333": {
							"post": [2.7, 0.33, -0.2],
							"lerp_mode": "catmullrom"
						},
						"0.5667": {
							"post": [2.345, 0.37, -0.695],
							"lerp_mode": "catmullrom"
						},
						"0.7333": {
							"post": [2.23, 0.4, -0.575],
							"lerp_mode": "catmullrom"
						},
						"1.0667": {
							"post": [2.4, 0.49, -0.79],
							"lerp_mode": "catmullrom"
						},
						"1.4": {
							"post": [2.16, 0.35, -0.925],
							"lerp_mode": "catmullrom"
						},
						"1.5": {
							"post": [3.415, -0.27, -0.125],
							"lerp_mode": "catmullrom"
						},
						"1.6": {
							"post": [3.375, -1.03, -1.25],
							"lerp_mode": "catmullrom"
						},
						"1.7333": {
							"post": [3.66, -1.75, -0.625],
							"lerp_mode": "catmullrom"
						},
						"2.1333": {
							"post": [3.65, -1.88, -0.3],
							"lerp_mode": "catmullrom"
						},
						"2.3667": {
							"post": [3.61, 0.26, -0.15],
							"lerp_mode": "catmullrom"
						},
						"2.4667": {
							"post": [3.62, 0.73, -0.1],
							"lerp_mode": "catmullrom"
						},
						"2.5333": {
							"post": [3.795, 0.82, 0.08],
							"lerp_mode": "catmullrom"
						},
						"2.6333": {
							"post": [3.445, 0.85, -0.17],
							"lerp_mode": "catmullrom"
						},
						"2.7333": {
							"post": [3.565, 0.86, 0.09],
							"lerp_mode": "catmullrom"
						},
						"2.8": {
							"post": [3.925, 0.86, -0.195],
							"lerp_mode": "catmullrom"
						},
						"2.8667": {
							"post": [3.805, 0.84, -0.04],
							"lerp_mode": "catmullrom"
						},
						"2.9667": {
							"post": [4.255, 0.79, -0.335],
							"lerp_mode": "catmullrom"
						},
						"3.0667": {
							"post": [4.24, 0.775, -0.32],
							"lerp_mode": "catmullrom"
						},
						"3.1333": {
							"post": [4.545, 0.985, -0.365],
							"lerp_mode": "catmullrom"
						},
						"3.2": {
							"post": [4.56, 1.125, -0.55],
							"lerp_mode": "catmullrom"
						},
						"3.4": {
							"post": [4.73, 1.13, -0.76],
							"lerp_mode": "catmullrom"
						},
						"3.4667": {
							"post": [5.465, 1.12, -0.255],
							"lerp_mode": "catmullrom"
						},
						"3.5": {
							"post": [5.53, 1.135, -0.39],
							"lerp_mode": "catmullrom"
						},
						"3.5667": {
							"post": [4.565, 1.1, -1.505],
							"lerp_mode": "catmullrom"
						},
						"3.7": {
							"post": [4.71, 1.275, -0.525],
							"lerp_mode": "catmullrom"
						},
						"3.8333": {
							"post": [4.16, 1.68, -0.51],
							"lerp_mode": "catmullrom"
						},
						"4.1667": {
							"post": [3.265, 2.9, 0.575],
							"lerp_mode": "catmullrom"
						},
						"4.2667": {
							"post": [3.3, 2.96, 0.66],
							"lerp_mode": "catmullrom"
						},
						"4.3667": {
							"post": [3.37, 2.97, 1.205],
							"lerp_mode": "catmullrom"
						},
						"4.4667": {
							"post": [4.16, 2.96, 0.27],
							"lerp_mode": "catmullrom"
						},
						"4.8": {
							"post": [3.66, 2.96, 0.82],
							"lerp_mode": "catmullrom"
						},
						"5.0": {
							"post": [3.535, 2.85, 0.975],
							"lerp_mode": "catmullrom"
						},
						"5.0667": {
							"post": [4.09, 2.75, 1.895],
							"lerp_mode": "catmullrom"
						},
						"5.1667": {
							"post": [2.74, 2.27, 0.1],
							"lerp_mode": "catmullrom"
						},
						"5.3667": {
							"post": [2.405, 0.185, 1.37],
							"lerp_mode": "catmullrom"
						},
						"5.6": {
							"post": [-0.33, -0.04, 0.51],
							"lerp_mode": "catmullrom"
						},
						"5.8": {
							"post": [-0.125, 0, -0.275],
							"lerp_mode": "catmullrom"
						},
						"5.9": {
							"post": [0.44, 0.04, 0.25],
							"lerp_mode": "catmullrom"
						},
						"6.0333": {
							"post": [-0.065, 0.02, -0.095],
							"lerp_mode": "catmullrom"
						},
						"6.1667": {
							"post": [0, 0, 0],
							"lerp_mode": "catmullrom"
						}
					}
				}
			},
			"sound_effects": {
				"0.1": {
					"effect": "p01_ar_mike4_inspect_lift"
				},
				"1.4": {
					"effect": "p01_ar_mike4_reload_magout"
				},
				"2.4333": {
					"effect": "p06_ar_falpha_inspect_maghit1"
				},
				"2.7": {
					"effect": "p06_ar_falpha_inspect_maghit2"
				},
				"3.1667": {
					"effect": "p01_ar_mike4_inspect_maghit"
				},
				"3.3667": {
					"effect": "p01_ar_mike4_inspect_magin"
				},
				"3.9333": {
					"effect": "p01_ar_mike4_inspect_boltpull"
				},
				"4.9333": {
					"effect": "p01_ar_mike4_inspect_end"
				},
				"4.9667": {
					"effect": "p01_ar_mike4_inspect_boltclose"
				},
				"5.2667": {
					"effect": "p01_ar_mike4_hybrid01_off_arm"
				}
			}
		},
		"shoot": {
			"animation_length": 0.6333,
			"bones": {
				"root": {
					"rotation": {
						"0.0": [0, 0, 0],
						"0.0333": [1.225, 0, 0.725],
						"0.0667": [-0.595, 0, -1.175],
						"0.1": [-0.72, 0, -1.225],
						"0.1667": [0.18, 0, 0.525],
						"0.2667": [0.45, 0, -0.25],
						"0.3667": [0.225, -0.2, 0.25],
						"0.5": [0.055, -0.075, -0.075],
						"0.6333": [0, 0, 0]
					},
					"position": {
						"0.0": [0, 0, 0],
						"0.0333": [0, -0.025, 1.725],
						"0.0667": [0, -0.05, 1.38],
						"0.1333": [0, -0.05, -0.045],
						"0.2667": [0, -0.025, 0.1],
						"0.3667": [0, 0, 0]
					}
				},
				"bolt": {
					"position": {
						"0.0": [0, 0, 0],
						"0.0333": [0, 0, 5],
						"0.0667": [0, 0, 0]
					}
				},
				"camera": {
					"rotation": {
						"0.0": {
							"post": [0, 0, 0],
							"lerp_mode": "catmullrom"
						},
						"0.0333": {
							"post": [0, 0, 0.6],
							"lerp_mode": "catmullrom"
						},
						"0.0667": {
							"post": [0, 0, -0.4],
							"lerp_mode": "catmullrom"
						},
						"0.1333": {
							"post": [0, 0, 0.325],
							"lerp_mode": "catmullrom"
						},
						"0.2": {
							"post": [0, 0, -0.225],
							"lerp_mode": "catmullrom"
						},
						"0.2667": {
							"post": [0, 0, 0],
							"lerp_mode": "catmullrom"
						},
						"0.3667": {
							"post": [0, 0, 0],
							"lerp_mode": "catmullrom"
						}
					}
				},
				"constraint": {
					"rotation": [0.1, 0.1, 0.1],
					"position": [0.1, 0.1, 0.1]
				}
			}
		},
		"over_heat": {
			"animation_length": 3.55,
			"bones": {
				"root": {
					"rotation": {
						"0.0": {
							"post": [0, 0, 0],
							"lerp_mode": "catmullrom"
						},
						"0.15": {
							"post": [-12.5, 0, 0],
							"lerp_mode": "catmullrom"
						},
						"0.25": {
							"post": [-11.27726, -1.27668, 1.22274],
							"lerp_mode": "catmullrom"
						},
						"0.35": {
							"post": [-12.10495, 0.5563, 0.40792],
							"lerp_mode": "catmullrom"
						},
						"0.55": {
							"post": [-10.43262, -0.11066, -0.42414],
							"lerp_mode": "catmullrom"
						},
						"1.0": {
							"post": [-8.47915, -3.5426, 7.57594],
							"lerp_mode": "catmullrom"
						},
						"1.35": {
							"post": [-7.46616, -3.71711, 6.47411],
							"lerp_mode": "catmullrom"
						},
						"1.9": {
							"post": [-7.93631, -3.17025, 5.43034],
							"lerp_mode": "catmullrom"
						},
						"2.25": {
							"post": [-8.41113, -1.56127, 3.69567],
							"lerp_mode": "catmullrom"
						},
						"2.65": {
							"post": [-5.24389, -1.98501, 4.70728],
							"lerp_mode": "catmullrom"
						},
						"2.95": {
							"post": [-13.36, -0.13, 2.725],
							"lerp_mode": "catmullrom"
						},
						"3.1": {
							"post": [-1.76804, 0.40298, -0.29141],
							"lerp_mode": "catmullrom"
						},
						"3.25": {
							"post": [0.15, 0.36, 1.105],
							"lerp_mode": "catmullrom"
						},
						"3.3": {
							"post": [0.63, 0.23, -0.38],
							"lerp_mode": "catmullrom"
						},
						"3.45": {
							"post": [0.375, 0, 0],
							"lerp_mode": "catmullrom"
						},
						"3.55": {
							"post": [0, 0, 0],
							"lerp_mode": "catmullrom"
						}
					},
					"position": {
						"0.0": {
							"post": [0, 0, 0],
							"lerp_mode": "catmullrom"
						},
						"0.15": {
							"post": [0, 0, 0],
							"lerp_mode": "catmullrom"
						},
						"0.3": {
							"post": [0, -0.3, 0.745],
							"lerp_mode": "catmullrom"
						},
						"0.45": {
							"post": [-0.225, -0.375, 0.475],
							"lerp_mode": "catmullrom"
						},
						"0.6": {
							"post": [-0.22, -0.35, 0.35],
							"lerp_mode": "catmullrom"
						},
						"1.2": {
							"post": [-0.13, -0.56, 0.22],
							"lerp_mode": "catmullrom"
						},
						"2.1": {
							"post": [-0.015, -0.59, 0.05],
							"lerp_mode": "catmullrom"
						},
						"2.45": {
							"post": [-0.04, -2.105, 0.01],
							"lerp_mode": "catmullrom"
						},
						"2.6": {
							"post": [-0.05, -2.07, -0.01],
							"lerp_mode": "catmullrom"
						},
						"2.65": {
							"post": [-0.06, -1.405, 0],
							"lerp_mode": "catmullrom"
						},
						"2.8": {
							"post": [-0.07, 0.16, 0.16],
							"lerp_mode": "catmullrom"
						},
						"2.95": {
							"post": [-0.09, 0.8, 0.28],
							"lerp_mode": "catmullrom"
						},
						"3.1": {
							"post": [-0.11, 0.54, 0.015],
							"lerp_mode": "catmullrom"
						},
						"3.15": {
							"post": [-0.11, 0.36, -0.03],
							"lerp_mode": "catmullrom"
						},
						"3.25": {
							"post": [-0.11, -0.34, -0.035],
							"lerp_mode": "catmullrom"
						},
						"3.45": {
							"post": [-0.05, -0.005, -0.02],
							"lerp_mode": "catmullrom"
						},
						"3.55": {
							"post": [0, 0, 0],
							"lerp_mode": "catmullrom"
						}
					}
				},
				"camera": {
					"rotation": {
						"0.15": {
							"pre": [0, 0, 0],
							"post": [0, 0, 0],
							"lerp_mode": "catmullrom"
						},
						"0.3": {
							"post": [-0.205, 0, 0.725],
							"lerp_mode": "catmullrom"
						},
						"0.4": {
							"post": [-0.11, -0.03, 0.095],
							"lerp_mode": "catmullrom"
						},
						"0.55": {
							"post": [0.355, -0.1, 0.475],
							"lerp_mode": "catmullrom"
						},
						"0.8": {
							"post": [3, -0.325, 0.675],
							"lerp_mode": "catmullrom"
						},
						"1.05": {
							"post": [3.61, -0.325, 0.725],
							"lerp_mode": "catmullrom"
						},
						"1.35": {
							"post": [2.95, -0.525, 1.05],
							"lerp_mode": "catmullrom"
						},
						"1.6": {
							"post": [2.195, -0.59, 1.06],
							"lerp_mode": "catmullrom"
						},
						"1.9": {
							"post": [2.58, -0.625, 1.025],
							"lerp_mode": "catmullrom"
						},
						"2.25": {
							"post": [2.59, -0.425, 1.025],
							"lerp_mode": "catmullrom"
						},
						"2.5": {
							"post": [3.51, -0.425, 0.875],
							"lerp_mode": "catmullrom"
						},
						"2.7": {
							"post": [2.68, -0.425, 0.625],
							"lerp_mode": "catmullrom"
						},
						"3.1": {
							"post": [-0.255, 0, 0],
							"lerp_mode": "catmullrom"
						},
						"3.25": {
							"post": [0.255, 0.02, 0.53],
							"lerp_mode": "catmullrom"
						},
						"3.4": {
							"post": [0, 0, -0.3],
							"lerp_mode": "catmullrom"
						},
						"3.55": {
							"post": [0, 0, 0],
							"lerp_mode": "catmullrom"
						}
					}
				}
			},
			"sound_effects": {
				"0.0": {
					"effect": "trisdyna:tris_hot1"
				}
			}
		}
	}
}